/*M!999999\- enable the sandbox mode */ 
-- MariaDB dump 10.19  Distrib 10.5.29-MariaDB, for Linux (x86_64)
--
-- Host: 127.0.0.1    Database: acasa_erp
-- ------------------------------------------------------
-- Server version	10.5.29-MariaDB-log

/*!40101 SET @OLD_CHARACTER_SET_CLIENT=@@CHARACTER_SET_CLIENT */;
/*!40101 SET @OLD_CHARACTER_SET_RESULTS=@@CHARACTER_SET_RESULTS */;
/*!40101 SET @OLD_COLLATION_CONNECTION=@@COLLATION_CONNECTION */;
/*!40101 SET NAMES utf8mb4 */;
/*!40103 SET @OLD_TIME_ZONE=@@TIME_ZONE */;
/*!40103 SET TIME_ZONE='+00:00' */;
/*!40014 SET @OLD_UNIQUE_CHECKS=@@UNIQUE_CHECKS, UNIQUE_CHECKS=0 */;
/*!40014 SET @OLD_FOREIGN_KEY_CHECKS=@@FOREIGN_KEY_CHECKS, FOREIGN_KEY_CHECKS=0 */;
/*!40101 SET @OLD_SQL_MODE=@@SQL_MODE, SQL_MODE='NO_AUTO_VALUE_ON_ZERO' */;
/*!40111 SET @OLD_SQL_NOTES=@@SQL_NOTES, SQL_NOTES=0 */;

--
-- Table structure for table `_prisma_migrations`
--

DROP TABLE IF EXISTS `_prisma_migrations`;
/*!40101 SET @saved_cs_client     = @@character_set_client */;
/*!40101 SET character_set_client = utf8mb4 */;
CREATE TABLE `_prisma_migrations` (
  `id` varchar(36) NOT NULL,
  `checksum` varchar(64) NOT NULL,
  `finished_at` datetime(3) DEFAULT NULL,
  `migration_name` varchar(255) NOT NULL,
  `logs` text DEFAULT NULL,
  `rolled_back_at` datetime(3) DEFAULT NULL,
  `started_at` datetime(3) NOT NULL DEFAULT current_timestamp(3),
  `applied_steps_count` int(10) unsigned NOT NULL DEFAULT 0,
  PRIMARY KEY (`id`)
) ENGINE=InnoDB DEFAULT CHARSET=utf8mb4 COLLATE=utf8mb4_unicode_ci;
/*!40101 SET character_set_client = @saved_cs_client */;

--
-- Dumping data for table `_prisma_migrations`
--

LOCK TABLES `_prisma_migrations` WRITE;
/*!40000 ALTER TABLE `_prisma_migrations` DISABLE KEYS */;
INSERT INTO `_prisma_migrations` VALUES ('016edb6d-b643-4246-a7ea-cd9ef7129d9d','b3299dbd4768213e85a5ee422d9e40e9630ef4addc5f9136785374655b65aaa3','2026-02-02 17:11:10.426','20260108175121_atualizar_producao',NULL,NULL,'2026-02-02 17:11:10.410',1),('05e2972d-6d74-40e7-98c9-df5dcf548dbd','ff7a858ac6ef18c633ed78a2e92456b5428937bb985965f39096f859630fc5db','2026-02-02 17:11:12.037','20260114123520_criar_obras',NULL,NULL,'2026-02-02 17:11:11.997',1),('08f345c1-67fa-4048-a26f-5b14b1a23b28','1764a64719878634e74c56cc56d450c7ffdba930103c20ad547b4f34d4975e31','2026-02-02 17:11:11.249','20260111192814_atualizar_compras_itens',NULL,NULL,'2026-02-02 17:11:11.241',1),('0bacd2b3-b737-441a-826f-8d3b315cc798','b25ff20d3888ee292e1157d07adef56903ddb7228f203a963c921cf66245ef5e','2026-02-02 17:11:13.110','20260127130317_despesas_chaves_pix_cartao',NULL,NULL,'2026-02-02 17:11:13.054',1),('0fef531f-f2d0-4be3-b331-c6bd5b539767','0be83ec478df155522a052fb6894fec3f4f90531f143a73bca95984c20c37222','2026-02-02 17:11:11.174','20260110175826_atualizar_produtos',NULL,NULL,'2026-02-02 17:11:11.167',1),('111f2932-5c5d-445f-a5a2-54631a6c0019','00ad0f7292662d6735ff94810e3f215914c36ce022eb50c31cca38f01c007fbf','2026-03-06 19:51:21.587','20260106000000_add_cargo_usuarios','',NULL,'2026-03-06 19:51:21.587',0),('11541c55-e08b-4a2c-a04b-1735218b527c','7cb9997b21143bac8cd48389cf061f94a624dd4730f35361b2ab6ae4c34f5581','2026-03-06 20:22:29.058','20260306144824_',NULL,NULL,'2026-03-06 20:22:29.037',1),('126919b6-8b65-4036-8b1b-d518a4ae370f','06aada1b4a46aba023de8f2fdcd7d91cbc697adc60b1e4025f312ec5b4921e87','2026-02-26 11:16:33.333','20260225190000_agenda_loja_orcamento_id_allow_multiple',NULL,NULL,'2026-02-26 11:16:33.249',1),('12ebce9d-5d81-4bb7-a591-3a299c596be3','0bcb5c8bb2ac3bd224402fc29178f89b15e8a7701821ed6038c9c89387f0bdb9','2026-02-02 17:11:11.445','20260112145735_atualizar_compras',NULL,NULL,'2026-02-02 17:11:11.397',1),('154eaa5e-e085-4e2b-b542-850f723da2db','43eadeba34bbe57bc9b796dc72ffbb9f3529df1c076c8e64d72e8cfe5d02bca3','2026-03-05 12:52:21.102','20260304100000_produtos_estoque_minimo_categoria',NULL,NULL,'2026-03-05 12:52:21.060',1),('16279b88-35f4-4fc8-ac54-6d488fd6f18a','4e52515dbe8ef4e4e61eff93fb4f893b08be933e39d1a55f878c805bede26b04','2026-02-02 17:11:12.647','20260115194854_atualizar_relogio_ponto',NULL,NULL,'2026-02-02 17:11:12.596',1),('171f203e-94d6-4ab0-8315-685565888cb1','414a04d85cb945b82967062fb3d2cc1e9af600e026a845fc87d9f63024c6e917','2026-03-06 20:22:29.088','20260306190200_empresa_whatsapp_api_token',NULL,NULL,'2026-03-06 20:22:29.077',1),('17217757-54b1-4adf-9c74-7ea68ed6e7a5','58f9e00b46dce77712eb6a1db145e37799ae81062baf2c4d61a7fcab854b682a','2026-02-24 18:05:55.709','20260224132101_add_indicacao_origem_clientes',NULL,NULL,'2026-02-24 18:05:55.577',1),('19045b73-5b8e-4a02-8699-c68394999eae','4adf4c7aaa1cf9dd21b774292c586cf434352b0a3dcd5292a9e7668aa439ab5d','2026-02-24 18:26:38.189','20260224152000_add_endereco_entrega_vendas',NULL,NULL,'2026-02-24 18:26:38.060',1),('19643df8-425e-4517-be5f-65f1b33c42c2','310618212deaafc5fdb1f53f47769486159f226cb6c1e025f2be82f9bec32752','2026-03-05 12:52:21.031','20260303120000_apontamento_producao_pausa',NULL,NULL,'2026-03-05 12:52:21.004',1),('1ab89d7b-89d9-4265-9e6a-96c42d63c423','31057b8c5cc5102b105b93ea05436cecbff544a7ddb914c2edbefc27abb2a102','2026-02-10 17:49:27.609','20260210001835_add_indexes_orcamento_agenda_projetos',NULL,NULL,'2026-02-10 17:49:27.479',1),('1c2518fb-7035-4890-8b4e-0c19fb5dc3af','c01de293c91ac2164893b4c083d9d0faff6acf696d947b74db6c65aac8e69d35','2026-02-02 17:11:11.396','20260112143051_atualizar_compras',NULL,NULL,'2026-02-02 17:11:11.367',1),('1c9fdc97-4b90-4d18-854e-057e0acb939c','07c8d45c3c361fd01dccd4b6b2163529b5bd8eb92f1cf91660089ef283e524b3','2026-02-02 17:11:11.207','20260111153155_plano_corte_item_igual_produtos',NULL,NULL,'2026-02-02 17:11:11.185',1),('1cbee714-ed40-46a6-8c0b-c1c3953342a5','a3ecda10a9f8f24ffd6443e64811851adceadd6028d0134f61aad836d7351280','2026-02-02 17:11:12.828','20260122112938_atualizar_funcionarios',NULL,NULL,'2026-02-02 17:11:12.782',1),('1d139556-423f-4327-a077-7db9e163889c','629c30bcb1cb50a048748bde7b3d87826ba7fc42e8d000b53e91dea9347531ba','2026-02-14 21:59:26.283','20260214000000_add_contratos',NULL,NULL,'2026-02-14 21:59:25.991',1),('1e68e732-91da-4c28-a5b4-f76707419ff0','24bb3ce484858e9c446c4748d7a2f62ed0e528dd60dcc168f856d7ef9b59c6b0','2026-02-24 11:54:05.607','20260223125259_',NULL,NULL,'2026-02-24 11:54:05.439',1),('2498a581-3f26-4045-9d78-ef980d73bf17','fb0e64a813fc0e48fb0033d90f1fe747e51f4ce1ec1e3099f0e87a4751f881e2','2026-02-20 18:35:54.421','20260220114800_clausulas_texto_text',NULL,NULL,'2026-02-20 18:35:54.338',1),('2550df36-97c2-474e-bc5f-7bdb6345054e','74c69d799b48940d0338c7f18a58c1d82ea0e138967c855e8836eb29a3ca45c8','2026-02-20 18:35:54.272','20260219200000_add_representante_venda_rg',NULL,NULL,'2026-02-20 18:35:54.248',1),('2a570ec9-5af4-43fd-a189-1e4c02a7d879','90564d1d6a59b6871ec67d9d5f594adee3cbbc8fcef19a53042f51336fead9ab','2026-02-02 17:11:09.868','20260107194035_funcionarios_vale',NULL,NULL,'2026-02-02 17:11:09.861',1),('2a8bb2b9-4d4d-43fe-83f9-9abe42a3129b','de2e3f586efdf03892c781c0b752f52fc31242e45e551c62a8eeec27d6a8d7bb','2026-02-02 17:11:11.239','20260111182636_atualizar_compras',NULL,NULL,'2026-02-02 17:11:11.228',1),('2c9e7617-6a23-4ead-9dec-17f4262837bb','4c2e60c28a9393df562e99070c51a438032248b3c2599aec7462004f6cd5e4c8','2026-02-09 11:53:42.896','20260209012639_add_plano_corte_metragem',NULL,NULL,'2026-02-09 11:53:42.839',1),('2dcc9088-637c-4b88-bd5e-16de50735663','0b057c03f973181e260715647254f9b24145a10433ff4ac52a8562d4995a79e7','2026-02-24 11:54:05.663','20260223143000_agenda_normalizacao_status_source',NULL,NULL,'2026-02-24 11:54:05.614',1),('304297ab-ac6f-412c-9b33-2695ce107a2c','b0beed7a0677df05c9fe55cea7b80317d8e5945cc06dd6cfc441a40b4cecbe04','2026-03-05 12:52:20.496','20260226140000_agenda_alterado_por_usuario',NULL,NULL,'2026-03-05 12:52:19.797',1),('31641df6-0d83-46ca-bb02-99266552878f','c6d807327629ebc756bfced96f0b5328e830a4ac5ea7058757642da1c43204a3','2026-03-05 12:52:21.186','20260304180000_auditoria_permissoes',NULL,NULL,'2026-03-05 12:52:21.165',1),('348bb5f2-5da8-4ea3-9be8-14f38b10ddfb','baf9d35ca4d811055177586cae981fc855f11c61bdad9c3fe411f8344dff9193','2026-03-06 20:22:28.851','20260306120000_cliente_situacao',NULL,NULL,'2026-03-06 20:22:28.835',1),('34e7a0ec-37a1-44f1-87b4-6a335be7b31e','9e9154bf129092af112e0398fbea6ee0f1bb7a1286957c7b82eb5d2e90666eee','2026-02-02 17:11:12.864','20260123000952_add_estado_civil_nome_conjuge_clientes',NULL,NULL,'2026-02-02 17:11:12.857',1),('3678e34f-82f7-4e78-8f09-34056d251fc1','dd52b7d17e25b95053ee43c225cfb7d9fe0ac96eb21e706c972e7d0044372200','2026-02-02 17:11:12.186','20260115120931_add_valor_vendido_to_vendas',NULL,NULL,'2026-02-02 17:11:12.179',1),('389edb2d-76ec-491c-8128-21a9766675c1','b89a27c92849066ff5b818228f527f05f421f3acbedb52f19be166197dfd13be','2026-02-02 17:11:11.955','20260112233551_atualizar_geral',NULL,NULL,'2026-02-02 17:11:11.514',1),('3ba494f3-a066-47fd-97cd-9ad3ceb0ac7a','7e28bf75915934e54d02de0c043dc0650e4e20a82d0c7041eb8e98ab9aa416d7','2026-02-02 17:11:11.977','20260113012517_orcamentos_qtd_ambientes',NULL,NULL,'2026-02-02 17:11:11.970',1),('3dbeed73-b953-4024-aa37-1e2b1d39c798','a964a94901ba4a8832025afccfb39aca3b93764c402bb7846ed13a558db61fd0','2026-02-02 17:11:11.968','20260113011130_atualizar_orcamento_itens',NULL,NULL,'2026-02-02 17:11:11.961',1),('3f023cc3-058b-41e8-9883-98729239e8c7','9ed13d7a1dd809870c4cf6843c1f71ef3ab1aa9305212bda03314c254a2a8590','2026-02-02 17:11:11.349','20260111202006_adiciona_cheques_e_vinculo_despesa',NULL,NULL,'2026-02-02 17:11:11.250',1),('3f2312a1-0073-4688-96c2-125c8aa73142','c343413b9adda6846b51838a5e4cbac03bee0f43cd87cc42d8bfc9af6a3179cc','2026-02-02 17:11:12.892','20260123002016_make_cliente_email_optional',NULL,NULL,'2026-02-02 17:11:12.865',1),('3f7ec671-8824-47a1-a2e6-6b3ab5b9c707','0f396d6a81d73fa73953cb9816d7e1b6ef8819a24ac9f568595cf7940a8b7a27','2026-02-02 17:11:13.375','20260130192527_atualizar_financeiro',NULL,NULL,'2026-02-02 17:11:13.228',1),('3fd16ccb-11be-4131-a2b9-ae03a8dce817','cb6883e254bb12d695af379a21ae6f2c69159bcc0c19c9fc6b19eaa4cef4305d','2026-02-02 17:11:11.131','20260109195638_atualizar_geral',NULL,NULL,'2026-02-02 17:11:11.036',1),('40ef4211-96dc-40f4-ae77-9bb6250f6778','cb6481307bae95ceaf71f7cc5491c091abdf9533ca1328973b204fbbb2244acf','2026-02-02 17:11:12.781','20260120221045_atualizar_registro',NULL,NULL,'2026-02-02 17:11:12.763',1),('43f10e8f-f76d-4913-8e94-210b8e4f334a','0ead96802548739a44d26642679021105b932090118062c57cd245afb011c942','2026-03-05 12:52:21.456','20260305130000_funcionarios_custo_impostos',NULL,NULL,'2026-03-05 12:52:21.401',1),('44dd8e17-b870-46a5-89a5-551dc52a0db6','d12bed860d1922866ba4840db2ed5b11dd80aac39951d0c60ccecda31d649365','2026-02-02 17:11:11.002','20260109014736_atualizar_compras',NULL,NULL,'2026-02-02 17:11:10.950',1),('45cbae0c-f6ca-4ce4-8582-9873fb324925','bca58c609bd9183478fd11a11d4b6eaa8eca9af3c81212a2017f57880824ed7c','2026-02-02 17:11:09.877','20260107194430_funcionarios_setor_cargo_funcao',NULL,NULL,'2026-02-02 17:11:09.870',1),('46079cb3-c440-4c87-97b9-aa9e0c46cd99','68778b1e1ea60360567e217d39d45164eef075faacaa4dcc6cfcb7ad67702fbe','2026-02-24 11:54:06.683','20260223234500_remove_legado_producao_projetos_permissoes',NULL,NULL,'2026-02-24 11:54:06.659',1),('4639d5b3-3100-4fc3-a132-b333fef80258','cd868e913a3d6015dbcd308e81b71677d585e60c76b519ab3e9c9c7d2c606e0a','2026-02-24 11:54:06.656','20260223233000_remove_legado_obras_permissoes',NULL,NULL,'2026-02-24 11:54:06.627',1),('47e83ee7-aaed-4c67-b32b-c7bbc86102fb','ee07d26ef15ce58eb162a16e7df53b1f44236b55ca148e2e28cadfcf9c762774','2026-02-20 18:35:54.194','20260219185001_add_empresa_representante_legal',NULL,NULL,'2026-02-20 18:35:54.155',1),('47f8e304-b663-49e3-b464-ca97a78b9b33','c94595fe330e454ffce5a044a644a56271814c75bc2ce2dcf1a3df12beae676d','2026-02-26 12:50:55.824','20260226120000_add_contratos_assinatura_presencial',NULL,NULL,'2026-02-26 12:50:55.710',1),('4802c254-a6a9-461d-9d90-d87c83200914','f6b86bec27dd066a8cb0ccaf32bd857c0eb2d52b37cb789c984e0b56f90c0719','2026-02-14 21:55:54.424','20260214150000_plano_corte_item_ultimo_comprado',NULL,NULL,'2026-02-14 21:55:54.315',1),('486e73df-9176-4f7a-8e1c-ee6f8dd4c7e9','3d556f25ff477cf0e2729e73ad04cd9725c0d2c5181e2fb24361a41c611d9acd','2026-02-02 17:11:10.297','20260108150709_criar_tabelas_vendas',NULL,NULL,'2026-02-02 17:11:10.132',1),('4b0396f7-4d7d-4c3d-8bc6-3f5b6eb02b03','876e55549156a12e8ee284ec0ab3d4714336398793d5d18afb66bfa580bdf5b8','2026-02-02 17:11:11.227','20260111175749_atualizar_compras',NULL,NULL,'2026-02-02 17:11:11.218',1),('51177415-2951-4c7e-85e0-d8d8b5a251ec','0475e36950289c73380c15e8fb616dd90e520de754220f81b4378e7241f575cd','2026-02-02 17:11:10.008','20260108120742_criar_tabela_despesas',NULL,NULL,'2026-02-02 17:11:09.943',1),('526061ae-6448-4c50-a282-d8b5329ea4e1','fc086e1d9049898f139fb2875d96ed0b6e687c13464de7b5358a72faa8ddcb00','2026-02-02 17:11:11.014','20260109130053_atualizar_funcionarios',NULL,NULL,'2026-02-02 17:11:11.004',1),('54a80825-ec1f-4e4a-ba55-a7b3c3eb82d4','390e2f530c44a0f4c06b7096aa4d223fa028120175b2cff232a291f55603c6a7','2026-03-05 12:52:20.882','20260227120000_apontamento_producao',NULL,NULL,'2026-03-05 12:52:20.691',1),('54fc67e8-0fed-49ed-ae84-dda8dbffc62e','fa73ede655e0ce93f423548a72a3958c0606a3f61ceb363dab9c999bd8bd6cae','2026-02-02 17:11:12.912','20260126112315_atualizar_vendas',NULL,NULL,'2026-02-02 17:11:12.894',1),('5591d44e-7e6b-440f-8355-132dea2b4307','122d743a0403e77ad7e0ed9447f5b8826f2fbdbc55612d936eff004dd13c2eec','2026-02-20 18:35:54.516','20260220180022_add_assinaturas_log',NULL,NULL,'2026-02-20 18:35:54.505',1),('55f0b881-13f3-4385-8d78-ba53caed8673','d35ef4270666e2475d128cb94380b39fddd12ff7f1bb6abc136f7a24ec8a6897','2026-02-02 17:11:09.941','20260107215033_add_constantes',NULL,NULL,'2026-02-02 17:11:09.913',1),('56c3358f-563d-4ba9-83c4-ddab8cc86765','ec9a4725d1c3afb0923f73c55d32a5f82fc0d5a4d5cfe385391846e68f048d13','2026-02-02 17:11:13.192','20260128171337_add_arquivos_global',NULL,NULL,'2026-02-02 17:11:13.119',1),('57292930-bc95-4f1a-be5a-164e433fc88e','522a18d428d3d74b3509cf1e18de6477a78d4f85e0ae347630d1743206e58d8f','2026-03-06 20:22:29.034','20260306140000_vendedor_responsavel_orcamento_venda_contrato',NULL,NULL,'2026-03-06 20:22:28.855',1),('5b6b1500-db27-43e2-8cc9-8333c5e22b34','d0257b22c10dd70335106bd8ecd629081fe373b54c9d6fabbd2c6ea6a3a7abd6','2026-02-09 12:00:57.576','20260209115753_fix_missing_columns_plano_corte_item',NULL,NULL,'2026-02-09 12:00:57.482',1),('5c26b6a4-bd25-4102-8ed9-624c2daa23ad','081010254e07a3038feaec82a03b97b17626d0d48cc87b51f74b639f08ee7170','2026-02-02 17:11:12.845','20260122120929_add_funcionarios_carga_horaria',NULL,NULL,'2026-02-02 17:11:12.838',1),('6635ed45-647d-407c-abe8-62dbe46b1167','a69f70d58992fe8e10e39977cd321001b81fac90747ac3892d1e910cc5d02202','2026-02-18 12:13:35.290','20260218121024_update_clausulas_modulos',NULL,NULL,'2026-02-18 12:13:35.227',1),('67489407-5c73-4510-a049-91b0ec12d236','d57f131bbda7918b5362e1ae57a70497234854e430b861134392f2933d3590df','2026-02-20 18:35:54.241','20260219190404_add_representante_venda',NULL,NULL,'2026-02-20 18:35:54.201',1),('694cbdf2-e9f0-44ef-8c56-f5b318940631','daccad31818ed7c996bd1b13c4ee7a04b6b8493d52e69fa5323dc3d43db7dab7','2026-02-02 17:11:12.047','20260114194847_atualizar_funcionarios',NULL,NULL,'2026-02-02 17:11:12.038',1),('6bf2578b-8762-449b-9c96-67490663c719','ea6fd8523f048bc8416ed1a2530339c9b3f64dc87f5733b8e3e42a190389c71b','2026-03-05 12:52:19.786','20250304_add_cargo_usuarios',NULL,NULL,'2026-03-05 12:52:19.657',1),('6d3d9570-ae46-487d-887b-8443e7240627','9bdb71c5481b01dd63e10fb004a41309dfc8d8981758a58720be4bb29714a3e3','2026-02-02 17:11:12.074','20260114201811_atualizar_plano',NULL,NULL,'2026-02-02 17:11:12.048',1),('6eae6e3a-c2b1-468e-9064-28ecd03f8e0f','c48be3717c99efcb30d1e8d5dee5babce4688d4a881412592b5b411ee31b1ece','2026-02-02 17:11:10.131','20260108140753_criar_tabela_orcamentos',NULL,NULL,'2026-02-02 17:11:10.009',1),('73bb9d1f-b3a6-425a-a435-78c5467a9473','122d743a0403e77ad7e0ed9447f5b8826f2fbdbc55612d936eff004dd13c2eec','2026-02-02 17:11:11.959','20260113003154_renomear_fornecedores_para_fornecedor',NULL,NULL,'2026-02-02 17:11:11.957',1),('75b5bb0d-70e7-41c8-ba0a-2cfc986f0eec','b8f44e8687e8c5462c06bc7afdac83f824b086340316913c46de931a3694fab0','2026-02-24 11:54:06.623','20260223220000_add_ponto_feriados_config',NULL,NULL,'2026-02-24 11:54:06.583',1),('7653fda5-3cd6-49b7-98ba-4be47ec77bec','ea6fd8523f048bc8416ed1a2530339c9b3f64dc87f5733b8e3e42a190389c71b',NULL,'20260106000000_add_cargo_usuarios','A migration failed to apply. New migrations cannot be applied before the error is recovered from. Read more about how to resolve migration issues in a production database: https://pris.ly/d/migrate-resolve\n\nMigration name: 20260106000000_add_cargo_usuarios\n\nDatabase error code: 1060\n\nDatabase error:\nDuplicate column name \'cargo\'\n\nPlease check the query number 1 from the migration file.\n\n   0: sql_schema_connector::apply_migration::apply_script\n           with migration_name=\"20260106000000_add_cargo_usuarios\"\n             at schema-engine/connectors/sql-schema-connector/src/apply_migration.rs:106\n   1: schema_core::commands::apply_migrations::Applying migration\n           with migration_name=\"20260106000000_add_cargo_usuarios\"\n             at schema-engine/core/src/commands/apply_migrations.rs:91\n   2: schema_core::state::ApplyMigrations\n             at schema-engine/core/src/state.rs:226','2026-03-06 19:51:21.583','2026-03-06 19:20:15.675',0),('7842fa3d-174a-4b1c-b1ef-f830e65e2d73','79a4cd55ee87bd84a056d60f1cb961cc68e9070a86ef5db5fe6b8fe0ca7c2275','2026-02-02 17:11:13.625','20260202162848_atualizar_tarefa_producao',NULL,NULL,'2026-02-02 17:11:13.478',1),('7d1fa392-857d-430d-b373-06053013b556','08edef83b37f7e941a6415ac17c55034fc39807fd19a7513dd5b633971db8c07','2026-02-02 17:11:09.860','20260107193911_funcionarios',NULL,NULL,'2026-02-02 17:11:09.846',1),('7e6e3e24-2f5e-416f-a298-28888030e587','ae4f59910fd69afbc6090c82a8b9db4eb656ebbcc84da05335b27704f7b6b9aa','2026-02-02 17:11:10.913','20260109000558_compras_rateio',NULL,NULL,'2026-02-02 17:11:10.855',1),('80065623-12f9-4b89-a86d-be0ab2e1a587','4c6df7f7b5ab7e494c146880f7146d11846aa4ecd31aa5a1b604f08cc509efcf','2026-02-24 11:54:06.548','20260223193000_vendas_responsavel_ids',NULL,NULL,'2026-02-24 11:54:05.695',1),('81bb334b-65bc-46e0-a9fa-e5236dcf4c97','6a47904973af528b786da5403945570c01ab01d7399b842314f2fe90a29a15af','2026-02-10 17:49:27.805','20260210120000_agenda_fornecedor_plano_corte',NULL,NULL,'2026-02-10 17:49:27.658',1),('81fb5f9b-d355-4145-a927-66627e61b8b6','8aa5b70cbfc2b735ab11bb2a4370aef9068003171354147cbdac770b79055f7f','2026-03-06 20:22:29.074','20260306160000_orcamento_itens_observacao_maior',NULL,NULL,'2026-03-06 20:22:29.061',1),('82aae6fa-27c7-4f1a-a355-09caace441d5','77a21b1d46d7ee5de9e1252416904be0509f68481786f161eadb20d4881d2776','2026-02-24 11:54:05.688','20260223143036_atualizar_geral',NULL,NULL,'2026-02-24 11:54:05.669',1),('836a079c-9164-465b-8c03-5e7b876d801f','12079a26d2200c66227d1bc01c27d397842ec745361cfa3cfcfbd4778404b1da','2026-02-20 18:35:54.331','20260220100000_add_contrato_zapsign_doc_token',NULL,NULL,'2026-02-20 18:35:54.314',1),('83b68ad1-2cbf-416f-8b27-c16417c34b7f','c93b1b970d3cc8e9a102e522396048ee6b48032f90ba087ec4d5636b98e17505','2026-02-02 17:11:12.856','20260122121921_funcionarios_dia_pagamento',NULL,NULL,'2026-02-02 17:11:12.846',1),('84fda2c4-83b7-4b0c-bffc-a75f14f527d2','ac57ba3606a94a96a469be54895c11cace1e852c1a92284809fffbb2243da2d2','2026-02-02 17:11:10.854','20260108202452_compras',NULL,NULL,'2026-02-02 17:11:10.692',1),('86168817-142e-44e8-b170-22da231bf199','44d3e6969a4c1e04e32b05983ca719e7b7d08ab8f05151e94d47e8c4bcfb79a0','2026-02-02 17:11:12.753','20260116143744_atualizar_registro_ponto',NULL,NULL,'2026-02-02 17:11:12.746',1),('8711fcf4-a6ab-4f43-9710-5d1d2c9c020f','fb9afde4880c4ac4f34420ba1e7bfcb69232221aefb628e3beda0a21fca8c92b','2026-02-20 18:35:54.597','20260220183224_add_pis_funcionarios',NULL,NULL,'2026-02-20 18:35:54.521',1),('876985bf-5227-4743-b3af-750c900b5cff','bd43f65ab914ae252a7d86a66349bf1b87ebd287026b579560b32c7186573947','2026-02-02 17:11:12.595','20260115175751_atualizar_relogio_ponto',NULL,NULL,'2026-02-02 17:11:12.454',1),('8919f676-833d-4a2f-860d-56361a2e1785','e03014b5ef5896ab2b9ad65ef4371606bc0702dea6c978a058b58888160c0749','2026-03-05 12:52:20.685','20260226200000_valor_base_contrato_formas_pagamento',NULL,NULL,'2026-03-05 12:52:20.592',1),('8ae9365d-51f7-4370-89a8-28a67c1308b9','f5f15353dc2f49a830539cab6577920272646446fb62ddbe02702c155b6bf612','2026-03-05 12:52:20.546','20260226160000_add_representante_venda_2',NULL,NULL,'2026-03-05 12:52:20.503',1),('8b51a6b8-f868-4843-9081-4bb7d84e9bf6','ff0c87f408d30ad92d8835e28b7787e56f2543a4d1886e0949a8908d40bbbf29','2026-03-05 12:52:20.999','20260227180000_agenda_fabrica_ambientes_selecionados',NULL,NULL,'2026-03-05 12:52:20.981',1),('8cc1e6df-27b9-4548-a10b-4ac8980b2e0b','da21d91863d3e3e3c97f6c0ca45822d0aafb4779cee01b0dd6d72f890e1a7dc8','2026-02-11 18:08:45.531','20260211143000_agenda_origem_categoria',NULL,NULL,'2026-02-11 18:08:45.336',1),('8fcb6551-e36c-4c3e-a36a-cbcc535ce02b','3b879ab8c8aad722a4bb1125a33a9b03ae907d17fac419dc0dce8aaecb64455f','2026-03-05 12:52:21.160','20260304140000_empresa_cor_marca_whatsapp_url',NULL,NULL,'2026-03-05 12:52:21.138',1),('919c9187-1bd4-4dc9-9d18-e2c69183e13e','6b02ca114afbdf46ac4cca32437aa509211c27ef00a235be8f780f189dd452c5','2026-03-05 12:52:20.975','20260227140000_apontamento_producao_agenda_loja_id',NULL,NULL,'2026-03-05 12:52:20.888',1),('92d460f2-93c0-4760-8c61-f73b71d47904','59e142ef0711879d286deecb78f48b44e3bb34a9bc35829bb5526149488e0607','2026-02-02 17:11:10.409','20260108170747_criar_tabela_tarefas',NULL,NULL,'2026-02-02 17:11:10.298',1),('960c5430-1d3f-42cb-9b21-90039196f319','f4635b3e627bc2c254221890847f78bf17db6c8cae7ca2fb8e2a14a6c62cd8e3','2026-02-26 11:16:33.245','20260225180200_split_agenda_loja_fabrica',NULL,NULL,'2026-02-26 11:16:31.625',1),('96b53802-0a6b-4819-9fd0-d44cac3df6c5','d61a592fc7f9f6a318a120c11e9019e99c8b9017e0846cde9f2d1fbb26577db9','2026-03-05 12:52:21.055','20260303150000_add_pausa_total_segundos',NULL,NULL,'2026-03-05 12:52:21.037',1),('9748cf0d-678e-4218-8902-5960a579c227','a5f0445ffe8f5ba07f1aa12354d0288b37a23e8fad90ee19f563e7d695eedb8b','2026-03-05 12:52:20.584','20260226180000_empresa_contrato_usar_socio',NULL,NULL,'2026-03-05 12:52:20.552',1),('97aadf3c-8df6-4d7d-a48d-17065f3af23f','6cf6aedd28eae390d69aa82f8a00f2a1afc76a038ebd5e3c688d68615ceb58ec','2026-02-02 17:11:10.948','20260109001239_atualizar_compras',NULL,NULL,'2026-02-02 17:11:10.915',1),('97c9e01f-71b8-45f1-b92f-b123c271bc4b','eb169128e0efdb954bdacf69e4e3755a512c3cf45f1b5d6461e7f0205b00c5db','2026-03-05 12:52:21.393','20260305120000_recuperacao_senha_expira_em',NULL,NULL,'2026-03-05 12:52:21.384',1),('9b0ad77d-de4a-44f7-b7a3-f18b3d78d5e9','e80d07aafc5053989c92c3ed1b339f648bf5f76d2676c94971213209d49a507e','2026-02-19 15:15:07.818','20260219130026_orcamentos_contratos',NULL,NULL,'2026-02-19 15:15:07.516',1),('9daac936-c981-4ce6-aeb8-927129792c4c','83ea4a92812012b3a5a271a40175002f4fbf9f279683d25325ab1adb0cc1f55d','2026-02-02 17:11:09.845','20260107151431_plano_corte',NULL,NULL,'2026-02-02 17:11:09.642',1),('9fce92fd-df4c-4f36-9e76-f70ed4bc02a8','08bab1e7bab7aef79e59d3ffbbfd5228f05c4a461b08b3000f195b829f6d6ca9','2026-02-02 17:11:09.640','20260107121638_create_produtos',NULL,NULL,'2026-02-02 17:11:09.600',1),('a091153a-07cd-42d9-a7b5-9a59b169fa4f','122d743a0403e77ad7e0ed9447f5b8826f2fbdbc55612d936eff004dd13c2eec','2026-03-06 20:22:29.098','20260306190725_empresa_whatsapp_api_token',NULL,NULL,'2026-03-06 20:22:29.092',1),('a1537c91-89af-4285-bd0e-fc01718c13b5','0e0e29c9d62eaa11ac1323330bde0674131c57f4a0b21fe08801a9a40cf52288','2026-02-02 17:11:10.691','20260108190718_financeiro_fornecedor',NULL,NULL,'2026-02-02 17:11:10.428',1),('a20289a7-e4e9-41d6-88cb-6cb8809e368c','4546d718389e95a931b16defeb0bfb63bee04733de1372a91d240fd343359566','2026-02-05 15:37:51.962','20260205153432_limpar_relacoes_agenda',NULL,NULL,'2026-02-05 15:37:51.253',1),('a32451fe-7ef7-434e-9577-ca6cb4396660','ea4c56690c43fdb8706dc9e0200ca0ef36b622de1dab05e0f9e133e3d9babf04','2026-02-09 11:53:42.753','20260208234153_add_funcionario_id_to_usuarios',NULL,NULL,'2026-02-09 11:53:42.466',1),('a524b5ce-0123-4fcd-a387-98fb761a210b','95ec4e49de9521e84304ec0165457d90b3fe9ee43457d101a9f2ed8cea77f315','2026-02-02 17:11:11.513','20260112163331_create_empresa_table',NULL,NULL,'2026-02-02 17:11:11.495',1),('a6044622-ff59-4e7f-88c9-b33b0cc7a531','115136c75a968092b2862da351d3e05be092f31054343bee76557557f7702e66','2026-02-10 17:49:27.472','20260209235020_add_arquivo_id_ponto_justificativas',NULL,NULL,'2026-02-10 17:49:27.263',1),('a7ff88be-9e8f-4d8f-be9b-cfbef5eaa06a','339a11965788ab2ff79047a67d418d4b5ad1a9fc88a2ba8c0bd21fb5bf66f399','2026-02-02 17:11:12.178','20260115025100_atualizar_venda',NULL,NULL,'2026-02-02 17:11:12.101',1),('abf9abce-a6e0-4ee6-b96e-b6e2caedecb1','89f9250cd536155b7da8a80743fc059ae4668e9f15bd939dc733aeac22fffe06','2026-02-02 17:11:12.402','20260115123125_contas_receber_cliente_optional',NULL,NULL,'2026-02-02 17:11:12.187',1),('ac2061f9-56aa-4029-a5da-a3db4f89f26e','92e3f0f2166dda41b4343b2f73e3d72a25f2b332f0ffa1a9808d3aeb245eb63b','2026-02-24 11:54:05.432','20260223121000_agenda_setor_origem_fluxo',NULL,NULL,'2026-02-24 11:54:05.230',1),('b3be8040-bfe9-4f66-a7d3-cb4a24b83250','acb7d0e389d567ca58604f972608cddeb2459f5fcf3e739d866f9813f4cce83a','2026-02-14 21:59:26.301','20260214120000_remover_funcao_funcionarios',NULL,NULL,'2026-02-14 21:59:26.292',1),('b59b8588-adee-4bbe-886b-2f042bdf59d3','5d78f4deda5f2d833c3a8428af732dc09cc675bcf44215ca80e2573bb831f483','2026-02-02 17:11:11.494','20260112153757_atualizar_compras_despesas',NULL,NULL,'2026-02-02 17:11:11.446',1),('ba980f07-b49b-49af-99ed-ad81461a4de4','fe208858c48dc18be13de0e71f94e48fcf4ba7fad9ffabe73a99725314dfa15f','2026-02-10 17:49:27.924','20260210160701_atualizar_funcionarios',NULL,NULL,'2026-02-10 17:49:27.851',1),('bad00d6d-4df7-4582-8ee9-8ac5e99b167a','68bc51b50cd8aca69a3bc7682b0aacabb50a23a66236f42bf4fe90fa115623a2','2026-02-02 17:11:13.051','20260127123913_atualizar_despesas',NULL,NULL,'2026-02-02 17:11:12.914',1),('bd7b9a1a-b8f5-473c-aa0b-d6618eec6ad0','1a3f96ee77adeb1165ebe2fabe5caa3b697e3fd245bb020a027c701c695a5e9d','2026-02-18 12:13:35.217','20260217163809_',NULL,NULL,'2026-02-18 12:13:34.958',1),('be97e881-c728-4db8-a195-667248e6b439','ced86cbda7771847ce29272dfe18cef5676813873048b0c75c49e9478530d60e','2026-02-20 18:35:54.310','20260220000000_add_contrato_data_assinatura',NULL,NULL,'2026-02-20 18:35:54.278',1),('bfec6a60-469c-4b93-b23d-75c599f5e2fc','804345a4d5249a5042163f44c451dfcc3e9313484cbf267d0974998004b6bd1a','2026-03-05 12:52:21.379','20260304200000_fornecedor_ramo_prazo',NULL,NULL,'2026-03-05 12:52:21.341',1),('c00f1369-bf57-48dc-b8d5-d029c2a749d6','3100416cc2e4c2295e9f5b7265af46ccfbeacdb473841d158b3f4c21c6e3d6f0','2026-02-02 17:11:13.477','20260202140416_producao_tarefa_funcionario_nullable',NULL,NULL,'2026-02-02 17:11:13.406',1),('c11912a4-7934-4070-a163-74d1efbd24e6','8cf9be113577d7eca3697fa9ef5a7a400e9a753b2dd67f86d878d09e0ccebce7','2026-02-02 17:11:12.762','20260120211422_add_device_info_to_ponto_dispositivos',NULL,NULL,'2026-02-02 17:11:12.754',1),('c1efa843-63b0-4b61-add7-b1eb99bf2a6f','e8a11010b3a3f24158a3902669ef01af15e21c10f79fcf81fbd8db44da511c1a','2026-02-02 17:11:11.023','20260109153529_atualizar_funcionarios',NULL,NULL,'2026-02-02 17:11:11.015',1),('c4a30aeb-23d7-4c09-aa99-3341c455f367','3823ed458d5171e9b90601fe9ba97d3c7c10aa622b7c9d857ab843d3331d9548','2026-02-02 17:11:09.569','20260105204410_clientes_email_whatsapp',NULL,NULL,'2026-02-02 17:11:09.516',1),('c9739692-e90a-44b5-9f10-7eed7af0e326','962795a92672610aa869ab0b88176fcf5a52cdb36025f8769afae6569a40e5a1','2026-02-02 17:11:09.599','20260107112428_add_email_fornecedores',NULL,NULL,'2026-02-02 17:11:09.592',1),('c97fc5f6-2e73-482e-8597-17f27bc271a6','aac900a39cf2aa7cc92b802bc62a3fdc9d2da2686c1d2f8626dfa9dce26b2547','2026-02-02 17:11:09.591','20260106183502_adicionar_fornecedores',NULL,NULL,'2026-02-02 17:11:09.578',1),('cbf08f60-050c-46d1-a22e-27ccd85446df','c547fb4f65eb942a6ac7d1c700bbf514925c0e2f5d1884611fcda54c750344d4','2026-02-02 17:11:11.183','20260111023011_atualizar_clientes',NULL,NULL,'2026-02-02 17:11:11.175',1),('ccd692e9-e119-4330-8c50-0b167dc004e6','ef7635e773be725924c37fe78fba38b9c9cfd13f3545419b03acf659dccd1517','2026-02-02 17:11:12.836','20260122120010_add_funcionarios_unidade_horario_sabado',NULL,NULL,'2026-02-02 17:11:12.829',1),('cf005216-30de-4a2f-bab1-d463853bfbd5','6aeffb4686161b88befc0cd91a8b46ecb8a9e0bb551dfcfb6df685345306dfd4','2026-02-02 17:11:11.994','20260114025530_usuario',NULL,NULL,'2026-02-02 17:11:11.986',1),('d29e888a-87c3-4289-8744-cb4b12294170','b39992cbbb369678193eb6ac5ff159b7c0a87bd394265d21681f1f78d9bb9b3e','2026-02-02 17:11:13.118','20260128132554_add_produto_imagem',NULL,NULL,'2026-02-02 17:11:13.111',1),('d77c69a6-c034-43c0-8b17-892a3ac63b81','fa108dbc4ca0bdc3d996bf7ec1832953600e81727c83bfd806a6b3179b8d7926','2026-02-02 17:11:11.158','20260110155413_despesas_recorrencia',NULL,NULL,'2026-02-02 17:11:11.141',1),('d829455b-8c3b-4d07-b02e-cbe4f71b6d2c','16beb8703931206aceae583fb7d8d60f8c4f55617cc93c8a86b07b1a759b740d','2026-02-09 11:53:42.834','20260209005040_add_empresa_banco_pix',NULL,NULL,'2026-02-09 11:53:42.806',1),('d8e7c13e-73df-404c-adf8-8c9f983d25ec','ecb47811f4f8982211b1f276f74ca0d6ba240aba54a02c80c2effc05bb51590b','2026-02-20 18:35:54.149','20260219180000_add_contratos_link_publico',NULL,NULL,'2026-02-20 18:35:53.923',1),('da0b3f74-5edb-41b4-a5d8-d1a7fb2e97b1','457d94a16fdcf14d70a647132ad36d56b21b6498bc7053d2b4c3b8d4c002c4ea','2026-02-02 17:11:13.405','20260201163704_atualizar_cliente',NULL,NULL,'2026-02-02 17:11:13.376',1),('dcb96512-8505-43aa-aeaa-8d95b938d456','30013944828d6461635183496ff5a43047595516af124ceb7624c544b255fbd2','2026-02-03 11:32:23.461','20260202192339_atualizar_obras',NULL,NULL,'2026-02-03 11:32:23.417',1),('de52b712-bde1-464a-830c-517bfd30afd0','71ee58a22565107eeef08eae532eec41eaf71314c5999c85bef930201669de0f','2026-02-10 17:49:27.846','20260210124500_funcionarios_datas_e_registro',NULL,NULL,'2026-02-10 17:49:27.811',1),('e015c85c-6d73-4a2c-997a-58c257e6c2bf','67913accf5bacced6b791069a5abe7b7351ca5a72d7a79aa436556fd85367b98','2026-02-24 11:54:06.578','20260223201500_add_empresa_representante_socio',NULL,NULL,'2026-02-24 11:54:06.554',1),('e239dc75-122c-43dc-9dc9-ff020a81381a','09fe2bf778481bebc3542a10c698b13620f44d42e1de527badfffc241619b101','2026-02-02 17:11:11.034','20260109185956_remove_unique_constantes_categoria_chave',NULL,NULL,'2026-02-02 17:11:11.025',1),('e28707fb-9e91-4900-9d84-9b17dab93697','7b0db0359e9b8f3dd501e478da54292e2a2c73e215c529865df3b94f5b8fae80','2026-02-02 17:11:09.577','20260105204633_clientes_aniversario_flags',NULL,NULL,'2026-02-02 17:11:09.570',1),('e59e2b48-fa02-469c-a9ab-9adff10666c3','ed971d76624d410cde2313e1b5fdc653548c52390329f1dd3889f9691fefe37e','2026-02-03 11:32:23.410','20260202184434_producao_multifunc_datas_opcionais',NULL,NULL,'2026-02-03 11:32:23.077',1),('e82c4929-cb09-4b4d-96c6-8daac04c4957','8e85d29f177b36796b3327028749993385fa1ce5c98a21389861ac46e9a28b59','2026-02-02 17:11:12.452','20260115141502_atualizar_producao',NULL,NULL,'2026-02-02 17:11:12.403',1),('ead57fa1-9274-4275-bd76-c013ab2fd79c','cff199625a46533943ecae046765f05ac0451bdd4b8b5a71067dfc961e3ff302','2026-02-02 17:11:13.226','20260129132049_fix_plano_corte_produto_index',NULL,NULL,'2026-02-02 17:11:13.194',1),('ebc67b27-136e-4235-a6b9-68933a9c489c','f66352572105f1d743f545851c594e0c50ca1a82541f81554cb3adb9aaa0a12b','2026-02-02 17:11:09.515','20260105171047_init',NULL,NULL,'2026-02-02 17:11:09.463',1),('ebeed208-dd8b-4a0a-b644-862fa2b5371e','23770fc173b1aac86922727f8cc09674438594ea43009e3f4ea59d173d44a022','2026-02-02 17:11:12.745','20260116131311_atualizar_funcionarios',NULL,NULL,'2026-02-02 17:11:12.649',1),('ec645afb-e05e-4118-aefc-bc141593bff7','d73401b795239d2b95009e65d5ede47c10589cd9fa5e8b34c0925d1a665bfb75','2026-02-02 17:11:11.140','20260110123900_atualizar_constante',NULL,NULL,'2026-02-02 17:11:11.132',1),('eddfa59d-8ede-4e56-b21a-daf4fe9a04d9','0bd442401f9fb4ec173cca11b23017ce16fbb33380e1cdbe3a255e4e1a64bbb2','2026-02-02 17:11:12.100','20260115012754_atualizar_produtos',NULL,NULL,'2026-02-02 17:11:12.075',1),('efe80cfb-00f1-443d-a894-dad26b884ba7','048a5600796d3fa3606c41820f8fcfae74b1a11d485b44c09d0b2c75e49666f9','2026-02-20 18:35:54.499','20260220120000_add_assinaturas_log',NULL,NULL,'2026-02-20 18:35:54.428',1),('eff29a17-58db-474d-bbd8-cf50013b6e33','579a27229e5c0672660cd3f22dacd32c3e32593459d88e4f5a7cfbb35b007b3b','2026-03-05 12:52:21.131','20260304120000_add_empresa_campos_identidade_contato_fiscal',NULL,NULL,'2026-03-05 12:52:21.109',1),('effac60d-1ba5-485a-a7b5-6f2cc3e27df6','4e58bb1dfb8dd6fa34d32478b6fe55b5ba39105449920a7ad9c5eeb69a88ae53','2026-02-02 17:11:11.366','20260112112702_atualizar_despesas',NULL,NULL,'2026-02-02 17:11:11.350',1),('f1eccc62-71fb-4980-bd20-8766349b5635','a20c11e70ac771fffb1e15f0172eff956f89a9061302767768f920f479c62403','2026-02-09 13:48:15.714','20260209133923_add_is_admin_to_usuarios',NULL,NULL,'2026-02-09 13:48:15.606',1),('f3f438d6-92aa-4187-a3e9-398d89cb1468','f64296c69a4f1c4538b65e82c641cc3d4c7e8330ad7ac5451b1fd68aa0782d09','2026-02-02 17:11:09.912','20260107214001_add_constantes_basicas',NULL,NULL,'2026-02-02 17:11:09.878',1),('f5fa03ff-8dd8-408e-8251-48cf0c4d265a','75b95dce048e368ecf8c082d7aaf771eafd5ba435fd4551cf827bbaf4b78ca19','2026-02-09 11:53:42.801','20260209004309_add_fornecedor_complemento',NULL,NULL,'2026-02-09 11:53:42.759',1),('f666145d-279e-4b59-ba46-32a13964dc7d','e5942a6eecae3ba2dc2948e1a55fcb1296c165da424f12d23e3a0dcb363eb9ff','2026-02-10 17:49:27.651','20260210113000_add_contato_referencia_funcionarios',NULL,NULL,'2026-02-10 17:49:27.617',1),('f9136466-e3f2-40ae-b040-c243281917c9','681fb7eaf13f1fae711e10e7f3810ea1d958506d39bfc077c2e97e5a222f134a','2026-02-02 17:11:11.165','20260110171729_produtos_marca',NULL,NULL,'2026-02-02 17:11:11.159',1),('facc4929-9301-4a9c-9628-21c0d39b6743','5d21935e33f744cd5de4078bbcd771ad19033dd003c140057bd42b1874dbebc1','2026-03-05 12:52:21.479','20260305140000_vendas_receber_no_ato_medicao',NULL,NULL,'2026-03-05 12:52:21.461',1),('fd4e00bf-2c7b-4a93-a5b4-831d50161329','914901c6313e58e94eafdad55cf2e92b38b8462268b72ee5f516096768d15029','2026-03-05 12:52:21.337','20260304190000_senha_expiracao_cliente_vendedor_profissao',NULL,NULL,'2026-03-05 12:52:21.192',1),('fd82de16-23ab-425b-b443-0aa9be2cc65f','b068b04577f2a6a943328a8e5027293d7c0ee11cde27747e63e86a15c18bec98','2026-02-02 17:11:11.985','20260113212200_atualizar_clientes',NULL,NULL,'2026-02-02 17:11:11.978',1),('ffb6449f-e550-4371-ba30-ceb4306996cb','dbfcc420091193f7652eae4f2bc8326ae6a70ddeed421ab9b282d40002dd2ad0','2026-02-02 17:11:11.217','20260111175345_atualizar_geral',NULL,NULL,'2026-02-02 17:11:11.209',1);
/*!40000 ALTER TABLE `_prisma_migrations` ENABLE KEYS */;
UNLOCK TABLES;

--
-- Table structure for table `agenda_fabrica`
--

DROP TABLE IF EXISTS `agenda_fabrica`;
/*!40101 SET @saved_cs_client     = @@character_set_client */;
/*!40101 SET character_set_client = utf8mb4 */;
CREATE TABLE `agenda_fabrica` (
  `id` int(11) NOT NULL AUTO_INCREMENT,
  `cliente_id` int(11) DEFAULT NULL,
  `fornecedor_id` int(11) DEFAULT NULL,
  `orcamento_id` int(11) DEFAULT NULL,
  `venda_id` int(11) DEFAULT NULL,
  `projeto_id` int(11) DEFAULT NULL,
  `plano_corte_id` int(11) DEFAULT NULL,
  `titulo` varchar(191) NOT NULL,
  `inicio_em` datetime(3) NOT NULL,
  `fim_em` datetime(3) NOT NULL,
  `categoria` varchar(191) DEFAULT NULL,
  `origem_fluxo` varchar(191) DEFAULT NULL,
  `status` varchar(191) NOT NULL DEFAULT 'PENDENTE',
  `status_source` varchar(191) DEFAULT NULL,
  `status_aplicado_em` datetime(3) DEFAULT NULL,
  `criado_em` datetime(3) NOT NULL DEFAULT current_timestamp(3),
  `atualizado_em` datetime(3) NOT NULL,
  `criado_por_usuario_id` int(11) DEFAULT NULL,
  `alterado_por_usuario_id` int(11) DEFAULT NULL,
  `alterado_em` datetime(3) DEFAULT NULL,
  `ambientes_selecionados` longtext CHARACTER SET utf8mb4 COLLATE utf8mb4_bin DEFAULT NULL CHECK (json_valid(`ambientes_selecionados`)),
  PRIMARY KEY (`id`),
  UNIQUE KEY `agenda_fabrica_orcamento_id_key` (`orcamento_id`),
  UNIQUE KEY `agenda_fabrica_plano_corte_id_key` (`plano_corte_id`),
  KEY `agenda_fabrica_cliente_id_idx` (`cliente_id`),
  KEY `agenda_fabrica_fornecedor_id_idx` (`fornecedor_id`),
  KEY `agenda_fabrica_venda_id_idx` (`venda_id`),
  KEY `agenda_fabrica_plano_corte_id_idx` (`plano_corte_id`),
  KEY `agenda_fabrica_inicio_em_idx` (`inicio_em`),
  KEY `agenda_fabrica_categoria_idx` (`categoria`),
  KEY `agenda_fabrica_origem_fluxo_idx` (`origem_fluxo`),
  KEY `agenda_fabrica_status_idx` (`status`),
  KEY `agenda_fabrica_status_source_idx` (`status_source`),
  KEY `agenda_fabrica_projeto_id_fkey` (`projeto_id`),
  KEY `agenda_fabrica_criado_por_usuario_id_idx` (`criado_por_usuario_id`),
  KEY `agenda_fabrica_alterado_por_usuario_id_idx` (`alterado_por_usuario_id`),
  CONSTRAINT `agenda_fabrica_alterado_por_usuario_id_fkey` FOREIGN KEY (`alterado_por_usuario_id`) REFERENCES `usuarios` (`id`) ON DELETE SET NULL ON UPDATE CASCADE,
  CONSTRAINT `agenda_fabrica_cliente_id_fkey` FOREIGN KEY (`cliente_id`) REFERENCES `clientes` (`id`) ON DELETE SET NULL ON UPDATE CASCADE,
  CONSTRAINT `agenda_fabrica_criado_por_usuario_id_fkey` FOREIGN KEY (`criado_por_usuario_id`) REFERENCES `usuarios` (`id`) ON DELETE SET NULL ON UPDATE CASCADE,
  CONSTRAINT `agenda_fabrica_fornecedor_id_fkey` FOREIGN KEY (`fornecedor_id`) REFERENCES `fornecedor` (`id`) ON DELETE SET NULL ON UPDATE CASCADE,
  CONSTRAINT `agenda_fabrica_orcamento_id_fkey` FOREIGN KEY (`orcamento_id`) REFERENCES `orcamentos` (`id`) ON DELETE SET NULL ON UPDATE CASCADE,
  CONSTRAINT `agenda_fabrica_plano_corte_id_fkey` FOREIGN KEY (`plano_corte_id`) REFERENCES `plano_corte` (`id`) ON DELETE SET NULL ON UPDATE CASCADE,
  CONSTRAINT `agenda_fabrica_projeto_id_fkey` FOREIGN KEY (`projeto_id`) REFERENCES `projetos` (`id`) ON DELETE SET NULL ON UPDATE CASCADE,
  CONSTRAINT `agenda_fabrica_venda_id_fkey` FOREIGN KEY (`venda_id`) REFERENCES `vendas` (`id`) ON DELETE SET NULL ON UPDATE CASCADE
) ENGINE=InnoDB AUTO_INCREMENT=2 DEFAULT CHARSET=utf8mb4 COLLATE=utf8mb4_unicode_ci;
/*!40101 SET character_set_client = @saved_cs_client */;

--
-- Dumping data for table `agenda_fabrica`
--

LOCK TABLES `agenda_fabrica` WRITE;
/*!40000 ALTER TABLE `agenda_fabrica` DISABLE KEYS */;
INSERT INTO `agenda_fabrica` VALUES (1,9,NULL,NULL,NULL,NULL,NULL,'Produção da venda #5','2026-02-26 12:18:22.690','2026-02-26 13:18:22.690','PRODUCAO_RECEBIDA','LOJA_VENDA','CANCELADO',NULL,NULL,'2026-02-26 12:18:22.691','2026-02-26 12:57:39.574',NULL,NULL,NULL,NULL);
/*!40000 ALTER TABLE `agenda_fabrica` ENABLE KEYS */;
UNLOCK TABLES;

--
-- Table structure for table `agenda_fabrica_apontamentos`
--

DROP TABLE IF EXISTS `agenda_fabrica_apontamentos`;
/*!40101 SET @saved_cs_client     = @@character_set_client */;
/*!40101 SET character_set_client = utf8mb4 */;
CREATE TABLE `agenda_fabrica_apontamentos` (
  `id` int(11) NOT NULL AUTO_INCREMENT,
  `agenda_fabrica_id` int(11) NOT NULL,
  `funcionario_id` int(11) NOT NULL,
  `inicio_em` datetime(3) NOT NULL,
  `fim_em` datetime(3) NOT NULL,
  `criado_em` datetime(3) NOT NULL DEFAULT current_timestamp(3),
  PRIMARY KEY (`id`),
  KEY `agenda_fabrica_apontamentos_agenda_fabrica_id_idx` (`agenda_fabrica_id`),
  KEY `agenda_fabrica_apontamentos_funcionario_id_idx` (`funcionario_id`),
  CONSTRAINT `agenda_fabrica_apontamentos_agenda_fabrica_id_fkey` FOREIGN KEY (`agenda_fabrica_id`) REFERENCES `agenda_fabrica` (`id`) ON DELETE CASCADE ON UPDATE CASCADE,
  CONSTRAINT `agenda_fabrica_apontamentos_funcionario_id_fkey` FOREIGN KEY (`funcionario_id`) REFERENCES `funcionarios` (`id`) ON DELETE CASCADE ON UPDATE CASCADE
) ENGINE=InnoDB DEFAULT CHARSET=utf8mb4 COLLATE=utf8mb4_unicode_ci;
/*!40101 SET character_set_client = @saved_cs_client */;

--
-- Dumping data for table `agenda_fabrica_apontamentos`
--

LOCK TABLES `agenda_fabrica_apontamentos` WRITE;
/*!40000 ALTER TABLE `agenda_fabrica_apontamentos` DISABLE KEYS */;
/*!40000 ALTER TABLE `agenda_fabrica_apontamentos` ENABLE KEYS */;
UNLOCK TABLES;

--
-- Table structure for table `agenda_fabrica_funcionarios`
--

DROP TABLE IF EXISTS `agenda_fabrica_funcionarios`;
/*!40101 SET @saved_cs_client     = @@character_set_client */;
/*!40101 SET character_set_client = utf8mb4 */;
CREATE TABLE `agenda_fabrica_funcionarios` (
  `id` int(11) NOT NULL AUTO_INCREMENT,
  `agenda_fabrica_id` int(11) NOT NULL,
  `funcionario_id` int(11) NOT NULL,
  PRIMARY KEY (`id`),
  KEY `agenda_fabrica_funcionarios_agenda_fabrica_id_idx` (`agenda_fabrica_id`),
  KEY `agenda_fabrica_funcionarios_funcionario_id_idx` (`funcionario_id`),
  CONSTRAINT `agenda_fabrica_funcionarios_agenda_fabrica_id_fkey` FOREIGN KEY (`agenda_fabrica_id`) REFERENCES `agenda_fabrica` (`id`) ON DELETE CASCADE ON UPDATE CASCADE,
  CONSTRAINT `agenda_fabrica_funcionarios_funcionario_id_fkey` FOREIGN KEY (`funcionario_id`) REFERENCES `funcionarios` (`id`) ON DELETE CASCADE ON UPDATE CASCADE
) ENGINE=InnoDB DEFAULT CHARSET=utf8mb4 COLLATE=utf8mb4_unicode_ci;
/*!40101 SET character_set_client = @saved_cs_client */;

--
-- Dumping data for table `agenda_fabrica_funcionarios`
--

LOCK TABLES `agenda_fabrica_funcionarios` WRITE;
/*!40000 ALTER TABLE `agenda_fabrica_funcionarios` DISABLE KEYS */;
/*!40000 ALTER TABLE `agenda_fabrica_funcionarios` ENABLE KEYS */;
UNLOCK TABLES;

--
-- Table structure for table `agenda_loja`
--

DROP TABLE IF EXISTS `agenda_loja`;
/*!40101 SET @saved_cs_client     = @@character_set_client */;
/*!40101 SET character_set_client = utf8mb4 */;
CREATE TABLE `agenda_loja` (
  `id` int(11) NOT NULL AUTO_INCREMENT,
  `cliente_id` int(11) DEFAULT NULL,
  `fornecedor_id` int(11) DEFAULT NULL,
  `orcamento_id` int(11) DEFAULT NULL,
  `venda_id` int(11) DEFAULT NULL,
  `projeto_id` int(11) DEFAULT NULL,
  `titulo` varchar(191) NOT NULL,
  `inicio_em` datetime(3) NOT NULL,
  `fim_em` datetime(3) NOT NULL,
  `categoria` varchar(191) DEFAULT NULL,
  `origem_fluxo` varchar(191) DEFAULT NULL,
  `status` varchar(191) NOT NULL DEFAULT 'PENDENTE',
  `status_source` varchar(191) DEFAULT NULL,
  `status_aplicado_em` datetime(3) DEFAULT NULL,
  `criado_em` datetime(3) NOT NULL DEFAULT current_timestamp(3),
  `atualizado_em` datetime(3) NOT NULL,
  `criado_por_usuario_id` int(11) DEFAULT NULL,
  `alterado_por_usuario_id` int(11) DEFAULT NULL,
  `alterado_em` datetime(3) DEFAULT NULL,
  PRIMARY KEY (`id`),
  KEY `agenda_loja_cliente_id_idx` (`cliente_id`),
  KEY `agenda_loja_fornecedor_id_idx` (`fornecedor_id`),
  KEY `agenda_loja_venda_id_idx` (`venda_id`),
  KEY `agenda_loja_inicio_em_idx` (`inicio_em`),
  KEY `agenda_loja_categoria_idx` (`categoria`),
  KEY `agenda_loja_origem_fluxo_idx` (`origem_fluxo`),
  KEY `agenda_loja_status_idx` (`status`),
  KEY `agenda_loja_status_source_idx` (`status_source`),
  KEY `agenda_loja_projeto_id_fkey` (`projeto_id`),
  KEY `agenda_loja_orcamento_id_idx` (`orcamento_id`),
  KEY `agenda_loja_criado_por_usuario_id_idx` (`criado_por_usuario_id`),
  KEY `agenda_loja_alterado_por_usuario_id_idx` (`alterado_por_usuario_id`),
  CONSTRAINT `agenda_loja_alterado_por_usuario_id_fkey` FOREIGN KEY (`alterado_por_usuario_id`) REFERENCES `usuarios` (`id`) ON DELETE SET NULL ON UPDATE CASCADE,
  CONSTRAINT `agenda_loja_cliente_id_fkey` FOREIGN KEY (`cliente_id`) REFERENCES `clientes` (`id`) ON DELETE SET NULL ON UPDATE CASCADE,
  CONSTRAINT `agenda_loja_criado_por_usuario_id_fkey` FOREIGN KEY (`criado_por_usuario_id`) REFERENCES `usuarios` (`id`) ON DELETE SET NULL ON UPDATE CASCADE,
  CONSTRAINT `agenda_loja_fornecedor_id_fkey` FOREIGN KEY (`fornecedor_id`) REFERENCES `fornecedor` (`id`) ON DELETE SET NULL ON UPDATE CASCADE,
  CONSTRAINT `agenda_loja_orcamento_id_fkey` FOREIGN KEY (`orcamento_id`) REFERENCES `orcamentos` (`id`) ON DELETE SET NULL ON UPDATE CASCADE,
  CONSTRAINT `agenda_loja_projeto_id_fkey` FOREIGN KEY (`projeto_id`) REFERENCES `projetos` (`id`) ON DELETE SET NULL ON UPDATE CASCADE,
  CONSTRAINT `agenda_loja_venda_id_fkey` FOREIGN KEY (`venda_id`) REFERENCES `vendas` (`id`) ON DELETE SET NULL ON UPDATE CASCADE
) ENGINE=InnoDB AUTO_INCREMENT=17 DEFAULT CHARSET=utf8mb4 COLLATE=utf8mb4_unicode_ci;
/*!40101 SET character_set_client = @saved_cs_client */;

--
-- Dumping data for table `agenda_loja`
--

LOCK TABLES `agenda_loja` WRITE;
/*!40000 ALTER TABLE `agenda_loja` DISABLE KEYS */;
INSERT INTO `agenda_loja` VALUES (10,3,NULL,NULL,NULL,NULL,'Tarefa de agenda','2026-02-21 12:00:00.000','2026-02-21 14:00:00.000',NULL,'TAREFA','CONCLUIDO',NULL,NULL,'2026-02-19 15:18:30.451','2026-02-26 11:17:00.117',NULL,NULL,NULL),(11,17,NULL,7,NULL,NULL,'Agendar apresentação - Cliente','2026-02-28 12:30:00.000','2026-02-28 13:30:00.000','APRESENTACAO','LOJA_VENDA','CONCLUIDO',NULL,NULL,'2026-02-26 13:29:16.538','2026-02-28 13:30:00.074',NULL,NULL,NULL),(12,17,NULL,7,NULL,NULL,'Agendar apresentação - Cliente','2026-02-26 13:46:00.000','2026-02-26 14:46:00.000','APRESENTACAO','LOJA_VENDA','CANCELADO',NULL,NULL,'2026-02-26 13:48:23.034','2026-02-26 13:52:55.398',NULL,NULL,NULL),(13,3,NULL,NULL,NULL,NULL,'Agendar medida - Cliente','2026-02-26 13:53:00.000','2026-02-26 14:53:00.000','MEDIDA','LOJA_VENDA','CANCELADO',NULL,NULL,'2026-02-26 13:53:30.376','2026-02-26 14:21:56.007',NULL,NULL,NULL),(14,6,NULL,NULL,NULL,NULL,'Agendar medida - Cliente','2026-02-26 16:53:00.000','2026-02-26 18:53:00.000','MEDIDA','LOJA_VENDA','CANCELADO',NULL,NULL,'2026-02-26 13:54:15.550','2026-03-02 19:09:12.102',NULL,NULL,NULL),(15,16,NULL,NULL,NULL,NULL,'Agendar apresentação - Cliente','2026-03-02 17:00:00.000','2026-03-02 20:27:00.000','APRESENTACAO','LOJA_VENDA','CONCLUIDO',NULL,NULL,'2026-02-27 19:27:23.190','2026-03-02 20:27:00.099',NULL,NULL,NULL),(16,18,NULL,NULL,NULL,NULL,'Agendar apresentação - Cliente','2026-03-02 12:00:00.000','2026-03-02 13:00:00.000','APRESENTACAO','LOJA_VENDA','CONCLUIDO',NULL,NULL,'2026-02-27 19:28:18.171','2026-03-02 13:00:00.095',NULL,NULL,NULL);
/*!40000 ALTER TABLE `agenda_loja` ENABLE KEYS */;
UNLOCK TABLES;

--
-- Table structure for table `agenda_loja_apontamentos`
--

DROP TABLE IF EXISTS `agenda_loja_apontamentos`;
/*!40101 SET @saved_cs_client     = @@character_set_client */;
/*!40101 SET character_set_client = utf8mb4 */;
CREATE TABLE `agenda_loja_apontamentos` (
  `id` int(11) NOT NULL AUTO_INCREMENT,
  `agenda_loja_id` int(11) NOT NULL,
  `funcionario_id` int(11) NOT NULL,
  `inicio_em` datetime(3) NOT NULL,
  `fim_em` datetime(3) NOT NULL,
  `criado_em` datetime(3) NOT NULL DEFAULT current_timestamp(3),
  PRIMARY KEY (`id`),
  KEY `agenda_loja_apontamentos_agenda_loja_id_idx` (`agenda_loja_id`),
  KEY `agenda_loja_apontamentos_funcionario_id_idx` (`funcionario_id`),
  CONSTRAINT `agenda_loja_apontamentos_agenda_loja_id_fkey` FOREIGN KEY (`agenda_loja_id`) REFERENCES `agenda_loja` (`id`) ON DELETE CASCADE ON UPDATE CASCADE,
  CONSTRAINT `agenda_loja_apontamentos_funcionario_id_fkey` FOREIGN KEY (`funcionario_id`) REFERENCES `funcionarios` (`id`) ON DELETE CASCADE ON UPDATE CASCADE
) ENGINE=InnoDB AUTO_INCREMENT=8 DEFAULT CHARSET=utf8mb4 COLLATE=utf8mb4_unicode_ci;
/*!40101 SET character_set_client = @saved_cs_client */;

--
-- Dumping data for table `agenda_loja_apontamentos`
--

LOCK TABLES `agenda_loja_apontamentos` WRITE;
/*!40000 ALTER TABLE `agenda_loja_apontamentos` DISABLE KEYS */;
INSERT INTO `agenda_loja_apontamentos` VALUES (1,10,1,'2026-02-21 12:00:00.000','2026-02-21 14:00:00.000','2026-02-19 15:18:30.484'),(2,11,11,'2026-02-28 12:30:00.000','2026-02-28 13:30:00.000','2026-02-26 13:29:16.554'),(3,12,8,'2026-02-26 13:46:00.000','2026-02-26 14:46:00.000','2026-02-26 13:48:23.053'),(4,13,8,'2026-02-26 13:53:00.000','2026-02-26 14:53:00.000','2026-02-26 13:53:30.381'),(5,14,8,'2026-02-26 16:53:00.000','2026-02-26 18:53:00.000','2026-02-26 13:54:15.561'),(6,15,9,'2026-03-02 17:00:00.000','2026-03-02 20:27:00.000','2026-02-27 19:27:23.203'),(7,16,9,'2026-03-02 12:00:00.000','2026-03-02 13:00:00.000','2026-02-27 19:28:18.183');
/*!40000 ALTER TABLE `agenda_loja_apontamentos` ENABLE KEYS */;
UNLOCK TABLES;

--
-- Table structure for table `agenda_loja_funcionarios`
--

DROP TABLE IF EXISTS `agenda_loja_funcionarios`;
/*!40101 SET @saved_cs_client     = @@character_set_client */;
/*!40101 SET character_set_client = utf8mb4 */;
CREATE TABLE `agenda_loja_funcionarios` (
  `id` int(11) NOT NULL AUTO_INCREMENT,
  `agenda_loja_id` int(11) NOT NULL,
  `funcionario_id` int(11) NOT NULL,
  PRIMARY KEY (`id`),
  KEY `agenda_loja_funcionarios_agenda_loja_id_idx` (`agenda_loja_id`),
  KEY `agenda_loja_funcionarios_funcionario_id_idx` (`funcionario_id`),
  CONSTRAINT `agenda_loja_funcionarios_agenda_loja_id_fkey` FOREIGN KEY (`agenda_loja_id`) REFERENCES `agenda_loja` (`id`) ON DELETE CASCADE ON UPDATE CASCADE,
  CONSTRAINT `agenda_loja_funcionarios_funcionario_id_fkey` FOREIGN KEY (`funcionario_id`) REFERENCES `funcionarios` (`id`) ON DELETE CASCADE ON UPDATE CASCADE
) ENGINE=InnoDB AUTO_INCREMENT=8 DEFAULT CHARSET=utf8mb4 COLLATE=utf8mb4_unicode_ci;
/*!40101 SET character_set_client = @saved_cs_client */;

--
-- Dumping data for table `agenda_loja_funcionarios`
--

LOCK TABLES `agenda_loja_funcionarios` WRITE;
/*!40000 ALTER TABLE `agenda_loja_funcionarios` DISABLE KEYS */;
INSERT INTO `agenda_loja_funcionarios` VALUES (1,10,1),(2,11,11),(3,12,8),(4,13,8),(5,14,8),(6,15,9),(7,16,9);
/*!40000 ALTER TABLE `agenda_loja_funcionarios` ENABLE KEYS */;
UNLOCK TABLES;

--
-- Table structure for table `apontamento_producao`
--

DROP TABLE IF EXISTS `apontamento_producao`;
/*!40101 SET @saved_cs_client     = @@character_set_client */;
/*!40101 SET character_set_client = utf8mb4 */;
CREATE TABLE `apontamento_producao` (
  `id` int(11) NOT NULL AUTO_INCREMENT,
  `agenda_fabrica_id` int(11) DEFAULT NULL,
  `venda_id` int(11) DEFAULT NULL,
  `funcionario_id` int(11) NOT NULL,
  `categoria` varchar(60) DEFAULT NULL,
  `data` date NOT NULL,
  `inicio_em` datetime(3) NOT NULL,
  `fim_em` datetime(3) NOT NULL,
  `horas` decimal(6,2) DEFAULT NULL,
  `custo_calculado` decimal(12,2) DEFAULT NULL,
  `observacao` varchar(500) DEFAULT NULL,
  `criado_em` datetime(3) NOT NULL DEFAULT current_timestamp(3),
  `atualizado_em` datetime(3) NOT NULL,
  `agenda_loja_id` int(11) DEFAULT NULL,
  `pausa_inicio_em` datetime(3) DEFAULT NULL,
  `pausa_fim_em` datetime(3) DEFAULT NULL,
  `pausa_total_segundos` double DEFAULT NULL,
  PRIMARY KEY (`id`),
  KEY `apontamento_producao_agenda_fabrica_id_idx` (`agenda_fabrica_id`),
  KEY `apontamento_producao_venda_id_idx` (`venda_id`),
  KEY `apontamento_producao_funcionario_id_idx` (`funcionario_id`),
  KEY `apontamento_producao_data_idx` (`data`),
  KEY `apontamento_producao_categoria_idx` (`categoria`),
  KEY `apontamento_producao_agenda_loja_id_idx` (`agenda_loja_id`),
  CONSTRAINT `apontamento_producao_agenda_fabrica_id_fkey` FOREIGN KEY (`agenda_fabrica_id`) REFERENCES `agenda_fabrica` (`id`) ON DELETE SET NULL ON UPDATE CASCADE,
  CONSTRAINT `apontamento_producao_agenda_loja_id_fkey` FOREIGN KEY (`agenda_loja_id`) REFERENCES `agenda_loja` (`id`) ON DELETE SET NULL ON UPDATE CASCADE,
  CONSTRAINT `apontamento_producao_funcionario_id_fkey` FOREIGN KEY (`funcionario_id`) REFERENCES `funcionarios` (`id`) ON DELETE CASCADE ON UPDATE CASCADE,
  CONSTRAINT `apontamento_producao_venda_id_fkey` FOREIGN KEY (`venda_id`) REFERENCES `vendas` (`id`) ON DELETE SET NULL ON UPDATE CASCADE
) ENGINE=InnoDB DEFAULT CHARSET=utf8mb4 COLLATE=utf8mb4_unicode_ci;
/*!40101 SET character_set_client = @saved_cs_client */;

--
-- Dumping data for table `apontamento_producao`
--

LOCK TABLES `apontamento_producao` WRITE;
/*!40000 ALTER TABLE `apontamento_producao` DISABLE KEYS */;
/*!40000 ALTER TABLE `apontamento_producao` ENABLE KEYS */;
UNLOCK TABLES;

--
-- Table structure for table `arquivos`
--

DROP TABLE IF EXISTS `arquivos`;
/*!40101 SET @saved_cs_client     = @@character_set_client */;
/*!40101 SET character_set_client = utf8mb4 */;
CREATE TABLE `arquivos` (
  `id` int(11) NOT NULL AUTO_INCREMENT,
  `owner_type` varchar(191) NOT NULL,
  `owner_id` int(11) NOT NULL,
  `categoria` varchar(191) DEFAULT NULL,
  `slot_key` varchar(191) DEFAULT NULL,
  `url` varchar(191) NOT NULL,
  `filename` varchar(191) NOT NULL,
  `nome` varchar(191) DEFAULT NULL,
  `mime_type` varchar(191) DEFAULT NULL,
  `tamanho` int(11) DEFAULT NULL,
  `criado_em` datetime(3) NOT NULL DEFAULT current_timestamp(3),
  PRIMARY KEY (`id`),
  UNIQUE KEY `arquivos_owner_type_owner_id_slot_key_key` (`owner_type`,`owner_id`,`slot_key`),
  KEY `arquivos_owner_type_owner_id_idx` (`owner_type`,`owner_id`),
  KEY `arquivos_owner_type_owner_id_categoria_idx` (`owner_type`,`owner_id`,`categoria`)
) ENGINE=InnoDB AUTO_INCREMENT=59 DEFAULT CHARSET=utf8mb4 COLLATE=utf8mb4_unicode_ci;
/*!40101 SET character_set_client = @saved_cs_client */;

--
-- Dumping data for table `arquivos`
--

LOCK TABLES `arquivos` WRITE;
/*!40000 ALTER TABLE `arquivos` DISABLE KEYS */;
INSERT INTO `arquivos` VALUES (1,'EMPRESA',1,'RELATORIO',NULL,'/uploads/relatorios/relatorio_funcionarios_20260202182038337_9ba22bf61b91.pdf','relatorio_funcionarios_20260202182038337_9ba22bf61b91.pdf','RELATORIO FUNCIONARIOS 20260202182038337','application/pdf',85223,'2026-02-02 18:20:38.339'),(2,'EMPRESA',1,'RELATORIO',NULL,'/uploads/relatorios/relatorio_funcionarios_20260203112245115_819f22f4eeb8.pdf','relatorio_funcionarios_20260203112245115_819f22f4eeb8.pdf','RELATORIO FUNCIONARIOS 20260203112245115','application/pdf',85223,'2026-02-03 11:22:45.116'),(3,'EMPRESA',1,'RELATORIO',NULL,'/uploads/relatorios/relatorio_funcionarios_20260203114920108_16791876635d.pdf','relatorio_funcionarios_20260203114920108_16791876635d.pdf','RELATORIO FUNCIONARIOS 20260203114920108','application/pdf',85387,'2026-02-03 11:49:20.115'),(4,'FUNCIONARIO',5,'RELATORIO',NULL,'/uploads/relatorios/ponto_5_202601_20260204003647569_28cc17fce4a5.pdf','ponto_5_202601_20260204003647569_28cc17fce4a5.pdf','RELATÓRIO PONTO 01/2026 - JODAIR FERREIRA DE MELO','application/pdf',2891,'2026-02-04 00:36:47.574'),(5,'ORCAMENTO',1,'RELATORIO',NULL,'/uploads/relatorios/orcamento_1_20260204003721616_e4bc975a6e31.pdf','orcamento_1_20260204003721616_e4bc975a6e31.pdf','ORÇAMENTO #1','application/pdf',1202653,'2026-02-04 00:37:21.618'),(6,'FUNCIONARIO',5,'RELATORIO',NULL,'/uploads/relatorios/ponto_5_202601_20260204004052706_760df4b156f9.pdf','ponto_5_202601_20260204004052706_760df4b156f9.pdf','RELATÓRIO PONTO 01/2026 - JODAIR FERREIRA DE MELO','application/pdf',2891,'2026-02-04 00:40:52.707'),(7,'FUNCIONARIO',5,'RELATORIO',NULL,'/uploads/funcionarios/ponto_5_202601_20260204011845546_9c56f2b3212d.pdf','ponto_5_202601_20260204011845546_9c56f2b3212d.pdf','RELATÓRIO PONTO 01/2026 - JODAIR FERREIRA DE MELO','application/pdf',86541,'2026-02-04 01:18:45.550'),(8,'FUNCIONARIO',5,'RELATORIO',NULL,'/uploads/funcionarios/ponto_5_202601_20260204012545138_cb754e59be04.pdf','ponto_5_202601_20260204012545138_cb754e59be04.pdf','RELATÓRIO PONTO 01/2026 - JODAIR FERREIRA DE MELO','application/pdf',86970,'2026-02-04 01:25:45.143'),(9,'FUNCIONARIO',5,'RELATORIO',NULL,'/uploads/funcionarios/ponto_5_202601_20260204013105368_fe11fb9ad75d.pdf','ponto_5_202601_20260204013105368_fe11fb9ad75d.pdf','RELATÓRIO PONTO 01/2026 - JODAIR FERREIRA DE MELO','application/pdf',87105,'2026-02-04 01:31:05.370'),(10,'FUNCIONARIO',5,'RELATORIO',NULL,'/uploads/funcionarios/ponto_5_202601_20260204013238932_be35a5a8606e.pdf','ponto_5_202601_20260204013238932_be35a5a8606e.pdf','RELATÓRIO PONTO 01/2026 - JODAIR FERREIRA DE MELO','application/pdf',87143,'2026-02-04 01:32:38.934'),(11,'FUNCIONARIO',5,'RELATORIO',NULL,'/uploads/funcionarios/ponto_5_202601_20260204014521059_5c6bde071212.pdf','ponto_5_202601_20260204014521059_5c6bde071212.pdf','RELATÓRIO PONTO 01/2026 - JODAIR FERREIRA DE MELO','application/pdf',87105,'2026-02-04 01:45:21.061'),(12,'FUNCIONARIO',5,'RELATORIO',NULL,'/uploads/funcionarios/ponto_5_202601_20260204014914865_202dffe16fed.pdf','ponto_5_202601_20260204014914865_202dffe16fed.pdf','RELATÓRIO PONTO 01/2026 - JODAIR FERREIRA DE MELO','application/pdf',87099,'2026-02-04 01:49:14.866'),(13,'FUNCIONARIO',5,'RELATORIO',NULL,'/uploads/funcionarios/ponto_5_20261_f7165ee2.pdf','ponto_5_20261_f7165ee2.pdf','RELATÓRIO PONTO 01/2026 - JODAIR FERREIRA DE MELO','application/pdf',87180,'2026-02-04 02:11:16.119'),(14,'EMPRESA',1,'RELATORIO',NULL,'/uploads/relatorios/relatorio_funcionarios_20260209111028896_d668d0532ad0.pdf','relatorio_funcionarios_20260209111028896_d668d0532ad0.pdf','RELATORIO FUNCIONARIOS 20260209111028896','application/pdf',85494,'2026-02-09 11:10:28.933'),(15,'FUNCIONARIO',5,'RELATORIO',NULL,'/uploads/funcionarios/ponto_5_20261_0b82a5dd.pdf','ponto_5_20261_0b82a5dd.pdf','RELATÓRIO PONTO 01/2026 - JODAIR FERREIRA DE MELO','application/pdf',87180,'2026-02-09 13:56:17.857'),(17,'ORCAMENTO',2,'RELATORIO',NULL,'/uploads/relatorios/orcamento_2_20260209140152898_b5850681c723.pdf','orcamento_2_20260209140152898_b5850681c723.pdf','ORÇAMENTO #2','application/pdf',1202611,'2026-02-09 14:01:52.900'),(18,'ORCAMENTO',2,'RELATORIO',NULL,'/uploads/relatorios/orcamento_2_20260209140225801_cc5cbe224d7a.pdf','orcamento_2_20260209140225801_cc5cbe224d7a.pdf','ORÇAMENTO #2','application/pdf',1202610,'2026-02-09 14:02:25.809'),(19,'ORCAMENTO',1,'RELATORIO',NULL,'/uploads/relatorios/orcamento_1_20260209141243472_7acac7ef50a6.pdf','orcamento_1_20260209141243472_7acac7ef50a6.pdf','ORÇAMENTO #1','application/pdf',1202671,'2026-02-09 14:12:43.474'),(20,'ORCAMENTO',3,'RELATORIO',NULL,'/uploads/relatorios/orcamento_3_20260209145130487_9c5d9e4bfc46.pdf','orcamento_3_20260209145130487_9c5d9e4bfc46.pdf','ORÇAMENTO #3','application/pdf',1202721,'2026-02-09 14:51:30.489'),(21,'FUNCIONARIO',5,'RELATORIO',NULL,'/uploads/funcionarios/ponto_5_20262_dd52aaca.pdf','ponto_5_20262_dd52aaca.pdf','RELATÓRIO PONTO 02/2026 - JODAIR FERREIRA DE MELO','application/pdf',86746,'2026-02-09 23:44:26.694'),(22,'FUNCIONARIO',1,'RELATORIO',NULL,'/uploads/funcionarios/ponto_1_20262_9ef1078f.pdf','ponto_1_20262_9ef1078f.pdf','RELATÓRIO PONTO 02/2026 - ANA PAULA COSTA DE SOUZA','application/pdf',86704,'2026-02-10 12:12:23.646'),(23,'FUNCIONARIO',4,'RELATORIO',NULL,'/uploads/funcionarios/ponto_4_20262_c899c008.pdf','ponto_4_20262_c899c008.pdf','RELATÓRIO PONTO 02/2026 - MAYKE OLIVEIRA DE PAULO','application/pdf',86739,'2026-02-10 13:36:51.415'),(24,'FUNCIONARIO',5,'RELATORIO',NULL,'/uploads/funcionarios/ponto_5_20262_dd66f252.pdf','ponto_5_20262_dd66f252.pdf','RELATÓRIO PONTO 02/2026 - JODAIR FERREIRA DE MELO','application/pdf',86746,'2026-02-10 14:13:54.917'),(25,'FUNCIONARIO',4,'RELATORIO',NULL,'/uploads/funcionarios/ponto_4_20262_569ea36d.pdf','ponto_4_20262_569ea36d.pdf','RELATÓRIO PONTO 02/2026 - MAYKE OLIVEIRA DE PAULO','application/pdf',86739,'2026-02-10 14:13:55.153'),(26,'FUNCIONARIO',3,'RELATORIO',NULL,'/uploads/funcionarios/ponto_3_20262_f4ba642c.pdf','ponto_3_20262_f4ba642c.pdf','RELATÓRIO PONTO 02/2026 - JHONATAN WILLIAN ALVES BEVILACQUA','application/pdf',86738,'2026-02-10 14:13:55.353'),(27,'FUNCIONARIO',2,'RELATORIO',NULL,'/uploads/funcionarios/ponto_2_20262_7e997269.pdf','ponto_2_20262_7e997269.pdf','RELATÓRIO PONTO 02/2026 - WELLINGTON PINHEIRO MOTA','application/pdf',86733,'2026-02-10 14:13:55.542'),(28,'FUNCIONARIO',1,'RELATORIO',NULL,'/uploads/funcionarios/ponto_1_20262_40b83905.pdf','ponto_1_20262_40b83905.pdf','RELATÓRIO PONTO 02/2026 - ANA PAULA COSTA DE SOUZA','application/pdf',86704,'2026-02-10 14:13:55.742'),(29,'FUNCIONARIO',5,'RELATORIO',NULL,'/uploads/funcionarios/ponto_5_20262_caba5db3.pdf','ponto_5_20262_caba5db3.pdf','RELATÓRIO PONTO 02/2026 - JODAIR FERREIRA DE MELO','application/pdf',86746,'2026-02-10 14:14:07.787'),(30,'FUNCIONARIO',4,'RELATORIO',NULL,'/uploads/funcionarios/ponto_4_20262_d36a4ac5.pdf','ponto_4_20262_d36a4ac5.pdf','RELATÓRIO PONTO 02/2026 - MAYKE OLIVEIRA DE PAULO','application/pdf',86739,'2026-02-10 14:14:08.003'),(31,'FUNCIONARIO',3,'RELATORIO',NULL,'/uploads/funcionarios/ponto_3_20262_7f2cf9cd.pdf','ponto_3_20262_7f2cf9cd.pdf','RELATÓRIO PONTO 02/2026 - JHONATAN WILLIAN ALVES BEVILACQUA','application/pdf',86738,'2026-02-10 14:14:08.192'),(32,'FUNCIONARIO',2,'RELATORIO',NULL,'/uploads/funcionarios/ponto_2_20262_4590ba5b.pdf','ponto_2_20262_4590ba5b.pdf','RELATÓRIO PONTO 02/2026 - WELLINGTON PINHEIRO MOTA','application/pdf',86733,'2026-02-10 14:14:08.385'),(33,'FUNCIONARIO',1,'RELATORIO',NULL,'/uploads/funcionarios/ponto_1_20262_f85b0a6d.pdf','ponto_1_20262_f85b0a6d.pdf','RELATÓRIO PONTO 02/2026 - ANA PAULA COSTA DE SOUZA','application/pdf',86704,'2026-02-10 14:14:08.593'),(34,'ORCAMENTO',4,'ANEXO',NULL,'/uploads/orcamentos/ORCAMENTO_SEM_NOME_2026-02-10_VFJ925.pdf','ORCAMENTO_SEM_NOME_2026-02-10_VFJ925.pdf','CONTRATO DRIELI MORAIS.pdf','application/pdf',270708,'2026-02-10 19:08:36.778'),(35,'FUNCIONARIO',5,'RELATORIO',NULL,'/uploads/funcionarios/ponto_5_20262_3c1a9e8d.pdf','ponto_5_20262_3c1a9e8d.pdf','RELATÓRIO PONTO 02/2026 - JODAIR FERREIRA DE MELO','application/pdf',86746,'2026-02-11 20:44:31.960'),(36,'ORCAMENTO',4,'RELATORIO',NULL,'/uploads/relatorios/orcamento_4_20260218192218221_48edb0e70d81.pdf','orcamento_4_20260218192218221_48edb0e70d81.pdf','ORÇAMENTO #4','application/pdf',1203044,'2026-02-18 19:22:18.224'),(37,'ORCAMENTO',4,'RELATORIO',NULL,'/uploads/relatorios/orcamento_4_20260218192325191_6392a569c18d.pdf','orcamento_4_20260218192325191_6392a569c18d.pdf','ORÇAMENTO #4','application/pdf',1203041,'2026-02-18 19:23:25.194'),(38,'ORCAMENTO',4,'RELATORIO',NULL,'/uploads/relatorios/orcamento_4_20260219123857670_6c8e12d4091e.pdf','orcamento_4_20260219123857670_6c8e12d4091e.pdf','ORÇAMENTO #4','application/pdf',1203723,'2026-02-19 12:38:57.672'),(39,'CONTRATO',1,'RELATORIO',NULL,'/uploads/relatorios/contrato_1_20260220195530208_741aea42078c.pdf','contrato_1_20260220195530208_741aea42078c.pdf','CONTRATO #1','application/pdf',101312,'2026-02-20 19:55:30.209'),(40,'CONTRATO',1,'RELATORIO',NULL,'/uploads/relatorios/contrato_1_20260223121300222_acc2dcd97daa.pdf','contrato_1_20260223121300222_acc2dcd97daa.pdf','CONTRATO #1','application/pdf',102454,'2026-02-23 12:13:00.225'),(41,'ORCAMENTO',6,'ANEXO',NULL,'/uploads/orcamentos/ORCAMENTO_SEM_NOME_2026-02-23_O7DZXB.jpeg','ORCAMENTO_SEM_NOME_2026-02-23_O7DZXB.jpeg','WhatsApp Image 2026-02-20 at 14.41.29 (1).jpeg','image/jpeg',335415,'2026-02-23 15:40:40.743'),(42,'ORCAMENTO',6,'IMAGEM_PDF',NULL,'/uploads/orcamentos/ORCAMENTO_SEM_NOME_2026-02-23_9TX5GN.jpeg','ORCAMENTO_SEM_NOME_2026-02-23_9TX5GN.jpeg','WhatsApp Image 2026-02-20 at 14.41.25 (1).jpeg','image/jpeg',44805,'2026-02-23 15:42:14.823'),(43,'ORCAMENTO',6,'RELATORIO',NULL,'/uploads/relatorios/orcamento_6_20260223154247190_02fb188f567a.pdf','orcamento_6_20260223154247190_02fb188f567a.pdf','ORÇAMENTO #6','application/pdf',1250187,'2026-02-23 15:42:47.194'),(44,'ORCAMENTO',6,'RELATORIO',NULL,'/uploads/relatorios/orcamento_6_20260223154949035_10f5fe21b9b3.pdf','orcamento_6_20260223154949035_10f5fe21b9b3.pdf','ORÇAMENTO #6','application/pdf',1250186,'2026-02-23 15:49:49.037'),(45,'EMPRESA',1,'RELATORIO',NULL,'/uploads/relatorios/relatorio_funcionarios_20260223162623143_86bf0e5506f4.pdf','relatorio_funcionarios_20260223162623143_86bf0e5506f4.pdf','RELATORIO FUNCIONARIOS 20260223162623143','application/pdf',85494,'2026-02-23 16:26:23.145'),(46,'CONTRATO',2,'RELATORIO',NULL,'/uploads/relatorios/contrato_2_20260223162749797_c54365e97497.pdf','contrato_2_20260223162749797_c54365e97497.pdf','CONTRATO #2','application/pdf',102270,'2026-02-23 16:27:49.799'),(47,'CONTRATO',2,'RELATORIO',NULL,'/uploads/relatorios/contrato_2_20260223164112145_fead79c5b9be.pdf','contrato_2_20260223164112145_fead79c5b9be.pdf','CONTRATO #2','application/pdf',102270,'2026-02-23 16:41:12.146'),(48,'CONTRATO',2,'RELATORIO',NULL,'/uploads/relatorios/contrato_2_20260223181029872_df21991a92a6.pdf','contrato_2_20260223181029872_df21991a92a6.pdf','CONTRATO #2','application/pdf',102270,'2026-02-23 18:10:29.873'),(49,'FUNCIONARIO',3,'RELATORIO',NULL,'/uploads/funcionarios/ponto_3_20262_10ee5814.pdf','ponto_3_20262_10ee5814.pdf','RELATÓRIO PONTO 02/2026 - JHONATAN WILLIAN ALVES BEVILACQUA','application/pdf',87099,'2026-02-25 19:57:31.887'),(50,'CONTRATO',3,'RELATORIO_INTERNO','CONTRATO_ASSINADO_EMPRESA','/uploads/relatorios/contrato_3_contrato_assinado_empresa_20260226121822422_817a7aaa0305.pdf','contrato_3_contrato_assinado_empresa_20260226121822422_817a7aaa0305.pdf','CONTRATO #3 (base empresa)','application/pdf',123786,'2026-02-26 12:18:22.425'),(51,'CONTRATO',3,'RELATORIO','CONTRATO_ASSINADO_CLIENTE','/uploads/relatorios/contrato_3_contrato_assinado_cliente_20260226121822639_1c2747273a3b.pdf','contrato_3_contrato_assinado_cliente_20260226121822639_1c2747273a3b.pdf','CONTRATO #3 (assinado cliente)','application/pdf',123948,'2026-02-26 12:18:22.643'),(52,'ORCAMENTO',7,'RELATORIO',NULL,'/uploads/relatorios/orcamento_7_20260226132002689_7334c6249edf.pdf','orcamento_7_20260226132002689_7334c6249edf.pdf','ORÇAMENTO #7','application/pdf',1205056,'2026-02-26 13:20:02.694'),(53,'ORCAMENTO',7,'RELATORIO',NULL,'/uploads/relatorios/orcamento_7_20260226132600888_3b667831348b.pdf','orcamento_7_20260226132600888_3b667831348b.pdf','ORÇAMENTO #7','application/pdf',1205056,'2026-02-26 13:26:00.890'),(54,'EMPRESA',1,'RELATORIO',NULL,'/uploads/relatorios/relatorio_funcionarios_20260226163335029_df167b595369.pdf','relatorio_funcionarios_20260226163335029_df167b595369.pdf','RELATORIO FUNCIONARIOS 20260226163335029','application/pdf',85442,'2026-02-26 16:33:35.032'),(55,'ORCAMENTO',8,'RELATORIO',NULL,'/uploads/relatorios/orcamento_8_20260306160741978_2e3f0202924a.pdf','orcamento_8_20260306160741978_2e3f0202924a.pdf','ORÇAMENTO #8','application/pdf',1161662,'2026-03-06 16:07:41.981'),(56,'ORCAMENTO',8,'RELATORIO',NULL,'/uploads/relatorios/orcamento_8_20260306181425596_5da75e043c9b.pdf','orcamento_8_20260306181425596_5da75e043c9b.pdf','ORÇAMENTO #8','application/pdf',1161662,'2026-03-06 18:14:25.599'),(57,'ORCAMENTO',8,'RELATORIO',NULL,'/uploads/relatorios/orcamento_8_20260306181511201_e0c5321af375.pdf','orcamento_8_20260306181511201_e0c5321af375.pdf','ORÇAMENTO #8','application/pdf',1161662,'2026-03-06 18:15:11.204'),(58,'ORCAMENTO',8,'RELATORIO',NULL,'/uploads/relatorios/orcamento_8_20260306182229139_1011021e7ecc.pdf','orcamento_8_20260306182229139_1011021e7ecc.pdf','ORÇAMENTO #8','application/pdf',1161607,'2026-03-06 18:22:29.141');
/*!40000 ALTER TABLE `arquivos` ENABLE KEYS */;
UNLOCK TABLES;

--
-- Table structure for table `assinaturas_log`
--

DROP TABLE IF EXISTS `assinaturas_log`;
/*!40101 SET @saved_cs_client     = @@character_set_client */;
/*!40101 SET character_set_client = utf8mb4 */;
CREATE TABLE `assinaturas_log` (
  `id` int(11) NOT NULL AUTO_INCREMENT,
  `contrato_id` int(11) NOT NULL,
  `data_hora` datetime(3) NOT NULL DEFAULT current_timestamp(3),
  `ip_address` varchar(191) DEFAULT NULL,
  `dispositivo` varchar(191) DEFAULT NULL,
  `hash_documento` varchar(191) DEFAULT NULL,
  `metodo_verificacao` varchar(191) DEFAULT NULL,
  PRIMARY KEY (`id`),
  KEY `assinaturas_log_contrato_id_idx` (`contrato_id`),
  CONSTRAINT `assinaturas_log_contrato_id_fkey` FOREIGN KEY (`contrato_id`) REFERENCES `contratos` (`id`) ON DELETE CASCADE ON UPDATE CASCADE
) ENGINE=InnoDB AUTO_INCREMENT=4 DEFAULT CHARSET=utf8mb4 COLLATE=utf8mb4_unicode_ci;
/*!40101 SET character_set_client = @saved_cs_client */;

--
-- Dumping data for table `assinaturas_log`
--

LOCK TABLES `assinaturas_log` WRITE;
/*!40000 ALTER TABLE `assinaturas_log` DISABLE KEYS */;
INSERT INTO `assinaturas_log` VALUES (1,1,'2026-02-23 12:24:28.088','127.0.0.1','Mozilla/5.0 (Windows NT 10.0; Win64; x64) AppleWebKit/537.36 (KHTML, like Gecko) Chrome/144.0.0.0 Safari/537.36','e8dfb75c7e17f1d95a9e5ff3efd953a2003764afb7cb3195610ecab666e1c5c6','Aceite via Link WhatsApp/SMS');
/*!40000 ALTER TABLE `assinaturas_log` ENABLE KEYS */;
UNLOCK TABLES;

--
-- Table structure for table `auditoria_permissoes`
--

DROP TABLE IF EXISTS `auditoria_permissoes`;
/*!40101 SET @saved_cs_client     = @@character_set_client */;
/*!40101 SET character_set_client = utf8mb4 */;
CREATE TABLE `auditoria_permissoes` (
  `id` int(11) NOT NULL AUTO_INCREMENT,
  `usuario_id_alterado` int(11) NOT NULL,
  `alterado_por_usuario_id` int(11) NOT NULL,
  `alterado_em` datetime(3) NOT NULL DEFAULT current_timestamp(3),
  PRIMARY KEY (`id`),
  KEY `auditoria_permissoes_usuario_id_alterado_idx` (`usuario_id_alterado`)
) ENGINE=InnoDB DEFAULT CHARSET=utf8mb4 COLLATE=utf8mb4_unicode_ci;
/*!40101 SET character_set_client = @saved_cs_client */;

--
-- Dumping data for table `auditoria_permissoes`
--

LOCK TABLES `auditoria_permissoes` WRITE;
/*!40000 ALTER TABLE `auditoria_permissoes` DISABLE KEYS */;
/*!40000 ALTER TABLE `auditoria_permissoes` ENABLE KEYS */;
UNLOCK TABLES;

--
-- Table structure for table `clausulas_modelos`
--

DROP TABLE IF EXISTS `clausulas_modelos`;
/*!40101 SET @saved_cs_client     = @@character_set_client */;
/*!40101 SET character_set_client = utf8mb4 */;
CREATE TABLE `clausulas_modelos` (
  `id` int(11) NOT NULL AUTO_INCREMENT,
  `tipo` varchar(191) NOT NULL,
  `modulo_key` varchar(191) NOT NULL,
  `titulo` varchar(191) NOT NULL,
  `texto` text NOT NULL,
  `ordem` int(11) NOT NULL DEFAULT 0,
  `criado_em` datetime(3) NOT NULL DEFAULT current_timestamp(3),
  `atualizado_em` datetime(3) NOT NULL,
  PRIMARY KEY (`id`),
  UNIQUE KEY `clausulas_modelos_tipo_modulo_key_key` (`tipo`,`modulo_key`),
  KEY `clausulas_modelos_tipo_ordem_idx` (`tipo`,`ordem`)
) ENGINE=InnoDB AUTO_INCREMENT=16 DEFAULT CHARSET=utf8mb4 COLLATE=utf8mb4_unicode_ci;
/*!40101 SET character_set_client = @saved_cs_client */;

--
-- Dumping data for table `clausulas_modelos`
--

LOCK TABLES `clausulas_modelos` WRITE;
/*!40000 ALTER TABLE `clausulas_modelos` DISABLE KEYS */;
INSERT INTO `clausulas_modelos` VALUES (1,'ORCAMENTO','OBJETO','Cláusula Primeira: Do Objeto','',1,'2026-02-18 13:20:53.990','2026-02-18 13:20:53.990'),(2,'ORCAMENTO','PRECO_CONDICOES','Cláusula Segunda: Do Preço e Condições de Pagamento','',2,'2026-02-18 13:20:53.990','2026-02-18 13:20:53.990'),(3,'ORCAMENTO','PRAZO_VALIDADE','Cláusula Terceira: Do Prazo de Validade do Orçamento','',3,'2026-02-18 13:20:53.990','2026-02-18 13:20:53.990'),(4,'CONTRATO','OBJETO','Cláusula Primeira: Do Objeto','',1,'2026-02-18 13:20:54.185','2026-02-18 13:20:54.185'),(5,'CONTRATO','PRECO_CONDICOES','Cláusula Segunda: Do Preço e Condição de Pagamento','',2,'2026-02-18 13:20:54.185','2026-02-18 13:20:54.185'),(6,'CONTRATO','PRAZO_ENTREGA','Cláusula Terceira: Do Prazo de Entrega dos Bens','',3,'2026-02-18 13:20:54.185','2026-02-18 13:20:54.185'),(7,'CONTRATO','GARANTIA','Cláusula Quarta: Da Garantia','',4,'2026-02-18 13:20:54.185','2026-02-18 13:20:54.185'),(8,'CONTRATO','SERVICOS','Cláusula Quinta: Dos Serviços','',5,'2026-02-18 13:20:54.185','2026-02-18 13:20:54.185'),(9,'CONTRATO','CONDICOES_GERAIS','Cláusula Sexta: Das Condições Gerais','',6,'2026-02-18 13:20:54.185','2026-02-18 13:20:54.185'),(10,'CONTRATO','RESPONSABILIDADES','Cláusula Sétima: Das Responsabilidades e Obrigações','',7,'2026-02-18 13:20:54.185','2026-02-18 13:20:54.185'),(11,'CONTRATO','CESSAO_IMAGEM','Cláusula Oitava: Da Cessão de Imagem e Voz','',8,'2026-02-18 13:20:54.185','2026-02-18 13:20:54.185'),(12,'CONTRATO','FORO','Cláusula Nona: Do Foro','',9,'2026-02-18 13:20:54.185','2026-02-18 13:20:54.185'),(13,'CONTRATO','CABECALHO','Contrato de Compra e Venda de Mercadorias e Prestação de Serviços','',0,'2026-02-20 19:55:30.067','2026-02-20 19:55:30.067'),(14,'CONTRATO','ARMAZENAGEM_DESISTENCIA','Cláusula Quarta: Da Armazenagem e da Desistência','',4,'2026-02-20 19:55:30.067','2026-02-20 19:55:30.067'),(15,'CONTRATO','ASSINATURA_ELETRONICA','Cláusula 11ª – Da Assinatura Eletrônica e Aceite por Meios Digitais','',11,'2026-02-23 12:02:29.225','2026-02-23 12:02:29.225');
/*!40000 ALTER TABLE `clausulas_modelos` ENABLE KEYS */;
UNLOCK TABLES;

--
-- Table structure for table `clientes`
--

DROP TABLE IF EXISTS `clientes`;
/*!40101 SET @saved_cs_client     = @@character_set_client */;
/*!40101 SET character_set_client = utf8mb4 */;
CREATE TABLE `clientes` (
  `id` int(11) NOT NULL AUTO_INCREMENT,
  `indicacao_id` int(11) DEFAULT NULL,
  `nome_completo` varchar(191) NOT NULL,
  `razao_social` varchar(191) DEFAULT NULL,
  `data_nascimento` datetime(3) DEFAULT NULL,
  `cpf` varchar(191) DEFAULT NULL,
  `rg` varchar(191) DEFAULT NULL,
  `cnpj` varchar(191) DEFAULT NULL,
  `ie` varchar(191) DEFAULT NULL,
  `telefone` varchar(191) DEFAULT NULL,
  `whatsapp` varchar(191) DEFAULT NULL,
  `email` varchar(191) DEFAULT NULL,
  `cep` varchar(191) DEFAULT NULL,
  `endereco` varchar(191) DEFAULT NULL,
  `numero` varchar(191) DEFAULT NULL,
  `bairro` varchar(191) DEFAULT NULL,
  `cidade` varchar(191) DEFAULT NULL,
  `estado` varchar(191) DEFAULT NULL,
  `criado_em` datetime(3) NOT NULL DEFAULT current_timestamp(3),
  `atualizado_em` datetime(3) NOT NULL,
  `enviar_aniversario_email` tinyint(1) NOT NULL DEFAULT 1,
  `enviar_aniversario_whatsapp` tinyint(1) NOT NULL DEFAULT 0,
  `complemento` varchar(191) DEFAULT NULL,
  `nome_fantasia` varchar(191) DEFAULT NULL,
  `status` varchar(191) NOT NULL DEFAULT 'ATIVO',
  `estado_civil` varchar(191) DEFAULT NULL,
  `nome_conjuge` varchar(191) DEFAULT NULL,
  `indicacao_origem` varchar(191) DEFAULT NULL,
  `vendedor_responsavel_id` int(11) DEFAULT NULL,
  `profissao` varchar(191) DEFAULT NULL,
  `situacao` varchar(191) DEFAULT NULL,
  PRIMARY KEY (`id`),
  UNIQUE KEY `clientes_email_key` (`email`),
  UNIQUE KEY `clientes_cpf_key` (`cpf`),
  UNIQUE KEY `clientes_cnpj_key` (`cnpj`),
  KEY `clientes_indicacao_id_idx` (`indicacao_id`),
  KEY `clientes_vendedor_responsavel_id_idx` (`vendedor_responsavel_id`),
  CONSTRAINT `clientes_indicacao_id_fkey` FOREIGN KEY (`indicacao_id`) REFERENCES `clientes` (`id`) ON DELETE SET NULL ON UPDATE CASCADE,
  CONSTRAINT `clientes_vendedor_responsavel_id_fkey` FOREIGN KEY (`vendedor_responsavel_id`) REFERENCES `funcionarios` (`id`) ON DELETE SET NULL ON UPDATE CASCADE
) ENGINE=InnoDB AUTO_INCREMENT=21 DEFAULT CHARSET=utf8mb4 COLLATE=utf8mb4_unicode_ci;
/*!40101 SET character_set_client = @saved_cs_client */;

--
-- Dumping data for table `clientes`
--

LOCK TABLES `clientes` WRITE;
/*!40000 ALTER TABLE `clientes` DISABLE KEYS */;
INSERT INTO `clientes` VALUES (2,NULL,'DRIELI CARINE  DE MORAIS',NULL,NULL,'368.575.868-37','',NULL,NULL,'','(16) 99283-0698',NULL,'','AV CARAMURU','2500','ALTO DA BOA VISTA','RIBEIRÃO PRETO','SP','2026-02-10 18:23:11.070','2026-02-10 18:23:11.070',0,0,'TORRE 02 APARTAMENTO 307','','ATIVO','',NULL,NULL,NULL,NULL,NULL),(3,NULL,'MICHEL NUNE',NULL,NULL,'','',NULL,NULL,'','',NULL,'','','','','','','2026-02-10 18:35:08.637','2026-02-10 18:35:08.637',0,0,'','','ATIVO','',NULL,NULL,NULL,NULL,NULL),(6,NULL,'ANA PAULA COSTA DE SOUZA',NULL,'1994-04-17 00:00:00.000','411.412.718-69','43.921.691-6',NULL,NULL,'','(16) 99399-6753','niiinha.2017@gmail.com','14066-404','Rua Eugênio Zimmermann','303','Jardim Orestes Lopes de Camargo','Ribeirão Preto','SP','2026-02-20 19:50:33.071','2026-02-20 19:50:33.071',1,1,'','','ATIVO','SOLTEIRO',NULL,NULL,NULL,NULL,NULL),(9,NULL,'TESTE',NULL,NULL,'561.651.561-51','84.684.684-6',NULL,NULL,'','(16) 99112-6805',NULL,'14063-118','JOSE GUERRA','220','CRISTO','RIBEIRAO','SP','2026-02-23 15:38:27.401','2026-02-26 12:57:39.599',0,0,'','','ENCERRADO','CASADO',NULL,NULL,NULL,NULL,NULL),(14,NULL,'DANILO BARBOZA',NULL,NULL,NULL,NULL,NULL,NULL,NULL,'(16) 98125-1393',NULL,'14071-220','AV. EDUARDO ANDRÉIA MATARAZZO','6050','ANTONIO MARINCEK','Ribeirão Preto','SP','2026-02-26 12:38:43.419','2026-02-26 12:47:08.546',0,0,NULL,NULL,'CLIENTE_CADASTRADO',NULL,NULL,'INSTAGRAM',NULL,NULL,NULL),(15,NULL,'FLÁVIO ROCHA MORAES',NULL,NULL,NULL,NULL,NULL,NULL,NULL,'(16) 98133-3344',NULL,'14093-008','Rua Francisco Torrecilhas','90','Jardim Interlagos','Ribeirão Preto','SP','2026-02-26 12:46:46.118','2026-02-26 12:46:46.118',0,0,NULL,NULL,'CLIENTE_CADASTRADO',NULL,NULL,'INSTAGRAM',NULL,NULL,NULL),(16,NULL,'LILIAN CASTRO',NULL,NULL,NULL,NULL,NULL,NULL,NULL,'(16) 98114-0355',NULL,NULL,NULL,NULL,NULL,NULL,NULL,'2026-02-26 12:50:10.925','2026-03-02 20:27:00.108',0,0,NULL,NULL,'ORCAMENTO_APRESENTADO',NULL,NULL,NULL,NULL,NULL,NULL),(17,NULL,'TESTE 2',NULL,NULL,'40083159851','482556110',NULL,NULL,'(16) 98825-1056','(16) 99112-6805','gustavim-220@hotmail.com','14063118','Rua José Guerra','220','Jardim Cristo Redentor','Ribeirão Preto','SP','2026-02-26 13:05:07.883','2026-02-28 13:30:00.100',1,1,NULL,NULL,'ORCAMENTO_APRESENTADO','CASADO','JULYANA OLIVEIRA','INSTAGRAM',NULL,NULL,NULL),(18,NULL,'DÉBORA',NULL,NULL,NULL,NULL,NULL,NULL,'(11) 95452-4738','(11) 95452-4738',NULL,NULL,NULL,NULL,NULL,NULL,NULL,'2026-02-27 19:22:28.818','2026-03-02 13:00:00.127',0,0,NULL,NULL,'ORCAMENTO_APRESENTADO',NULL,NULL,NULL,NULL,NULL,NULL),(19,NULL,'SPE EGYDIO DOS SANTOS RIBEIRAO INCORPORADORA LTDA','SPE EGYDIO DOS SANTOS RIBEIRAO INCORPORADORA LTDA',NULL,NULL,NULL,'47.675.529/0001-79',NULL,NULL,NULL,NULL,'14025-040','Rua Conde Afonso Celso','619','Jardim Sumaré','Ribeirão Preto','SP','2026-03-06 15:26:48.289','2026-03-06 15:30:46.199',0,0,NULL,NULL,'CRIAR_ORCAMENTO',NULL,NULL,NULL,8,NULL,NULL),(20,NULL,'GABRIELA',NULL,NULL,NULL,NULL,NULL,NULL,NULL,'(16) 99182-8131',NULL,NULL,'RUA FRANCISCO RICCIONI,','231','RIBERÂNIA','RIBEIRÃO PRETO','SP','2026-03-06 18:14:01.736','2026-03-06 18:18:05.184',0,0,NULL,NULL,'CRIAR_ORCAMENTO',NULL,NULL,NULL,8,NULL,NULL);
/*!40000 ALTER TABLE `clientes` ENABLE KEYS */;
UNLOCK TABLES;

--
-- Table structure for table `compras`
--

DROP TABLE IF EXISTS `compras`;
/*!40101 SET @saved_cs_client     = @@character_set_client */;
/*!40101 SET character_set_client = utf8mb4 */;
CREATE TABLE `compras` (
  `id` int(11) NOT NULL AUTO_INCREMENT,
  `venda_id` int(11) DEFAULT NULL,
  `fornecedor_id` int(11) NOT NULL,
  `venda_item_id` int(11) DEFAULT NULL,
  `data_compra` datetime(3) NOT NULL DEFAULT current_timestamp(3),
  `valor_total` decimal(10,2) NOT NULL DEFAULT 0.00,
  `criado_em` datetime(3) NOT NULL DEFAULT current_timestamp(3),
  `atualizado_em` datetime(3) NOT NULL,
  `tipo_compra` varchar(191) NOT NULL,
  `vencimento_em` datetime(3) DEFAULT NULL,
  `status` varchar(191) NOT NULL DEFAULT 'EM_ABERTO',
  PRIMARY KEY (`id`),
  KEY `compras_venda_id_idx` (`venda_id`),
  KEY `compras_fornecedor_id_idx` (`fornecedor_id`),
  KEY `compras_venda_item_id_idx` (`venda_item_id`),
  KEY `compras_vencimento_em_idx` (`vencimento_em`),
  KEY `compras_tipo_compra_idx` (`tipo_compra`),
  KEY `compras_status_idx` (`status`),
  CONSTRAINT `compras_fornecedor_id_fkey` FOREIGN KEY (`fornecedor_id`) REFERENCES `fornecedor` (`id`) ON UPDATE CASCADE,
  CONSTRAINT `compras_venda_id_fkey` FOREIGN KEY (`venda_id`) REFERENCES `vendas` (`id`) ON DELETE CASCADE ON UPDATE CASCADE,
  CONSTRAINT `compras_venda_item_id_fkey` FOREIGN KEY (`venda_item_id`) REFERENCES `vendas_itens` (`id`) ON DELETE SET NULL ON UPDATE CASCADE
) ENGINE=InnoDB AUTO_INCREMENT=295 DEFAULT CHARSET=utf8mb4 COLLATE=utf8mb4_unicode_ci;
/*!40101 SET character_set_client = @saved_cs_client */;

--
-- Dumping data for table `compras`
--

LOCK TABLES `compras` WRITE;
/*!40000 ALTER TABLE `compras` DISABLE KEYS */;
INSERT INTO `compras` VALUES (1,NULL,1,NULL,'2025-07-23 00:00:00.000',342.90,'2026-02-04 00:39:48.984','2026-02-04 00:39:48.984','INSUMOS',NULL,'EM_ABERTO'),(2,NULL,1,NULL,'2025-07-23 00:00:00.000',30.00,'2026-02-04 00:49:58.167','2026-02-04 00:49:58.167','INSUMOS',NULL,'EM_ABERTO'),(3,NULL,1,NULL,'2025-07-23 00:00:00.000',467.40,'2026-02-04 00:54:13.267','2026-02-04 00:54:13.267','INSUMOS',NULL,'EM_ABERTO'),(4,NULL,1,NULL,'2025-07-23 00:00:00.000',34.90,'2026-02-04 00:55:00.829','2026-02-04 00:55:00.829','INSUMOS',NULL,'EM_ABERTO'),(5,NULL,1,NULL,'2025-07-23 00:00:00.000',99.90,'2026-02-04 00:57:13.401','2026-02-04 00:57:13.401','INSUMOS',NULL,'EM_ABERTO'),(6,NULL,1,NULL,'2025-07-23 00:00:00.000',5.00,'2026-02-04 00:58:26.057','2026-02-04 00:58:26.057','INSUMOS',NULL,'EM_ABERTO'),(7,NULL,1,NULL,'2025-07-23 00:00:00.000',99.90,'2026-02-04 01:01:33.120','2026-02-04 01:01:33.120','INSUMOS',NULL,'EM_ABERTO'),(8,NULL,1,NULL,'2025-07-24 00:00:00.000',31.60,'2026-02-04 01:02:43.087','2026-02-04 01:02:43.087','INSUMOS',NULL,'EM_ABERTO'),(9,NULL,1,NULL,'2025-07-25 00:00:00.000',193.80,'2026-02-04 01:04:00.658','2026-02-04 01:04:00.658','INSUMOS',NULL,'EM_ABERTO'),(10,NULL,1,NULL,'2025-07-28 00:00:00.000',287.30,'2026-02-04 01:04:45.787','2026-02-04 01:04:45.787','INSUMOS',NULL,'EM_ABERTO'),(11,NULL,1,NULL,'2025-07-29 00:00:00.000',1429.40,'2026-02-04 01:09:41.165','2026-02-04 01:09:41.165','INSUMOS',NULL,'EM_ABERTO'),(12,NULL,1,NULL,'2025-07-29 00:00:00.000',39.80,'2026-02-04 01:14:31.307','2026-02-04 01:14:31.307','INSUMOS',NULL,'EM_ABERTO'),(13,NULL,1,NULL,'2025-07-29 00:00:00.000',191.20,'2026-02-04 01:38:14.653','2026-02-04 01:38:14.653','INSUMOS',NULL,'EM_ABERTO'),(14,NULL,1,NULL,'2025-07-29 00:00:00.000',227.70,'2026-02-04 01:54:00.875','2026-02-04 01:54:00.875','INSUMOS',NULL,'EM_ABERTO'),(15,NULL,1,NULL,'2025-07-29 00:00:00.000',37.80,'2026-02-04 01:56:07.609','2026-02-04 01:56:07.609','INSUMOS',NULL,'EM_ABERTO'),(16,NULL,1,NULL,'2025-07-29 00:00:00.000',103.40,'2026-02-04 01:59:38.418','2026-02-04 01:59:38.418','INSUMOS',NULL,'EM_ABERTO'),(17,NULL,1,NULL,'2025-08-01 00:00:00.000',2359.40,'2026-02-04 02:01:06.949','2026-02-04 02:01:06.949','INSUMOS',NULL,'EM_ABERTO'),(18,NULL,1,NULL,'2025-08-01 00:00:00.000',89.70,'2026-02-04 02:02:37.420','2026-02-04 02:02:37.420','INSUMOS',NULL,'EM_ABERTO'),(19,NULL,1,NULL,'2025-08-01 00:00:00.000',1162.00,'2026-02-04 11:18:26.943','2026-02-04 11:18:26.943','INSUMOS',NULL,'EM_ABERTO'),(20,NULL,1,NULL,'2025-08-02 00:00:00.000',77.90,'2026-02-04 11:19:17.133','2026-02-04 11:19:17.133','INSUMOS',NULL,'EM_ABERTO'),(21,NULL,1,NULL,'2025-08-04 00:00:00.000',170.60,'2026-02-04 11:22:07.498','2026-02-04 11:22:07.498','INSUMOS',NULL,'EM_ABERTO'),(22,NULL,1,NULL,'2025-08-04 00:00:00.000',20.00,'2026-02-04 11:25:38.482','2026-02-04 11:25:38.482','INSUMOS',NULL,'EM_ABERTO'),(23,NULL,1,NULL,'2025-08-05 00:00:00.000',31.80,'2026-02-04 11:32:01.834','2026-02-04 11:32:01.834','INSUMOS',NULL,'EM_ABERTO'),(24,NULL,1,NULL,'2025-08-05 00:00:00.000',10.00,'2026-02-04 11:37:31.154','2026-02-04 11:37:31.154','INSUMOS',NULL,'EM_ABERTO'),(25,NULL,1,NULL,'2025-08-05 00:00:00.000',78.70,'2026-02-04 11:38:25.262','2026-02-04 11:38:25.262','INSUMOS',NULL,'EM_ABERTO'),(26,NULL,1,NULL,'2025-08-06 00:00:00.000',49.80,'2026-02-04 11:41:38.147','2026-02-04 11:41:38.147','INSUMOS',NULL,'EM_ABERTO'),(27,NULL,1,NULL,'2025-08-06 00:00:00.000',10.00,'2026-02-04 11:41:52.817','2026-02-04 11:41:52.817','INSUMOS',NULL,'EM_ABERTO'),(28,NULL,1,NULL,'2025-08-06 00:00:00.000',16.90,'2026-02-04 11:42:30.422','2026-02-04 11:42:30.422','INSUMOS',NULL,'EM_ABERTO'),(29,NULL,1,NULL,'2025-08-06 00:00:00.000',43.80,'2026-02-04 11:43:15.872','2026-02-04 11:43:15.872','INSUMOS',NULL,'EM_ABERTO'),(30,NULL,1,NULL,'2025-08-07 00:00:00.000',148.00,'2026-02-04 11:50:10.286','2026-02-04 11:50:10.286','INSUMOS',NULL,'EM_ABERTO'),(31,NULL,1,NULL,'2025-08-07 00:00:00.000',134.60,'2026-02-04 11:54:25.387','2026-02-04 11:54:25.387','INSUMOS',NULL,'EM_ABERTO'),(32,NULL,1,NULL,'2025-08-11 00:00:00.000',70.60,'2026-02-04 11:55:09.883','2026-02-04 11:55:09.883','INSUMOS',NULL,'EM_ABERTO'),(33,NULL,1,NULL,'2025-08-13 00:00:00.000',159.90,'2026-02-04 11:55:54.768','2026-02-04 11:55:54.768','INSUMOS',NULL,'EM_ABERTO'),(34,NULL,1,NULL,'2025-08-13 00:00:00.000',781.90,'2026-02-04 11:57:04.125','2026-02-04 11:57:04.125','INSUMOS',NULL,'EM_ABERTO'),(35,NULL,1,NULL,'2025-08-15 00:00:00.000',40.00,'2026-02-04 11:57:39.762','2026-02-04 11:57:39.762','INSUMOS',NULL,'EM_ABERTO'),(36,NULL,1,NULL,'2025-08-15 00:00:00.000',250.60,'2026-02-04 11:58:08.117','2026-02-04 11:58:08.117','INSUMOS',NULL,'EM_ABERTO'),(37,NULL,1,NULL,'2025-08-15 00:00:00.000',56.80,'2026-02-04 11:58:34.507','2026-02-04 11:58:34.507','INSUMOS',NULL,'EM_ABERTO'),(38,NULL,1,NULL,'2025-08-15 00:00:00.000',99.90,'2026-02-04 11:58:56.467','2026-02-04 11:58:56.467','INSUMOS',NULL,'EM_ABERTO'),(39,NULL,1,NULL,'2025-08-15 00:00:00.000',219.80,'2026-02-04 12:12:27.736','2026-02-04 12:12:27.736','INSUMOS',NULL,'EM_ABERTO'),(40,NULL,1,NULL,'2025-08-15 00:00:00.000',41.90,'2026-02-04 12:14:24.238','2026-02-04 12:14:24.238','INSUMOS',NULL,'EM_ABERTO'),(41,NULL,1,NULL,'2025-08-16 00:00:00.000',254.28,'2026-02-04 12:15:11.079','2026-02-04 12:15:11.079','INSUMOS',NULL,'EM_ABERTO'),(42,NULL,1,NULL,'2025-08-16 00:00:00.000',723.72,'2026-02-04 12:15:31.785','2026-02-04 12:15:31.785','INSUMOS',NULL,'EM_ABERTO'),(43,NULL,1,NULL,'2025-08-16 00:00:00.000',5.00,'2026-02-04 12:16:03.416','2026-02-04 12:16:03.416','INSUMOS',NULL,'EM_ABERTO'),(44,NULL,1,NULL,'2025-08-16 00:00:00.000',231.08,'2026-02-04 12:16:45.003','2026-02-04 12:16:45.003','INSUMOS',NULL,'EM_ABERTO'),(45,NULL,1,NULL,'2025-08-16 00:00:00.000',89.90,'2026-02-04 12:17:35.270','2026-02-04 12:17:35.270','INSUMOS',NULL,'EM_ABERTO'),(46,NULL,1,NULL,'2025-08-18 00:00:00.000',320.60,'2026-02-04 12:20:46.249','2026-02-04 12:20:46.249','INSUMOS',NULL,'EM_ABERTO'),(47,NULL,1,NULL,'2025-08-18 00:00:00.000',23.80,'2026-02-04 12:21:06.194','2026-02-04 12:21:06.194','INSUMOS',NULL,'EM_ABERTO'),(48,NULL,1,NULL,'2025-08-18 00:00:00.000',155.80,'2026-02-04 12:21:22.297','2026-02-04 12:21:22.297','INSUMOS',NULL,'EM_ABERTO'),(49,NULL,1,NULL,'2025-08-19 00:00:00.000',209.90,'2026-02-04 12:21:55.814','2026-02-04 12:21:55.814','INSUMOS',NULL,'EM_ABERTO'),(50,NULL,1,NULL,'2025-08-19 00:00:00.000',21.90,'2026-02-04 12:22:24.057','2026-02-04 12:22:24.057','INSUMOS',NULL,'EM_ABERTO'),(51,NULL,1,NULL,'2025-08-19 00:00:00.000',1519.50,'2026-02-04 12:22:55.014','2026-02-04 12:22:55.014','INSUMOS',NULL,'EM_ABERTO'),(52,NULL,1,NULL,'2025-08-21 00:00:00.000',27.96,'2026-02-04 12:23:28.538','2026-02-04 12:23:28.538','INSUMOS',NULL,'EM_ABERTO'),(53,NULL,1,NULL,'2025-08-21 00:00:00.000',51.90,'2026-02-04 12:24:08.788','2026-02-04 12:24:08.788','INSUMOS',NULL,'EM_ABERTO'),(54,NULL,1,NULL,'2025-08-21 00:00:00.000',244.40,'2026-02-04 12:29:04.357','2026-02-04 12:29:04.357','INSUMOS',NULL,'EM_ABERTO'),(55,NULL,1,NULL,'2025-08-21 00:00:00.000',95.70,'2026-02-04 12:29:32.417','2026-02-04 12:29:32.417','INSUMOS',NULL,'EM_ABERTO'),(56,NULL,1,NULL,'2025-08-21 00:00:00.000',167.16,'2026-02-04 12:30:37.441','2026-02-04 12:30:37.441','INSUMOS',NULL,'EM_ABERTO'),(57,NULL,1,NULL,'2025-08-21 00:00:00.000',31.96,'2026-02-04 12:34:29.430','2026-02-04 12:34:29.430','INSUMOS',NULL,'EM_ABERTO'),(58,NULL,1,NULL,'2025-08-21 00:00:00.000',336.00,'2026-02-04 12:35:04.846','2026-02-04 12:35:04.846','INSUMOS',NULL,'EM_ABERTO'),(59,NULL,1,NULL,'2025-08-23 00:00:00.000',50.00,'2026-02-04 12:38:07.353','2026-02-04 12:38:07.353','INSUMOS',NULL,'EM_ABERTO'),(60,NULL,1,NULL,'2025-08-23 00:00:00.000',89.40,'2026-02-04 12:39:21.293','2026-02-04 12:39:21.293','INSUMOS',NULL,'EM_ABERTO'),(61,NULL,1,NULL,'2025-08-25 00:00:00.000',108.90,'2026-02-04 12:41:17.383','2026-02-04 12:41:17.383','INSUMOS',NULL,'EM_ABERTO'),(62,NULL,1,NULL,'2025-08-27 00:00:00.000',198.90,'2026-02-04 12:41:59.869','2026-02-04 12:41:59.869','INSUMOS',NULL,'EM_ABERTO'),(63,NULL,1,NULL,'2025-08-27 00:00:00.000',259.80,'2026-02-04 12:42:28.837','2026-02-04 12:42:28.837','INSUMOS',NULL,'EM_ABERTO'),(64,NULL,1,NULL,'2025-08-27 00:00:00.000',159.90,'2026-02-04 12:43:43.874','2026-02-04 12:43:43.874','INSUMOS',NULL,'EM_ABERTO'),(65,NULL,1,NULL,'2025-08-27 00:00:00.000',99.90,'2026-02-04 12:44:06.137','2026-02-04 12:44:06.137','INSUMOS',NULL,'EM_ABERTO'),(66,NULL,1,NULL,'2025-08-28 00:00:00.000',40.00,'2026-02-04 12:44:25.321','2026-02-04 12:44:25.321','INSUMOS',NULL,'EM_ABERTO'),(67,NULL,1,NULL,'2025-08-29 00:00:00.000',79.40,'2026-02-04 12:45:06.361','2026-02-04 12:45:06.361','INSUMOS',NULL,'EM_ABERTO'),(68,NULL,1,NULL,'2025-08-29 00:00:00.000',34.90,'2026-02-04 12:45:24.262','2026-02-04 12:45:24.262','INSUMOS',NULL,'EM_ABERTO'),(69,NULL,1,NULL,'2025-08-29 00:00:00.000',302.80,'2026-02-04 12:45:59.053','2026-02-04 12:45:59.053','INSUMOS',NULL,'EM_ABERTO'),(70,NULL,1,NULL,'2025-09-01 00:00:00.000',519.80,'2026-02-04 12:46:52.961','2026-02-04 12:46:52.961','INSUMOS',NULL,'EM_ABERTO'),(71,NULL,1,NULL,'2025-09-02 00:00:00.000',16.90,'2026-02-04 12:48:18.922','2026-02-04 12:48:18.922','INSUMOS',NULL,'EM_ABERTO'),(72,NULL,1,NULL,'2025-09-02 00:00:00.000',31.80,'2026-02-04 12:49:33.381','2026-02-04 12:49:33.381','INSUMOS',NULL,'EM_ABERTO'),(73,NULL,1,NULL,'2025-09-03 00:00:00.000',78.90,'2026-02-04 12:50:16.761','2026-02-04 12:50:16.761','INSUMOS',NULL,'EM_ABERTO'),(74,NULL,1,NULL,'2025-09-03 00:00:00.000',19.98,'2026-02-04 12:53:01.501','2026-02-04 12:53:01.501','INSUMOS',NULL,'EM_ABERTO'),(75,NULL,1,NULL,'2025-09-03 00:00:00.000',17.90,'2026-02-04 12:53:53.741','2026-02-04 12:53:53.741','INSUMOS',NULL,'EM_ABERTO'),(76,NULL,1,NULL,'2025-09-04 00:00:00.000',20.00,'2026-02-04 12:54:19.502','2026-02-04 12:54:19.502','INSUMOS',NULL,'EM_ABERTO'),(77,NULL,1,NULL,'2025-09-04 00:00:00.000',58.90,'2026-02-04 12:55:10.485','2026-02-04 12:55:10.485','INSUMOS',NULL,'EM_ABERTO'),(78,NULL,1,NULL,'2025-09-05 00:00:00.000',7.00,'2026-02-04 12:55:46.439','2026-02-04 12:55:46.439','INSUMOS',NULL,'EM_ABERTO'),(79,NULL,1,NULL,'2025-09-05 00:00:00.000',28.00,'2026-02-04 12:56:16.506','2026-02-04 12:56:16.506','INSUMOS',NULL,'EM_ABERTO'),(80,NULL,1,NULL,'2025-09-05 00:00:00.000',35.00,'2026-02-04 12:56:31.880','2026-02-04 12:56:31.880','INSUMOS',NULL,'EM_ABERTO'),(81,NULL,1,NULL,'2025-09-05 00:00:00.000',38.00,'2026-02-04 12:57:13.613','2026-02-04 12:57:13.613','INSUMOS',NULL,'EM_ABERTO'),(82,NULL,1,NULL,'2025-09-05 00:00:00.000',38.00,'2026-02-04 12:57:33.690','2026-02-04 12:57:33.690','INSUMOS',NULL,'EM_ABERTO'),(83,NULL,1,NULL,'2025-09-05 00:00:00.000',51.80,'2026-02-04 12:57:57.711','2026-02-04 12:57:57.711','INSUMOS',NULL,'EM_ABERTO'),(84,NULL,1,NULL,'2025-09-08 00:00:00.000',45.80,'2026-02-04 12:59:34.016','2026-02-04 12:59:34.016','INSUMOS',NULL,'EM_ABERTO'),(85,NULL,1,NULL,'2025-09-08 00:00:00.000',99.90,'2026-02-04 12:59:54.945','2026-02-04 12:59:54.945','INSUMOS',NULL,'EM_ABERTO'),(86,NULL,1,NULL,'2025-09-08 00:00:00.000',99.90,'2026-02-04 13:00:14.710','2026-02-04 13:00:14.710','INSUMOS',NULL,'EM_ABERTO'),(87,NULL,1,NULL,'2025-09-09 00:00:00.000',99.90,'2026-02-04 13:00:31.095','2026-02-04 13:00:31.095','INSUMOS',NULL,'EM_ABERTO'),(88,NULL,1,NULL,'2025-09-10 00:00:00.000',219.70,'2026-02-04 13:00:48.838','2026-02-04 13:00:48.838','INSUMOS',NULL,'EM_ABERTO'),(89,NULL,1,NULL,'2025-09-11 00:00:00.000',94.50,'2026-02-04 13:01:37.533','2026-02-04 13:01:37.533','INSUMOS',NULL,'EM_ABERTO'),(90,NULL,1,NULL,'2025-09-11 00:00:00.000',99.90,'2026-02-04 13:01:57.725','2026-02-04 13:01:57.725','INSUMOS',NULL,'EM_ABERTO'),(91,NULL,1,NULL,'2025-09-11 00:00:00.000',200.00,'2026-02-04 13:02:27.873','2026-02-04 13:02:27.873','INSUMOS',NULL,'EM_ABERTO'),(92,NULL,1,NULL,'2025-09-11 00:00:00.000',119.99,'2026-02-04 13:03:44.616','2026-02-04 13:03:44.616','INSUMOS',NULL,'EM_ABERTO'),(93,NULL,1,NULL,'2025-09-13 00:00:00.000',80.60,'2026-02-04 13:05:20.397','2026-02-04 13:05:20.397','INSUMOS',NULL,'EM_ABERTO'),(94,NULL,1,NULL,'2025-09-15 00:00:00.000',27.96,'2026-02-04 13:05:52.144','2026-02-04 13:05:52.144','INSUMOS',NULL,'EM_ABERTO'),(95,NULL,1,NULL,'2025-09-15 00:00:00.000',169.00,'2026-02-04 13:06:20.735','2026-02-04 13:06:20.735','INSUMOS',NULL,'EM_ABERTO'),(96,NULL,1,NULL,'2025-09-15 00:00:00.000',200.00,'2026-02-04 13:06:37.585','2026-02-04 13:06:37.585','INSUMOS',NULL,'EM_ABERTO'),(97,NULL,1,NULL,'2025-09-15 00:00:00.000',20.00,'2026-02-04 13:06:54.505','2026-02-04 13:06:54.505','INSUMOS',NULL,'EM_ABERTO'),(98,NULL,1,NULL,'2025-09-16 00:00:00.000',143.40,'2026-02-04 13:13:22.376','2026-02-04 13:13:22.376','INSUMOS',NULL,'EM_ABERTO'),(99,NULL,1,NULL,'2025-09-16 00:00:00.000',479.90,'2026-02-04 13:13:48.781','2026-02-04 13:13:48.781','INSUMOS',NULL,'EM_ABERTO'),(100,NULL,1,NULL,'2025-09-16 00:00:00.000',99.90,'2026-02-04 13:14:09.091','2026-02-04 13:14:09.091','INSUMOS',NULL,'EM_ABERTO'),(101,NULL,1,NULL,'2025-09-18 00:00:00.000',85.60,'2026-02-04 13:25:36.575','2026-02-04 13:25:36.575','INSUMOS',NULL,'EM_ABERTO'),(102,NULL,1,NULL,'2025-09-19 00:00:00.000',23.80,'2026-02-04 13:50:54.269','2026-02-04 13:50:54.269','INSUMOS',NULL,'EM_ABERTO'),(103,NULL,1,NULL,'2025-09-19 00:00:00.000',25.80,'2026-02-04 13:51:30.666','2026-02-04 13:51:30.666','INSUMOS',NULL,'EM_ABERTO'),(104,NULL,1,NULL,'2025-09-23 00:00:00.000',78.90,'2026-02-04 13:52:05.183','2026-02-04 13:52:05.183','INSUMOS',NULL,'EM_ABERTO'),(105,NULL,1,NULL,'2025-09-23 00:00:00.000',9.90,'2026-02-04 13:52:41.573','2026-02-04 13:52:41.573','INSUMOS',NULL,'EM_ABERTO'),(106,NULL,1,NULL,'2025-09-23 00:00:00.000',89.10,'2026-02-04 13:52:55.744','2026-02-04 13:52:55.744','INSUMOS',NULL,'EM_ABERTO'),(107,NULL,1,NULL,'2025-09-23 00:00:00.000',44.90,'2026-02-04 13:54:12.412','2026-02-04 13:54:12.412','INSUMOS',NULL,'EM_ABERTO'),(108,NULL,1,NULL,'2025-09-23 00:00:00.000',88.50,'2026-02-04 13:56:54.544','2026-02-04 13:56:54.544','INSUMOS',NULL,'EM_ABERTO'),(109,NULL,1,NULL,'2025-09-24 00:00:00.000',92.50,'2026-02-04 13:58:11.240','2026-02-04 13:58:11.240','INSUMOS',NULL,'EM_ABERTO'),(110,NULL,1,NULL,'2025-09-25 00:00:00.000',273.70,'2026-02-04 14:02:46.696','2026-02-04 14:02:46.696','INSUMOS',NULL,'EM_ABERTO'),(111,NULL,1,NULL,'2025-09-26 00:00:00.000',22.90,'2026-02-04 14:04:58.391','2026-02-04 14:04:58.391','INSUMOS',NULL,'EM_ABERTO'),(112,NULL,1,NULL,'2025-09-26 00:00:00.000',129.90,'2026-02-04 14:12:49.033','2026-02-04 14:12:49.033','INSUMOS',NULL,'EM_ABERTO'),(113,NULL,1,NULL,'2025-09-26 00:00:00.000',11.40,'2026-02-04 14:14:20.579','2026-02-04 14:14:20.579','INSUMOS',NULL,'EM_ABERTO'),(114,NULL,1,NULL,'2025-09-29 00:00:00.000',33.90,'2026-02-04 14:15:04.667','2026-02-04 14:15:04.667','INSUMOS',NULL,'EM_ABERTO'),(115,NULL,1,NULL,'2025-10-02 00:00:00.000',159.90,'2026-02-04 14:16:31.842','2026-02-04 14:16:31.842','INSUMOS',NULL,'EM_ABERTO'),(116,NULL,1,NULL,'2025-10-02 00:00:00.000',25.80,'2026-02-04 14:21:44.795','2026-02-04 14:21:44.795','INSUMOS',NULL,'EM_ABERTO'),(117,NULL,1,NULL,'2025-10-03 00:00:00.000',223.90,'2026-02-04 14:22:00.812','2026-02-04 14:22:00.812','INSUMOS',NULL,'EM_ABERTO'),(118,NULL,1,NULL,'2025-10-06 00:00:00.000',27.60,'2026-02-04 14:22:43.229','2026-02-04 14:22:43.229','INSUMOS',NULL,'EM_ABERTO'),(119,NULL,1,NULL,'2025-10-06 00:00:00.000',162.50,'2026-02-04 14:33:33.885','2026-02-04 14:33:33.885','INSUMOS',NULL,'EM_ABERTO'),(120,NULL,1,NULL,'2025-10-06 00:00:00.000',2069.10,'2026-02-04 14:36:50.491','2026-02-04 14:36:50.491','INSUMOS',NULL,'EM_ABERTO'),(121,NULL,1,NULL,'2025-10-07 00:00:00.000',5.00,'2026-02-04 14:37:13.781','2026-02-04 14:37:13.781','INSUMOS',NULL,'EM_ABERTO'),(122,NULL,1,NULL,'2025-10-08 00:00:00.000',1190.61,'2026-02-04 14:47:43.309','2026-02-04 14:47:43.309','INSUMOS',NULL,'EM_ABERTO'),(123,NULL,1,NULL,'2025-10-08 00:00:00.000',11.92,'2026-02-04 14:51:09.676','2026-02-04 14:51:09.676','INSUMOS',NULL,'EM_ABERTO'),(124,NULL,1,NULL,'2025-10-08 00:00:00.000',99.90,'2026-02-04 14:51:27.285','2026-02-04 14:51:27.285','INSUMOS',NULL,'EM_ABERTO'),(125,NULL,1,NULL,'2025-10-08 00:00:00.000',59.90,'2026-02-04 14:53:48.255','2026-02-04 14:53:48.255','INSUMOS',NULL,'EM_ABERTO'),(126,NULL,1,NULL,'2025-10-08 00:00:00.000',12.90,'2026-02-04 14:54:26.219','2026-02-04 14:54:26.219','INSUMOS',NULL,'EM_ABERTO'),(127,NULL,1,NULL,'2025-10-09 00:00:00.000',497.50,'2026-02-04 14:55:02.220','2026-02-04 14:55:02.220','INSUMOS',NULL,'EM_ABERTO'),(128,NULL,1,NULL,'2025-10-10 00:00:00.000',102.90,'2026-02-04 15:02:44.951','2026-02-04 15:02:44.951','INSUMOS',NULL,'EM_ABERTO'),(129,NULL,1,NULL,'2025-10-13 00:00:00.000',15.98,'2026-02-04 15:05:53.176','2026-02-04 15:05:53.176','INSUMOS',NULL,'EM_ABERTO'),(130,NULL,1,NULL,'2025-10-15 00:00:00.000',290.60,'2026-02-04 15:28:49.502','2026-02-04 15:28:49.502','INSUMOS',NULL,'EM_ABERTO'),(131,NULL,1,NULL,'2025-10-16 00:00:00.000',19.00,'2026-02-04 15:33:41.587','2026-02-04 15:33:41.587','INSUMOS',NULL,'EM_ABERTO'),(132,NULL,1,NULL,'2025-10-17 00:00:00.000',236.60,'2026-02-04 15:36:01.453','2026-02-04 15:36:01.453','INSUMOS',NULL,'EM_ABERTO'),(133,NULL,1,NULL,'2025-10-17 00:00:00.000',56.80,'2026-02-04 15:36:32.586','2026-02-04 15:36:32.586','INSUMOS',NULL,'EM_ABERTO'),(134,NULL,1,NULL,'2025-10-23 00:00:00.000',303.90,'2026-02-04 15:47:16.241','2026-02-04 15:47:16.241','INSUMOS',NULL,'EM_ABERTO'),(135,NULL,1,NULL,'2025-10-27 00:00:00.000',279.10,'2026-02-04 15:50:49.695','2026-02-04 15:50:49.695','INSUMOS',NULL,'EM_ABERTO'),(136,NULL,1,NULL,'2025-10-27 00:00:00.000',68.00,'2026-02-04 15:51:17.056','2026-02-04 15:51:17.056','INSUMOS',NULL,'EM_ABERTO'),(137,NULL,1,NULL,'2025-10-27 00:00:00.000',13.80,'2026-02-04 15:53:59.395','2026-02-04 15:53:59.395','INSUMOS',NULL,'EM_ABERTO'),(138,NULL,1,NULL,'2025-10-30 00:00:00.000',79.50,'2026-02-04 15:54:18.074','2026-02-04 15:54:18.074','INSUMOS',NULL,'EM_ABERTO'),(139,NULL,1,NULL,'2025-10-31 00:00:00.000',33.80,'2026-02-04 15:56:08.006','2026-02-04 15:56:08.006','INSUMOS',NULL,'EM_ABERTO'),(140,NULL,1,NULL,'2025-10-31 00:00:00.000',159.90,'2026-02-04 15:56:35.151','2026-02-04 15:56:35.151','INSUMOS',NULL,'EM_ABERTO'),(141,NULL,1,NULL,'2025-11-05 00:00:00.000',20.00,'2026-02-04 16:05:45.235','2026-02-04 16:05:45.235','INSUMOS',NULL,'EM_ABERTO'),(142,NULL,1,NULL,'2025-11-05 00:00:00.000',109.90,'2026-02-04 16:06:16.710','2026-02-04 16:06:16.710','INSUMOS',NULL,'EM_ABERTO'),(143,NULL,1,NULL,'2025-11-08 00:00:00.000',55.20,'2026-02-04 16:08:42.012','2026-02-04 16:08:42.012','INSUMOS',NULL,'EM_ABERTO'),(144,NULL,1,NULL,'2025-11-07 00:00:00.000',38.70,'2026-02-04 16:09:10.722','2026-02-04 16:09:10.722','INSUMOS',NULL,'EM_ABERTO'),(145,NULL,1,NULL,'2025-11-07 00:00:00.000',152.10,'2026-02-04 16:09:36.624','2026-02-04 16:09:36.624','INSUMOS',NULL,'EM_ABERTO'),(146,NULL,1,NULL,'2025-11-07 00:00:00.000',7.60,'2026-02-04 16:10:10.186','2026-02-04 16:10:10.186','INSUMOS',NULL,'EM_ABERTO'),(147,NULL,1,NULL,'2025-11-11 00:00:00.000',10.90,'2026-02-04 16:11:16.123','2026-02-04 16:11:16.123','INSUMOS',NULL,'EM_ABERTO'),(148,NULL,1,NULL,'2025-11-11 00:00:00.000',313.10,'2026-02-04 16:25:03.705','2026-02-04 16:25:03.705','INSUMOS',NULL,'EM_ABERTO'),(149,NULL,1,NULL,'2025-11-12 00:00:00.000',7.50,'2026-02-04 16:25:30.564','2026-02-04 16:25:30.564','INSUMOS',NULL,'EM_ABERTO'),(150,NULL,1,NULL,'2025-11-12 00:00:00.000',1.90,'2026-02-04 16:31:15.675','2026-02-04 16:31:15.675','INSUMOS',NULL,'EM_ABERTO'),(151,NULL,1,NULL,'2025-11-13 00:00:00.000',7.90,'2026-02-04 16:33:38.045','2026-02-04 16:33:38.045','INSUMOS',NULL,'EM_ABERTO'),(152,NULL,1,NULL,'2025-11-13 00:00:00.000',77.10,'2026-02-04 16:41:22.139','2026-02-04 16:41:22.139','INSUMOS',NULL,'EM_ABERTO'),(153,NULL,1,NULL,'2025-11-13 00:00:00.000',159.90,'2026-02-04 16:41:38.919','2026-02-04 16:41:38.919','INSUMOS',NULL,'EM_ABERTO'),(154,NULL,1,NULL,'2025-11-13 00:00:00.000',7.90,'2026-02-04 16:42:01.574','2026-02-04 16:42:01.574','INSUMOS',NULL,'EM_ABERTO'),(155,NULL,1,NULL,'2025-11-13 00:00:00.000',9.90,'2026-02-04 16:42:18.809','2026-02-04 16:42:18.809','INSUMOS',NULL,'EM_ABERTO'),(156,NULL,1,NULL,'2025-11-14 00:00:00.000',75.00,'2026-02-04 17:13:44.279','2026-02-04 17:13:44.279','INSUMOS',NULL,'EM_ABERTO'),(157,NULL,1,NULL,'2025-11-17 00:00:00.000',2397.00,'2026-02-04 17:14:44.745','2026-02-04 17:14:44.745','INSUMOS',NULL,'EM_ABERTO'),(158,NULL,1,NULL,'2025-11-18 00:00:00.000',27.60,'2026-02-04 17:32:10.269','2026-02-04 17:32:10.269','INSUMOS',NULL,'EM_ABERTO'),(159,NULL,1,NULL,'2025-11-18 00:00:00.000',31.60,'2026-02-04 17:32:54.754','2026-02-04 17:32:54.754','INSUMOS',NULL,'EM_ABERTO'),(160,NULL,1,NULL,'2025-11-18 00:00:00.000',1.80,'2026-02-04 17:33:15.039','2026-02-04 17:33:15.039','INSUMOS',NULL,'EM_ABERTO'),(161,NULL,1,NULL,'2025-11-19 00:00:00.000',99.90,'2026-02-04 17:33:33.894','2026-02-04 17:33:33.894','INSUMOS',NULL,'EM_ABERTO'),(162,NULL,1,NULL,'2025-11-24 00:00:00.000',1090.33,'2026-02-04 17:36:27.267','2026-02-04 17:36:27.267','INSUMOS',NULL,'EM_ABERTO'),(163,NULL,1,NULL,'2025-11-24 00:00:00.000',676.17,'2026-02-04 17:42:05.049','2026-02-04 17:42:05.049','INSUMOS',NULL,'EM_ABERTO'),(164,NULL,1,NULL,'2025-11-24 00:00:00.000',301.32,'2026-02-04 17:43:56.945','2026-02-04 17:43:56.945','INSUMOS',NULL,'EM_ABERTO'),(165,NULL,1,NULL,'2025-11-25 00:00:00.000',155.40,'2026-02-04 17:46:14.867','2026-02-04 17:46:14.867','INSUMOS',NULL,'EM_ABERTO'),(166,NULL,1,NULL,'2025-11-25 00:00:00.000',103.60,'2026-02-04 17:47:26.816','2026-02-04 17:47:26.816','INSUMOS',NULL,'EM_ABERTO'),(167,NULL,1,NULL,'2025-11-25 00:00:00.000',1009.80,'2026-02-04 17:48:49.171','2026-02-04 17:48:49.171','INSUMOS',NULL,'EM_ABERTO'),(168,NULL,1,NULL,'2025-11-25 00:00:00.000',104.00,'2026-02-04 17:56:41.570','2026-02-04 17:56:41.570','INSUMOS',NULL,'EM_ABERTO'),(169,NULL,1,NULL,'2025-11-29 00:00:00.000',399.50,'2026-02-04 17:57:01.240','2026-02-04 17:57:01.240','INSUMOS',NULL,'EM_ABERTO'),(170,NULL,1,NULL,'2025-11-29 00:00:00.000',62.70,'2026-02-04 18:15:15.389','2026-02-04 18:15:15.389','INSUMOS',NULL,'EM_ABERTO'),(171,NULL,1,NULL,'2025-11-29 00:00:00.000',56.70,'2026-02-04 18:16:13.784','2026-02-04 18:16:13.784','INSUMOS',NULL,'EM_ABERTO'),(172,NULL,1,NULL,'2025-11-29 00:00:00.000',101.40,'2026-02-04 18:20:48.911','2026-02-04 18:20:48.911','INSUMOS',NULL,'EM_ABERTO'),(173,NULL,1,NULL,'2025-12-01 00:00:00.000',159.80,'2026-02-04 18:23:00.448','2026-02-04 18:23:00.448','INSUMOS',NULL,'EM_ABERTO'),(174,NULL,1,NULL,'2025-12-01 00:00:00.000',174.80,'2026-02-04 18:23:37.969','2026-02-04 18:23:37.969','INSUMOS',NULL,'EM_ABERTO'),(175,NULL,1,NULL,'2025-12-02 00:00:00.000',67.60,'2026-02-04 18:23:55.517','2026-02-04 18:23:55.517','INSUMOS',NULL,'EM_ABERTO'),(176,NULL,1,NULL,'2025-12-02 00:00:00.000',222.30,'2026-02-04 18:24:18.765','2026-02-04 18:24:18.765','INSUMOS',NULL,'EM_ABERTO'),(177,NULL,1,NULL,'2025-12-02 00:00:00.000',143.70,'2026-02-04 18:31:03.614','2026-02-04 18:31:03.614','INSUMOS',NULL,'EM_ABERTO'),(178,NULL,1,NULL,'2025-12-02 00:00:00.000',29.80,'2026-02-04 18:37:07.101','2026-02-04 18:37:07.101','INSUMOS',NULL,'EM_ABERTO'),(179,NULL,1,NULL,'2025-12-02 00:00:00.000',1598.00,'2026-02-04 18:37:35.307','2026-02-04 18:37:35.307','INSUMOS',NULL,'EM_ABERTO'),(180,NULL,1,NULL,'2025-12-02 00:00:00.000',139.80,'2026-02-04 18:38:31.395','2026-02-04 18:38:31.395','INSUMOS',NULL,'EM_ABERTO'),(181,NULL,1,NULL,'2025-12-04 00:00:00.000',48.90,'2026-02-04 18:43:06.563','2026-02-04 18:43:06.563','INSUMOS',NULL,'EM_ABERTO'),(182,NULL,1,NULL,'2025-12-05 00:00:00.000',30.50,'2026-02-04 18:47:50.348','2026-02-04 18:47:50.348','INSUMOS',NULL,'EM_ABERTO'),(183,NULL,1,NULL,'2025-12-04 00:00:00.000',17.90,'2026-02-04 18:49:19.823','2026-02-04 18:49:19.823','INSUMOS',NULL,'EM_ABERTO'),(184,NULL,1,NULL,'2025-12-05 00:00:00.000',214.20,'2026-02-04 18:50:45.417','2026-02-04 18:50:45.417','INSUMOS',NULL,'EM_ABERTO'),(185,NULL,1,NULL,'2025-12-09 00:00:00.000',8.90,'2026-02-04 18:59:44.750','2026-02-04 18:59:44.750','INSUMOS',NULL,'EM_ABERTO'),(186,NULL,1,NULL,'2025-12-10 00:00:00.000',31.60,'2026-02-04 19:02:33.374','2026-02-04 19:02:33.374','INSUMOS',NULL,'EM_ABERTO'),(187,NULL,1,NULL,'2025-12-10 00:00:00.000',17.90,'2026-02-04 19:03:54.467','2026-02-04 19:03:54.467','INSUMOS',NULL,'EM_ABERTO'),(188,NULL,1,NULL,'2025-12-11 00:00:00.000',47.80,'2026-02-04 19:04:48.684','2026-02-04 19:04:48.684','INSUMOS',NULL,'EM_ABERTO'),(189,NULL,1,NULL,'2025-12-18 00:00:00.000',53.90,'2026-02-04 19:05:17.601','2026-02-04 19:05:17.601','INSUMOS',NULL,'EM_ABERTO'),(190,NULL,1,NULL,'2025-12-22 00:00:00.000',507.00,'2026-02-04 19:07:26.817','2026-02-04 19:07:26.817','INSUMOS',NULL,'EM_ABERTO'),(191,NULL,1,NULL,'2025-12-22 00:00:00.000',149.50,'2026-02-04 19:16:06.364','2026-02-04 19:16:06.364','INSUMOS',NULL,'EM_ABERTO'),(192,NULL,1,NULL,'2025-12-22 00:00:00.000',59.80,'2026-02-04 19:17:12.503','2026-02-04 19:17:12.503','INSUMOS',NULL,'EM_ABERTO'),(193,NULL,1,NULL,'2025-12-15 00:00:00.000',186.60,'2026-02-04 19:18:19.590','2026-02-04 19:18:19.590','INSUMOS',NULL,'EM_ABERTO'),(194,NULL,1,NULL,'2025-12-17 00:00:00.000',135.20,'2026-02-04 19:22:43.063','2026-02-04 19:22:43.063','INSUMOS',NULL,'EM_ABERTO'),(195,NULL,1,NULL,'2025-12-17 00:00:00.000',159.90,'2026-02-04 19:23:01.085','2026-02-04 19:23:01.085','INSUMOS',NULL,'EM_ABERTO'),(196,NULL,1,NULL,'2025-12-17 00:00:00.000',218.20,'2026-02-04 19:24:13.397','2026-02-04 19:24:13.397','INSUMOS',NULL,'EM_ABERTO'),(197,NULL,1,NULL,'2025-12-16 00:00:00.000',100.50,'2026-02-04 19:25:37.561','2026-02-04 19:25:37.561','INSUMOS',NULL,'EM_ABERTO'),(198,NULL,1,NULL,'2025-12-23 00:00:00.000',21.90,'2026-02-04 19:25:53.681','2026-02-04 19:25:53.681','INSUMOS',NULL,'EM_ABERTO'),(199,NULL,1,NULL,'2026-01-31 00:00:00.000',129.90,'2026-02-04 19:29:56.599','2026-02-04 19:29:56.599','INSUMOS',NULL,'EM_ABERTO'),(200,NULL,1,NULL,'2026-01-30 00:00:00.000',84.50,'2026-02-04 19:30:39.550','2026-02-04 19:30:39.550','INSUMOS',NULL,'EM_ABERTO'),(201,NULL,1,NULL,'2026-01-30 00:00:00.000',114.40,'2026-02-04 19:32:43.098','2026-02-04 19:32:43.098','INSUMOS',NULL,'EM_ABERTO'),(202,NULL,1,NULL,'2026-01-29 00:00:00.000',109.90,'2026-02-04 19:35:12.513','2026-02-04 19:35:12.513','INSUMOS',NULL,'EM_ABERTO'),(203,NULL,1,NULL,'2026-01-27 00:00:00.000',160.10,'2026-02-04 19:37:15.554','2026-02-04 19:37:15.554','INSUMOS',NULL,'EM_ABERTO'),(204,NULL,1,NULL,'2026-01-27 00:00:00.000',925.60,'2026-02-04 19:42:50.491','2026-02-04 19:42:50.491','INSUMOS',NULL,'EM_ABERTO'),(205,NULL,1,NULL,'2026-01-26 00:00:00.000',17.80,'2026-02-04 19:46:48.810','2026-02-04 19:46:48.810','INSUMOS',NULL,'EM_ABERTO'),(206,NULL,1,NULL,'2026-01-22 00:00:00.000',27.80,'2026-02-04 19:47:29.509','2026-02-04 19:47:29.509','INSUMOS',NULL,'EM_ABERTO'),(207,NULL,1,NULL,'2026-01-22 00:00:00.000',6.00,'2026-02-04 19:47:58.519','2026-02-04 19:47:58.519','INSUMOS',NULL,'EM_ABERTO'),(208,NULL,1,NULL,'2026-01-22 00:00:00.000',26.90,'2026-02-04 19:48:16.591','2026-02-04 19:48:16.591','INSUMOS',NULL,'EM_ABERTO'),(209,NULL,1,NULL,'2026-01-19 00:00:00.000',35.80,'2026-02-04 19:48:39.016','2026-02-04 19:48:39.016','INSUMOS',NULL,'EM_ABERTO'),(210,NULL,1,NULL,'2026-01-19 00:00:00.000',44.90,'2026-02-04 19:49:17.119','2026-02-04 19:49:17.119','INSUMOS',NULL,'EM_ABERTO'),(211,NULL,1,NULL,'2026-01-19 00:00:00.000',103.60,'2026-02-04 19:49:34.024','2026-02-04 19:49:34.024','INSUMOS',NULL,'EM_ABERTO'),(212,NULL,1,NULL,'2026-01-17 00:00:00.000',30.00,'2026-02-04 19:51:28.157','2026-02-04 19:51:28.157','INSUMOS',NULL,'EM_ABERTO'),(213,NULL,1,NULL,'2026-01-17 00:00:00.000',7.90,'2026-02-04 19:53:19.418','2026-02-04 19:53:19.418','INSUMOS',NULL,'EM_ABERTO'),(214,NULL,1,NULL,'2026-01-17 00:00:00.000',79.60,'2026-02-04 19:55:15.562','2026-02-04 19:55:15.562','INSUMOS',NULL,'EM_ABERTO'),(215,NULL,1,NULL,'2026-01-16 00:00:00.000',159.90,'2026-02-04 19:55:40.403','2026-02-04 19:55:40.403','INSUMOS',NULL,'EM_ABERTO'),(216,NULL,1,NULL,'2026-01-14 00:00:00.000',171.60,'2026-02-04 19:57:09.807','2026-02-04 19:57:09.807','INSUMOS',NULL,'EM_ABERTO'),(217,NULL,1,NULL,'2026-01-13 00:00:00.000',104.90,'2026-02-04 19:57:31.751','2026-02-04 19:57:31.751','INSUMOS',NULL,'EM_ABERTO'),(218,NULL,1,NULL,'2026-01-12 00:00:00.000',67.60,'2026-02-04 19:57:50.699','2026-02-04 19:57:50.699','INSUMOS',NULL,'EM_ABERTO'),(219,NULL,1,NULL,'2026-01-09 00:00:00.000',287.80,'2026-02-04 20:01:02.649','2026-02-04 20:01:02.649','INSUMOS',NULL,'EM_ABERTO'),(220,NULL,1,NULL,'2026-01-09 00:00:00.000',24.40,'2026-02-04 20:01:26.141','2026-02-04 20:01:26.141','INSUMOS',NULL,'EM_ABERTO'),(221,NULL,1,NULL,'2026-01-09 00:00:00.000',34.90,'2026-02-04 20:01:52.454','2026-02-04 20:01:52.454','INSUMOS',NULL,'EM_ABERTO'),(222,NULL,1,NULL,'2026-01-07 00:00:00.000',79.90,'2026-02-04 20:02:49.706','2026-02-04 20:02:49.706','INSUMOS',NULL,'EM_ABERTO'),(223,NULL,1,NULL,'2026-01-05 00:00:00.000',15.80,'2026-02-04 20:04:19.386','2026-02-04 20:04:19.386','INSUMOS',NULL,'EM_ABERTO'),(224,NULL,1,NULL,'2026-02-04 00:00:00.000',33.80,'2026-02-04 20:06:34.990','2026-02-04 20:06:34.990','INSUMOS',NULL,'EM_ABERTO'),(225,NULL,1,NULL,'2026-02-04 00:00:00.000',591.80,'2026-02-04 20:07:23.025','2026-02-04 20:07:23.025','INSUMOS',NULL,'EM_ABERTO'),(226,NULL,1,NULL,'2026-02-03 00:00:00.000',129.90,'2026-02-04 20:08:36.351','2026-02-04 20:08:36.351','INSUMOS',NULL,'EM_ABERTO'),(227,NULL,1,NULL,'2026-02-03 00:00:00.000',2.00,'2026-02-04 20:09:24.567','2026-02-04 20:09:24.567','INSUMOS',NULL,'EM_ABERTO'),(228,NULL,1,NULL,'2026-02-02 00:00:00.000',83.70,'2026-02-04 20:10:07.329','2026-02-04 20:10:07.329','INSUMOS',NULL,'EM_ABERTO'),(229,NULL,1,NULL,'2026-02-02 00:00:00.000',12.90,'2026-02-04 20:10:24.299','2026-02-04 20:10:24.299','INSUMOS',NULL,'EM_ABERTO'),(230,NULL,1,NULL,'2026-02-02 00:00:00.000',548.40,'2026-02-04 20:13:09.680','2026-02-04 20:13:09.680','INSUMOS',NULL,'EM_ABERTO'),(231,NULL,1,NULL,'2026-02-02 00:00:00.000',108.90,'2026-02-04 20:13:37.098','2026-02-04 20:13:37.098','INSUMOS',NULL,'EM_ABERTO'),(232,NULL,1,NULL,'2026-02-02 00:00:00.000',12.90,'2026-02-04 20:13:57.004','2026-02-04 20:13:57.004','INSUMOS',NULL,'EM_ABERTO'),(233,NULL,1,NULL,'2026-02-07 00:00:00.000',23.60,'2026-02-07 17:13:44.675','2026-02-07 17:13:44.675','INSUMOS',NULL,'EM_ABERTO'),(234,NULL,3,NULL,'2025-09-30 00:00:00.000',374.28,'2026-02-09 10:46:23.092','2026-02-09 10:46:23.092','INSUMOS',NULL,'EM_ABERTO'),(235,NULL,2,NULL,'2025-09-16 00:00:00.000',281.18,'2026-02-09 10:49:18.311','2026-02-09 10:49:18.311','INSUMOS',NULL,'EM_ABERTO'),(236,NULL,1,NULL,'2026-02-07 00:00:00.000',83.30,'2026-02-09 10:50:22.601','2026-02-09 10:50:22.601','INSUMOS',NULL,'EM_ABERTO'),(237,NULL,1,NULL,'2026-02-07 00:00:00.000',149.40,'2026-02-09 10:51:45.011','2026-02-09 10:51:45.011','INSUMOS',NULL,'EM_ABERTO'),(238,NULL,1,NULL,'2026-02-07 00:00:00.000',107.80,'2026-02-09 10:52:32.558','2026-02-09 10:52:32.558','INSUMOS',NULL,'EM_ABERTO'),(239,NULL,1,NULL,'2026-02-05 00:00:00.000',1100.00,'2026-02-09 10:53:04.284','2026-02-09 10:53:04.284','INSUMOS',NULL,'EM_ABERTO'),(240,NULL,1,NULL,'2026-02-07 00:00:00.000',23.60,'2026-02-09 10:53:50.225','2026-02-09 10:53:50.225','INSUMOS',NULL,'EM_ABERTO'),(241,NULL,1,NULL,'2026-02-05 00:00:00.000',159.90,'2026-02-09 10:54:20.749','2026-02-09 10:54:20.749','INSUMOS',NULL,'EM_ABERTO'),(242,NULL,1,NULL,'2026-02-06 00:00:00.000',511.40,'2026-02-09 11:09:30.908','2026-02-09 11:09:30.908','INSUMOS',NULL,'EM_ABERTO'),(243,NULL,5,NULL,'2025-12-05 00:00:00.000',760.00,'2026-02-09 11:14:42.872','2026-02-09 11:14:42.872','INSUMOS',NULL,'EM_ABERTO'),(244,NULL,5,NULL,'2025-11-28 00:00:00.000',472.00,'2026-02-09 11:19:30.638','2026-02-09 11:19:30.638','INSUMOS',NULL,'EM_ABERTO'),(245,NULL,5,NULL,'2025-11-14 00:00:00.000',944.00,'2026-02-09 11:21:40.495','2026-02-09 11:21:40.495','INSUMOS',NULL,'EM_ABERTO'),(246,NULL,5,NULL,'2025-11-06 00:00:00.000',1825.00,'2026-02-09 11:22:24.493','2026-02-09 11:22:24.493','INSUMOS',NULL,'EM_ABERTO'),(247,NULL,5,NULL,'2025-09-23 00:00:00.000',2447.97,'2026-02-09 11:25:21.342','2026-02-09 11:25:21.342','INSUMOS',NULL,'EM_ABERTO'),(248,NULL,5,NULL,'2025-09-23 00:00:00.000',29.95,'2026-02-09 11:27:04.823','2026-02-09 11:27:04.823','INSUMOS',NULL,'EM_ABERTO'),(249,NULL,5,NULL,'2025-07-07 00:00:00.000',62.00,'2026-02-09 11:28:03.495','2026-02-09 11:28:03.495','INSUMOS',NULL,'EM_ABERTO'),(250,NULL,1,NULL,'2026-02-09 00:00:00.000',147.60,'2026-02-09 11:29:38.586','2026-02-09 11:29:38.586','INSUMOS',NULL,'EM_ABERTO'),(251,NULL,4,NULL,'2026-02-04 00:00:00.000',572.00,'2026-02-09 11:33:07.947','2026-02-09 11:33:07.947','INSUMOS',NULL,'EM_ABERTO'),(252,NULL,4,NULL,'2026-01-22 00:00:00.000',132.00,'2026-02-09 11:34:02.713','2026-02-09 11:34:02.713','INSUMOS',NULL,'EM_ABERTO'),(253,NULL,4,NULL,'2025-09-16 00:00:00.000',631.50,'2026-02-09 11:35:10.564','2026-02-09 11:35:10.564','INSUMOS',NULL,'EM_ABERTO'),(254,NULL,7,NULL,'2026-02-05 00:00:00.000',9054.78,'2026-02-09 11:41:50.789','2026-02-09 11:41:50.789','INSUMOS',NULL,'EM_ABERTO'),(255,NULL,1,NULL,'2026-02-09 00:00:00.000',6.90,'2026-02-09 12:29:24.202','2026-02-09 12:29:24.202','INSUMOS',NULL,'EM_ABERTO'),(256,NULL,7,NULL,'2026-01-22 00:00:00.000',6767.93,'2026-02-09 12:39:24.770','2026-02-09 12:39:24.770','INSUMOS',NULL,'EM_ABERTO'),(257,NULL,7,NULL,'2026-01-21 00:00:00.000',315.84,'2026-02-09 12:44:58.820','2026-02-09 12:44:58.820','INSUMOS',NULL,'EM_ABERTO'),(258,NULL,7,NULL,'2026-01-05 00:00:00.000',72.00,'2026-02-09 12:46:04.189','2026-02-09 12:46:04.189','INSUMOS',NULL,'EM_ABERTO'),(259,NULL,7,NULL,'2025-12-16 00:00:00.000',458.58,'2026-02-09 12:48:22.809','2026-02-09 12:48:22.809','INSUMOS',NULL,'EM_ABERTO'),(260,NULL,7,NULL,'2025-12-05 00:00:00.000',19512.30,'2026-02-09 13:07:20.939','2026-02-09 13:07:20.939','INSUMOS',NULL,'EM_ABERTO'),(261,NULL,7,NULL,'2025-11-13 00:00:00.000',12946.07,'2026-02-09 13:26:59.547','2026-02-09 13:26:59.547','INSUMOS',NULL,'EM_ABERTO'),(262,NULL,7,NULL,'2025-11-07 00:00:00.000',542.70,'2026-02-09 13:28:46.020','2026-02-09 13:28:46.020','INSUMOS',NULL,'EM_ABERTO'),(263,NULL,7,NULL,'2025-11-07 00:00:00.000',420.19,'2026-02-09 13:32:08.366','2026-02-09 13:32:08.366','INSUMOS',NULL,'EM_ABERTO'),(264,NULL,7,NULL,'2025-11-04 00:00:00.000',124.39,'2026-02-09 13:37:05.560','2026-02-09 13:37:05.560','INSUMOS',NULL,'EM_ABERTO'),(265,NULL,7,NULL,'2025-10-30 00:00:00.000',54.59,'2026-02-09 13:38:11.375','2026-02-09 13:38:11.375','INSUMOS',NULL,'EM_ABERTO'),(266,NULL,7,NULL,'2025-10-28 00:00:00.000',3104.70,'2026-02-09 13:40:22.233','2026-02-09 13:40:22.233','INSUMOS',NULL,'EM_ABERTO'),(267,NULL,7,NULL,'2025-10-14 00:00:00.000',207.44,'2026-02-09 13:51:14.637','2026-02-09 13:51:14.637','INSUMOS',NULL,'EM_ABERTO'),(269,NULL,7,NULL,'2025-10-08 00:00:00.000',12339.99,'2026-02-09 15:48:39.207','2026-02-09 15:48:39.207','INSUMOS',NULL,'EM_ABERTO'),(270,NULL,7,NULL,'2025-09-30 00:00:00.000',4071.28,'2026-02-09 16:11:45.477','2026-02-09 16:11:45.477','INSUMOS',NULL,'EM_ABERTO'),(271,NULL,7,NULL,'2025-09-24 00:00:00.000',1488.70,'2026-02-09 16:27:30.154','2026-02-09 16:27:30.154','INSUMOS',NULL,'EM_ABERTO'),(272,NULL,7,NULL,'2025-09-04 00:00:00.000',49.13,'2026-02-09 16:31:37.486','2026-02-09 16:31:37.486','INSUMOS',NULL,'EM_ABERTO'),(273,NULL,7,NULL,'2025-09-01 00:00:00.000',4719.41,'2026-02-09 17:03:56.911','2026-02-09 17:03:56.911','INSUMOS',NULL,'EM_ABERTO'),(274,NULL,7,NULL,'2025-09-01 00:00:00.000',641.72,'2026-02-09 17:05:35.177','2026-02-09 17:05:35.177','INSUMOS',NULL,'EM_ABERTO'),(275,NULL,7,NULL,'2025-09-01 00:00:00.000',211.81,'2026-02-09 17:06:14.259','2026-02-09 17:06:14.259','INSUMOS',NULL,'EM_ABERTO'),(276,NULL,7,NULL,'2025-08-29 00:00:00.000',201.18,'2026-02-09 17:07:57.950','2026-02-09 17:07:57.950','INSUMOS',NULL,'EM_ABERTO'),(277,NULL,7,NULL,'2025-08-22 00:00:00.000',34.30,'2026-02-09 17:09:10.284','2026-02-09 17:09:10.284','INSUMOS',NULL,'EM_ABERTO'),(278,NULL,7,NULL,'2025-08-21 00:00:00.000',8318.76,'2026-02-09 17:14:09.295','2026-02-09 17:14:09.295','INSUMOS',NULL,'EM_ABERTO'),(279,NULL,7,NULL,'2025-08-07 00:00:00.000',8887.87,'2026-02-09 17:21:49.372','2026-02-09 17:21:49.372','INSUMOS',NULL,'EM_ABERTO'),(280,NULL,7,NULL,'2025-01-06 00:00:00.000',417.46,'2026-02-09 17:25:08.561','2026-02-09 17:25:08.561','INSUMOS',NULL,'EM_ABERTO'),(281,NULL,7,NULL,'2025-01-06 00:00:00.000',95.30,'2026-02-09 17:26:19.963','2026-02-09 17:26:19.963','INSUMOS',NULL,'EM_ABERTO'),(282,NULL,8,NULL,'2026-01-12 00:00:00.000',2196.11,'2026-02-09 17:39:09.053','2026-02-09 17:39:09.053','INSUMOS',NULL,'EM_ABERTO'),(283,NULL,8,NULL,'2025-12-11 00:00:00.000',7.00,'2026-02-09 17:41:31.030','2026-02-09 17:41:31.030','INSUMOS',NULL,'EM_ABERTO'),(284,NULL,8,NULL,'2025-12-10 00:00:00.000',889.00,'2026-02-09 17:46:41.560','2026-02-09 17:46:41.560','INSUMOS',NULL,'EM_ABERTO'),(285,NULL,8,NULL,'2025-11-28 00:00:00.000',2938.45,'2026-02-09 17:49:05.258','2026-02-09 17:55:18.853','INSUMOS',NULL,'EM_ABERTO'),(286,NULL,8,NULL,'2025-11-19 00:00:00.000',98.50,'2026-02-09 17:54:51.641','2026-02-09 17:55:28.179','INSUMOS',NULL,'EM_ABERTO'),(287,NULL,8,NULL,'2025-11-05 00:00:00.000',1859.61,'2026-02-09 17:57:43.375','2026-02-09 17:57:43.375','INSUMOS',NULL,'EM_ABERTO'),(288,NULL,8,NULL,'2025-10-15 00:00:00.000',2730.60,'2026-02-09 18:04:07.318','2026-02-09 18:04:07.318','INSUMOS',NULL,'EM_ABERTO'),(289,NULL,8,NULL,'2025-10-15 00:00:00.000',434.34,'2026-02-09 18:05:24.180','2026-02-09 18:05:24.180','INSUMOS',NULL,'EM_ABERTO'),(290,NULL,8,NULL,'2025-09-22 00:00:00.000',2000.32,'2026-02-09 18:32:39.511','2026-02-09 18:32:39.511','INSUMOS',NULL,'EM_ABERTO'),(291,NULL,8,NULL,'2025-09-16 00:00:00.000',3.50,'2026-02-09 18:33:23.726','2026-02-09 18:33:23.726','INSUMOS',NULL,'EM_ABERTO'),(292,NULL,8,NULL,'2025-08-07 00:00:00.000',336.69,'2026-02-09 18:34:41.865','2026-02-09 18:34:41.865','INSUMOS',NULL,'EM_ABERTO'),(293,NULL,8,NULL,'2025-08-06 00:00:00.000',82.50,'2026-02-09 18:35:31.738','2026-02-09 18:35:31.738','INSUMOS',NULL,'EM_ABERTO'),(294,NULL,8,NULL,'2025-07-30 00:00:00.000',5384.86,'2026-02-09 18:38:19.820','2026-02-09 18:38:19.820','INSUMOS',NULL,'EM_ABERTO');
/*!40000 ALTER TABLE `compras` ENABLE KEYS */;
UNLOCK TABLES;

--
-- Table structure for table `compras_itens`
--

DROP TABLE IF EXISTS `compras_itens`;
/*!40101 SET @saved_cs_client     = @@character_set_client */;
/*!40101 SET character_set_client = utf8mb4 */;
CREATE TABLE `compras_itens` (
  `id` int(11) NOT NULL AUTO_INCREMENT,
  `compra_id` int(11) NOT NULL,
  `quantidade` decimal(10,2) NOT NULL DEFAULT 1.00,
  `unidade` varchar(191) NOT NULL,
  `valor_unitario` decimal(10,2) NOT NULL DEFAULT 0.00,
  `valor_total` decimal(10,2) NOT NULL DEFAULT 0.00,
  `criado_em` datetime(3) NOT NULL DEFAULT current_timestamp(3),
  `produto_id` int(11) DEFAULT NULL,
  `cor` varchar(191) DEFAULT NULL,
  `marca` varchar(191) DEFAULT NULL,
  `medida` varchar(191) DEFAULT NULL,
  `nome_produto` varchar(191) NOT NULL,
  PRIMARY KEY (`id`),
  KEY `compras_itens_compra_id_idx` (`compra_id`),
  KEY `compras_itens_produto_id_idx` (`produto_id`),
  CONSTRAINT `compras_itens_compra_id_fkey` FOREIGN KEY (`compra_id`) REFERENCES `compras` (`id`) ON DELETE CASCADE ON UPDATE CASCADE,
  CONSTRAINT `compras_itens_produto_id_fkey` FOREIGN KEY (`produto_id`) REFERENCES `produtos` (`id`) ON DELETE SET NULL ON UPDATE CASCADE
) ENGINE=InnoDB AUTO_INCREMENT=570 DEFAULT CHARSET=utf8mb4 COLLATE=utf8mb4_unicode_ci;
/*!40101 SET character_set_client = @saved_cs_client */;

--
-- Dumping data for table `compras_itens`
--

LOCK TABLES `compras_itens` WRITE;
/*!40000 ALTER TABLE `compras_itens` DISABLE KEYS */;
INSERT INTO `compras_itens` VALUES (1,1,9.00,'UN',16.90,152.10,'2026-02-04 00:39:48.984',1,'110VLTS',NULL,'120 LED/M 3000K','FITA LED 2835 S/ SILICONE'),(2,1,8.00,'M',18.90,151.20,'2026-02-04 00:39:48.984',2,'BRANCO','RASGO','13MM BOBINA','CANALETA LED DIFUSOR'),(3,1,4.00,'UN',9.90,39.60,'2026-02-04 00:39:48.984',3,'LED DIRETA COM CABO',NULL,'110/220V','CONECTOR PARA FITA'),(4,2,30.00,'PC',1.00,30.00,'2026-02-04 00:49:58.167',4,'AEREO',NULL,'REFORCADO','SUPORTE'),(5,3,6.00,'PAR',77.90,467.40,'2026-02-04 00:54:13.267',5,'INVISIVEL AMORTECEDOR',NULL,'45 CM','CORREDICA'),(6,4,1.00,'CX',34.90,34.90,'2026-02-04 00:55:00.829',6,'4.0 X 40',NULL,'CX 500','PARAFUSO IMPORTADO'),(7,5,1.00,'ROLO',99.90,99.90,'2026-02-04 00:57:13.401',7,'LOURO FREIJO PORO','TEGUS PVC','65MM 20MTS','FITA BORDA'),(8,6,2.00,'UN',2.50,5.00,'2026-02-04 00:58:26.057',8,NULL,NULL,'22MM','SAPATA BUCHA'),(9,7,1.00,'ROLO',99.90,99.90,'2026-02-04 01:01:33.120',9,'ITAPUA','TEGUS PVC','65MM 20MTS','FITA BORDA'),(10,8,4.00,'UN',7.90,31.60,'2026-02-04 01:02:43.087',10,'REDONDO NIQUEL',NULL,'ESCOVADO','PUXADOR PONTO RENNA'),(11,9,1.00,'UN',78.90,78.90,'2026-02-04 01:04:00.658',11,'014A',NULL,'6MTS','TRILHO INFERIOR'),(12,9,1.00,'UN',114.90,114.90,'2026-02-04 01:04:00.658',12,'013B',NULL,'6MTS','TRILHO SUPERIOR'),(13,10,17.00,'UN',16.90,287.30,'2026-02-04 01:04:45.787',13,'INOX MATE ESCURO','CIELO','150MM','PUXADOR ABA'),(14,11,5.00,'CHAPA',259.90,1299.50,'2026-02-04 01:09:41.165',14,'BRANCO','ARAUCO TX','15MM','CHAPA MDF'),(15,11,1.00,'CHAPA',129.90,129.90,'2026-02-04 01:09:41.165',15,'FUNDO BRANCO','EUCATEX','2,5','CHAPA MDF'),(16,12,2.00,'UN',19.90,39.80,'2026-02-04 01:14:31.307',16,'JP25 SOBREPOR',NULL,NULL,'KIT JOELINI'),(17,13,8.00,'UN',23.90,191.20,'2026-02-04 01:38:14.653',17,NULL,'MASTER','15CM','PE ALUMINIO'),(18,14,1.00,'UN',36.90,36.90,'2026-02-04 01:54:00.875',18,'DT 140 BRANCO',NULL,'362 X 460','PORTA TALHER'),(19,14,12.00,'UN',15.90,190.80,'2026-02-04 01:54:00.875',19,'PRETO FOSCO','SOPHIA','146MM','PUXADOR ABA'),(20,15,2.00,'M',18.90,37.80,'2026-02-04 01:56:07.609',2,'BRANCO','RASGO','13MM BOBINA','CANALETA LED DIFUSOR'),(21,16,4.00,'UN',13.90,55.60,'2026-02-04 01:59:38.418',20,'BRANCO','ARTECOLA AFIX','430G','SILICONE BASE D AGUA'),(22,16,1.00,'UN',21.90,21.90,'2026-02-04 01:59:38.418',21,'4.0 X 20',NULL,'CX500','PARAFUSO IMPORTADO'),(23,16,1.00,'UN',25.90,25.90,'2026-02-04 01:59:38.418',22,'4.0 X 25',NULL,'CX500','PARAFUSO IMPORTADO'),(24,17,4.00,'CHAPA',349.90,1399.60,'2026-02-04 02:01:06.949',23,'GIANDUIA','DURATEX','15MM','CHAPA MDF'),(25,17,2.00,'CHAPA',479.90,959.80,'2026-02-04 02:01:06.949',24,'ITAPUA','DURATEX','15MM','CHAPA MDF'),(26,18,3.00,'ROLO',29.90,89.70,'2026-02-04 02:02:37.420',25,'GIANDUIA','TEGUS PVC','22MM 20MTS','FITA BORDA'),(27,19,8.00,'PAR',77.90,623.20,'2026-02-04 11:18:26.943',5,'INVISIVEL AMORTECEDOR',NULL,'45 CM','CORREDICA'),(28,19,1.00,'UN',41.90,41.90,'2026-02-04 11:18:26.943',26,'BRANCO','DT 070','456X491','PORTA TALHER'),(29,19,4.00,'UN',6.90,27.60,'2026-02-04 11:18:26.943',27,'INVERSO','RENNA','60N','PISTAO'),(30,19,3.00,'UN',121.90,365.70,'2026-02-04 11:18:26.943',28,'INOX ESCOVADO','DMT','15MM 6MT','PUXADOR 257'),(31,19,22.00,'PAR',3.80,83.60,'2026-02-04 11:18:26.943',29,'INOX',NULL,'15MM','TAMPA 257'),(32,19,1.00,'UN',20.00,20.00,'2026-02-04 11:18:26.943',30,'100GR','ALMASUPER',NULL,'COLA'),(33,20,1.00,'PAR',77.90,77.90,'2026-02-04 11:19:17.133',5,'INVISIVEL AMORTECEDOR',NULL,'45 CM','CORREDICA'),(34,21,2.00,'UN',16.90,33.80,'2026-02-04 11:22:07.498',1,'110VLTS',NULL,'120 LED/M 3000K','FITA LED 2835 S/ SILICONE'),(35,21,2.00,'M',18.90,37.80,'2026-02-04 11:22:07.498',2,'BRANCO','RASGO','13MM BOBINA','CANALETA LED DIFUSOR'),(36,21,10.00,'UN',9.90,99.00,'2026-02-04 11:22:07.498',3,'LED DIRETA COM CABO',NULL,'110/220V','CONECTOR PARA FITA'),(37,22,1.00,'UN',20.00,20.00,'2026-02-04 11:25:38.482',30,'100GR','ALMASUPER',NULL,'COLA'),(38,23,2.00,'UN',15.90,31.80,'2026-02-04 11:32:01.834',31,'AMORTECEDOR','DMT','RETA','DOBRADICA ROBOCOP'),(39,24,4.00,'UN',2.50,10.00,'2026-02-04 11:37:31.154',8,NULL,NULL,'22MM','SAPATA BUCHA'),(40,25,1.00,'UN',25.90,25.90,'2026-02-04 11:38:25.262',22,'4.0 X 25',NULL,'CX500','PARAFUSO IMPORTADO'),(41,25,1.00,'CX',34.90,34.90,'2026-02-04 11:38:25.262',6,'4.0 X 40',NULL,'CX 500','PARAFUSO IMPORTADO'),(42,25,1.00,'CX',17.90,17.90,'2026-02-04 11:38:25.262',32,'4.0X 16',NULL,'CX500','PARAFUSO IMPORTADO'),(43,26,2.00,'UN',24.90,49.80,'2026-02-04 11:41:38.147',33,'GUIA FLEX',NULL,'RO50','KIT ROMETAL'),(44,27,4.00,'UN',2.50,10.00,'2026-02-04 11:41:52.817',8,NULL,NULL,'22MM','SAPATA BUCHA'),(45,28,1.00,'PAR',16.90,16.90,'2026-02-04 11:42:30.422',34,'OPEN LARGA',NULL,'40CM','CORREDICA'),(46,29,2.00,'UN',21.90,43.80,'2026-02-04 11:43:15.872',35,'MACICA NIQUELADA',NULL,'2M 13X13','L ZAMAK'),(47,30,10.00,'UN',6.90,69.00,'2026-02-04 11:50:10.286',36,'S/ FREIO','TEN','50MM','RODIZIO GEL'),(48,30,10.00,'UN',7.90,79.00,'2026-02-04 11:50:10.286',37,'C/ FREIO','TEN','50MM','RODIZIO GEL'),(49,31,1.00,'CX',84.90,84.90,'2026-02-04 11:54:25.387',38,'FLANGEADO 6.0X50','PHS','CX200','PARAFUSO'),(50,31,2.00,'UN',13.90,27.80,'2026-02-04 11:54:25.387',20,'BRANCO','ARTECOLA AFIX','430G','SILICONE BASE D AGUA'),(51,31,1.00,'CX',21.90,21.90,'2026-02-04 11:54:25.387',39,'FLANGEADO PRETO','DMT','6.0X60 CX100','PARAFUSO'),(52,32,10.00,'PC',1.50,15.00,'2026-02-04 11:55:09.883',40,'PRETA',NULL,'3 FUROS','CANTONEIRA'),(53,32,4.00,'UN',13.90,55.60,'2026-02-04 11:55:09.883',20,'BRANCO','ARTECOLA AFIX','430G','SILICONE BASE D AGUA'),(54,33,1.00,'ROLO',159.90,159.90,'2026-02-04 11:55:54.768',41,'BRANCA','PROADEC','22MM 300MTS','FITA BORDA'),(55,34,3.00,'UN',109.90,329.70,'2026-02-04 11:57:04.125',42,'BRONZE 0307','DMT','6MT','PUXADOR FACETATO'),(56,34,38.00,'UN',11.90,452.20,'2026-02-04 11:57:04.125',43,'BRONZE',NULL,'15','TAMPA FACETATO'),(57,35,8.00,'UN',5.00,40.00,'2026-02-04 11:57:39.762',44,'SUPER ALTA','FGV',NULL,'DOBRADICA'),(58,36,7.00,'M',18.90,132.30,'2026-02-04 11:58:08.117',2,'BRANCO','RASGO','13MM BOBINA','CANALETA LED DIFUSOR'),(59,36,7.00,'UN',16.90,118.30,'2026-02-04 11:58:08.117',1,'110VLTS',NULL,'120 LED/M 3000K','FITA LED 2835 S/ SILICONE'),(60,37,1.00,'UN',21.90,21.90,'2026-02-04 11:58:34.507',21,'4.0 X 20',NULL,'CX500','PARAFUSO IMPORTADO'),(61,37,1.00,'CX',34.90,34.90,'2026-02-04 11:58:34.507',6,'4.0 X 40',NULL,'CX 500','PARAFUSO IMPORTADO'),(62,38,1.00,'ROLO',99.90,99.90,'2026-02-04 11:58:56.467',9,'ITAPUA','TEGUS PVC','65MM 20MTS','FITA BORDA'),(63,39,1.00,'UN',20.00,20.00,'2026-02-04 12:12:27.736',30,'100GR','ALMASUPER',NULL,'COLA'),(64,39,2.00,'ROLO',99.90,199.80,'2026-02-04 12:12:27.736',9,'ITAPUA','TEGUS PVC','65MM 20MTS','FITA BORDA'),(65,40,1.00,'UN',41.90,41.90,'2026-02-04 12:14:24.238',26,'BRANCO','DT 070','456X491','PORTA TALHER'),(66,41,52.00,'UN',4.89,254.28,'2026-02-04 12:15:11.079',45,'CALCO DUPLO','TN SLOW EASY','RETA','DOBRADICA'),(67,42,148.00,'UN',4.89,723.72,'2026-02-04 12:15:31.785',45,'CALCO DUPLO','TN SLOW EASY','RETA','DOBRADICA'),(68,43,1.00,'UN',5.00,5.00,'2026-02-04 12:16:03.416',46,'SOBREPOR',NULL,NULL,'FECHO TOQUE'),(69,44,1.00,'PAR',77.90,77.90,'2026-02-04 12:16:45.003',5,'INVISIVEL AMORTECEDOR',NULL,'45 CM','CORREDICA'),(70,44,4.00,'UN',2.50,10.00,'2026-02-04 12:16:45.003',8,NULL,NULL,'22MM','SAPATA BUCHA'),(71,44,8.00,'UN',15.90,127.20,'2026-02-04 12:16:45.003',31,'AMORTECEDOR','DMT','RETA','DOBRADICA ROBOCOP'),(72,44,2.00,'UN',7.99,15.98,'2026-02-04 12:16:45.003',27,'INVERSO','RENNA','60N','PISTAO'),(73,45,1.00,'PC',89.90,89.90,'2026-02-04 12:17:35.270',47,'GRANULADA BEGE','KISAFIX','2.5KG','COLA HOT MELT'),(74,46,5.00,'UN',7.00,35.00,'2026-02-04 12:20:46.249',48,'MARROM',NULL,NULL,'BOTAO INTERRUPTOR'),(75,46,5.00,'UN',7.00,35.00,'2026-02-04 12:20:46.249',49,'PRETO',NULL,NULL,'BOTAO INTERRUPTOR'),(76,46,7.00,'UN',16.90,118.30,'2026-02-04 12:20:46.249',1,'110VLTS',NULL,'120 LED/M 3000K','FITA LED 2835 S/ SILICONE'),(77,46,7.00,'M',18.90,132.30,'2026-02-04 12:20:46.249',2,'BRANCO','RASGO','13MM BOBINA','CANALETA LED DIFUSOR'),(78,47,2.00,'UN',11.90,23.80,'2026-02-04 12:21:06.194',43,'BRONZE',NULL,'15','TAMPA FACETATO'),(79,48,2.00,'PAR',77.90,155.80,'2026-02-04 12:21:22.297',5,'INVISIVEL AMORTECEDOR',NULL,'45 CM','CORREDICA'),(80,49,1.00,'L',209.90,209.90,'2026-02-04 12:21:55.814',50,NULL,'ITAQUA','18LTS','THINNER'),(81,50,1.00,'CX',21.90,21.90,'2026-02-04 12:22:24.057',39,'FLANGEADO PRETO','DMT','6.0X60 CX100','PARAFUSO'),(82,51,4.00,'CHAPA',259.90,1039.60,'2026-02-04 12:22:55.014',14,'BRANCO','ARAUCO TX','15MM','CHAPA MDF'),(83,51,1.00,'CHAPA',479.90,479.90,'2026-02-04 12:22:55.014',24,'ITAPUA','DURATEX','15MM','CHAPA MDF'),(84,52,4.00,'UN',6.99,27.96,'2026-02-04 12:23:28.538',51,'NORMAL','RENNA','60N','PISTAO'),(85,53,1.00,'UN',51.90,51.90,'2026-02-04 12:24:08.788',52,'BRANCO','DT 194','550X495','PORTA TALHER'),(86,54,1.00,'CX',17.90,17.90,'2026-02-04 12:29:04.357',32,'4.0X 16',NULL,'CX500','PARAFUSO IMPORTADO'),(87,54,1.00,'UN',25.90,25.90,'2026-02-04 12:29:04.357',22,'4.0 X 25',NULL,'CX500','PARAFUSO IMPORTADO'),(88,54,1.00,'CX',34.90,34.90,'2026-02-04 12:29:04.357',6,'4.0 X 40',NULL,'CX 500','PARAFUSO IMPORTADO'),(89,54,1.00,'ROLO',99.90,99.90,'2026-02-04 12:29:04.357',9,'ITAPUA','TEGUS PVC','65MM 20MTS','FITA BORDA'),(90,54,2.00,'UN',12.90,25.80,'2026-02-04 12:29:04.357',53,'48MM','KORETECH','45M','FITA CREPE'),(91,54,10.00,'UN',4.00,40.00,'2026-02-04 12:29:04.357',54,'RAPIDO','MAKITA','7/64','BROCA ACO'),(92,55,1.00,'UN',51.90,51.90,'2026-02-04 12:29:32.417',52,'BRANCO','DT 194','550X495','PORTA TALHER'),(93,55,2.00,'UN',21.90,43.80,'2026-02-04 12:29:32.417',35,'MACICA NIQUELADA',NULL,'2M 13X13','L ZAMAK'),(94,56,4.00,'UN',7.99,31.96,'2026-02-04 12:30:37.441',55,'INVERSO','DMT','60N','PISTAO'),(95,56,8.00,'PAR',16.90,135.20,'2026-02-04 12:30:37.441',56,'LARGA','DMT','40CM','CORREDICA'),(96,57,4.00,'UN',7.99,31.96,'2026-02-04 12:34:29.430',55,'INVERSO','DMT','60N','PISTAO'),(97,58,1.00,'UN',109.90,109.90,'2026-02-04 12:35:04.846',42,'BRONZE 0307','DMT','6MT','PUXADOR FACETATO'),(98,58,19.00,'UN',11.90,226.10,'2026-02-04 12:35:04.846',43,'BRONZE',NULL,'15','TAMPA FACETATO'),(99,59,20.00,'PC',1.00,20.00,'2026-02-04 12:38:07.353',4,'AEREO',NULL,'REFORCADO','SUPORTE'),(100,59,20.00,'PC',1.50,30.00,'2026-02-04 12:38:07.353',40,'PRETA',NULL,'3 FUROS','CANTONEIRA'),(101,60,6.00,'UN',14.90,89.40,'2026-02-04 12:39:21.293',57,'OPEN C/FREIO',NULL,'75 MM','RODIZIO GEL'),(102,61,1.00,'UN',108.90,108.90,'2026-02-04 12:41:17.383',58,'FORMICA',NULL,'2.8KG','COLA CONTATO'),(103,62,1.00,'CHAPA',198.90,198.90,'2026-02-04 12:41:59.869',59,'BRANCO FUNDO','ARAUCO','6MM','CHAPA MDF'),(104,63,2.00,'CHAPA',129.90,259.80,'2026-02-04 12:42:28.837',15,'FUNDO BRANCO','EUCATEX','2,5','CHAPA MDF'),(105,64,1.00,'ROLO',159.90,159.90,'2026-02-04 12:43:43.874',41,'BRANCA','PROADEC','22MM 300MTS','FITA BORDA'),(106,65,1.00,'ROLO',99.90,99.90,'2026-02-04 12:44:06.137',9,'ITAPUA','TEGUS PVC','65MM 20MTS','FITA BORDA'),(107,66,2.00,'UN',20.00,40.00,'2026-02-04 12:44:25.321',30,'100GR','ALMASUPER',NULL,'COLA'),(108,67,4.00,'UN',15.90,63.60,'2026-02-04 12:45:06.361',31,'AMORTECEDOR','DMT','RETA','DOBRADICA ROBOCOP'),(109,67,2.00,'UN',7.90,15.80,'2026-02-04 12:45:06.361',55,'INVERSO','DMT','60N','PISTAO'),(110,68,1.00,'CX',34.90,34.90,'2026-02-04 12:45:24.262',6,'4.0 X 40',NULL,'CX 500','PARAFUSO IMPORTADO'),(111,69,7.00,'UN',16.90,118.30,'2026-02-04 12:45:59.053',1,'110VLTS',NULL,'120 LED/M 3000K','FITA LED 2835 S/ SILICONE'),(112,69,1.00,'UN',108.90,108.90,'2026-02-04 12:45:59.053',58,'FORMICA',NULL,'2.8KG','COLA CONTATO'),(113,69,4.00,'M',18.90,75.60,'2026-02-04 12:45:59.053',2,'BRANCO','RASGO','13MM BOBINA','CANALETA LED DIFUSOR'),(114,70,2.00,'CHAPA',259.90,519.80,'2026-02-04 12:46:52.961',14,'BRANCO','ARAUCO TX','15MM','CHAPA MDF'),(115,71,1.00,'UN',16.90,16.90,'2026-02-04 12:48:18.922',60,'AMENDOA','AFIX','300G','SILICONE BASE D AGUA'),(116,72,1.00,'UN',13.90,13.90,'2026-02-04 12:49:33.381',61,'3.5X14',NULL,'CX500','PARAFUSO IMPORTADO'),(117,72,1.00,'UN',17.90,17.90,'2026-02-04 12:49:33.381',62,'4.0X16',NULL,'CX500','PARAFUSO IMPORTADO'),(118,73,1.00,'ROLO',78.90,78.90,'2026-02-04 12:50:16.761',63,'GIANDUIA','TEGUS PVC','65MM 20MTS','FITA BORDA'),(119,74,2.00,'UN',9.99,19.98,'2026-02-04 12:53:01.501',64,'LARGA','TEN','30CM','CORREDICA'),(120,75,1.00,'UN',17.90,17.90,'2026-02-04 12:53:53.741',62,'4.0X16',NULL,'CX500','PARAFUSO IMPORTADO'),(121,76,20.00,'PC',1.00,20.00,'2026-02-04 12:54:19.502',4,'AEREO',NULL,'REFORCADO','SUPORTE'),(122,77,1.00,'UN',16.90,16.90,'2026-02-04 12:55:10.485',1,'110VLTS',NULL,'120 LED/M 3000K','FITA LED 2835 S/ SILICONE'),(123,77,4.00,'UN',10.50,42.00,'2026-02-04 12:55:10.485',3,'LED DIRETA COM CABO',NULL,'110/220V','CONECTOR PARA FITA'),(124,78,1.00,'UN',7.00,7.00,'2026-02-04 12:55:46.439',49,'PRETO',NULL,NULL,'BOTAO INTERRUPTOR'),(125,79,4.00,'UN',7.00,28.00,'2026-02-04 12:56:16.506',49,'PRETO',NULL,NULL,'BOTAO INTERRUPTOR'),(126,80,5.00,'UN',7.00,35.00,'2026-02-04 12:56:31.880',49,'PRETO',NULL,NULL,'BOTAO INTERRUPTOR'),(127,81,4.00,'PC',9.50,38.00,'2026-02-04 12:57:13.613',65,'MINI INVERSO','TN','60N','PISTAO'),(128,82,4.00,'PC',9.50,38.00,'2026-02-04 12:57:33.690',65,'MINI INVERSO','TN','60N','PISTAO'),(129,83,2.00,'UN',25.90,51.80,'2026-02-04 12:57:57.711',22,'4.0 X 25',NULL,'CX500','PARAFUSO IMPORTADO'),(130,84,1.00,'PC',18.90,18.90,'2026-02-04 12:59:34.016',66,'CINZA',NULL,NULL,'SILICONE ORBI PU'),(131,84,1.00,'UN',26.90,26.90,'2026-02-04 12:59:34.016',67,'BRANCO','DT 162','300X410','PORTA TALHER'),(132,85,1.00,'ROLO',99.90,99.90,'2026-02-04 12:59:54.945',9,'ITAPUA','TEGUS PVC','65MM 20MTS','FITA BORDA'),(133,86,1.00,'ROLO',99.90,99.90,'2026-02-04 13:00:14.710',9,'ITAPUA','TEGUS PVC','65MM 20MTS','FITA BORDA'),(134,87,1.00,'ROLO',99.90,99.90,'2026-02-04 13:00:31.095',9,'ITAPUA','TEGUS PVC','65MM 20MTS','FITA BORDA'),(135,88,13.00,'UN',16.90,219.70,'2026-02-04 13:00:48.838',1,'110VLTS',NULL,'120 LED/M 3000K','FITA LED 2835 S/ SILICONE'),(136,89,5.00,'UN',16.90,84.50,'2026-02-04 13:01:37.533',1,'110VLTS',NULL,'120 LED/M 3000K','FITA LED 2835 S/ SILICONE'),(137,89,20.00,'UN',0.50,10.00,'2026-02-04 13:01:37.533',68,NULL,NULL,NULL,'BUCHA AVULSA'),(138,90,1.00,'ROLO',99.90,99.90,'2026-02-04 13:01:57.725',9,'ITAPUA','TEGUS PVC','65MM 20MTS','FITA BORDA'),(139,91,10.00,'M',20.00,200.00,'2026-02-04 13:02:27.873',2,'BRANCO','RASGO','13MM BOBINA','CANALETA LED DIFUSOR'),(140,92,1.00,'PC',119.99,119.99,'2026-02-04 13:03:44.616',69,'ANODIZADO','DMT','18MM 6MT','PUXADOR CAVA'),(141,93,10.00,'UN',2.90,29.00,'2026-02-04 13:05:20.397',70,'BRANCO 12MM',NULL,'52UN','TAMPA ADESIVA'),(142,93,4.00,'UN',12.90,51.60,'2026-02-04 13:05:20.397',71,'PRETO','DMT','146MM','PUXADOR ABA'),(143,94,4.00,'UN',6.99,27.96,'2026-02-04 13:05:52.144',51,'NORMAL','RENNA','60N','PISTAO'),(144,95,10.00,'UN',16.90,169.00,'2026-02-04 13:06:20.735',1,'110VLTS',NULL,'120 LED/M 3000K','FITA LED 2835 S/ SILICONE'),(145,96,10.00,'M',20.00,200.00,'2026-02-04 13:06:37.585',2,'BRANCO','RASGO','13MM BOBINA','CANALETA LED DIFUSOR'),(146,97,1.00,'UN',20.00,20.00,'2026-02-04 13:06:54.505',30,'100GR','ALMASUPER',NULL,'COLA'),(147,98,1.00,'ROLO',99.90,99.90,'2026-02-04 13:13:22.376',9,'ITAPUA','TEGUS PVC','65MM 20MTS','FITA BORDA'),(148,98,3.00,'UN',14.50,43.50,'2026-02-04 13:13:22.376',72,'ANGULO','FGV','90 GRAUS','DOBRADICA'),(149,99,1.00,'CHAPA',479.90,479.90,'2026-02-04 13:13:48.781',24,'ITAPUA','DURATEX','15MM','CHAPA MDF'),(150,100,1.00,'ROLO',99.90,99.90,'2026-02-04 13:14:09.091',9,'ITAPUA','TEGUS PVC','65MM 20MTS','FITA BORDA'),(151,101,2.00,'UN',34.90,69.80,'2026-02-04 13:25:36.575',73,'JP360 SOBREPOR','GUIA UNIVERSAL',NULL,'KIT JOELINI'),(152,101,2.00,'UN',7.90,15.80,'2026-02-04 13:25:36.575',74,'NORMAL','RENNA','100N','PISTAO'),(153,102,2.00,'UN',11.90,23.80,'2026-02-04 13:50:54.269',75,'PUXADOR','RIGORE','096MM','PUXADOR'),(154,103,2.00,'PAR',12.90,25.80,'2026-02-04 13:51:30.666',76,'INOX',NULL,'15','TAMPA FACETATO'),(155,104,1.00,'ROLO',78.90,78.90,'2026-02-04 13:52:05.183',9,'ITAPUA','TEGUS PVC','65MM 20MTS','FITA BORDA'),(156,105,1.00,'UN',9.90,9.90,'2026-02-04 13:52:41.573',3,'LED DIRETA COM CABO',NULL,'110/220V','CONECTOR PARA FITA'),(157,106,9.00,'UN',9.90,89.10,'2026-02-04 13:52:55.744',3,'LED DIRETA COM CABO',NULL,'110/220V','CONECTOR PARA FITA'),(158,107,1.00,'ROLO',44.90,44.90,'2026-02-04 13:54:12.412',77,'GIANDUIA','TEGUS PVC','35MM 20MTS','FITA BORDA'),(159,108,1.00,'UN',36.90,36.90,'2026-02-04 13:56:54.544',18,'DT 140 BRANCO',NULL,'362 X 460','PORTA TALHER'),(160,108,4.00,'UN',12.90,51.60,'2026-02-04 13:56:54.544',78,'ALUMINIO',NULL,'15CM','PE TAVOLA'),(161,109,1.00,'UN',21.90,21.90,'2026-02-04 13:58:11.240',21,'4.0 X 20',NULL,'CX500','PARAFUSO IMPORTADO'),(162,109,2.00,'CX',17.90,35.80,'2026-02-04 13:58:11.240',32,'4.0X 16',NULL,'CX500','PARAFUSO IMPORTADO'),(163,109,1.00,'CX',34.80,34.80,'2026-02-04 13:58:11.240',6,'4.0 X 40',NULL,'CX 500','PARAFUSO IMPORTADO'),(164,110,2.00,'UN',25.90,51.80,'2026-02-04 14:02:46.696',33,'GUIA FLEX',NULL,'RO50','KIT ROMETAL'),(165,110,1.00,'UN',52.00,52.00,'2026-02-04 14:02:46.696',79,'ALUMINIO',NULL,'15MM 6MT','TESTEIRA'),(166,110,1.00,'UN',110.00,110.00,'2026-02-04 14:02:46.696',80,'ANODIZADO SP238',NULL,'15MM 6MT','PUXADOR ABA'),(167,110,1.00,'UN',59.90,59.90,'2026-02-04 14:02:46.696',81,'OVAL ALUMINADO',NULL,'6MTS ESTRIADO','TUBO CABIDEIRO'),(168,111,1.00,'ROLO',22.90,22.90,'2026-02-04 14:04:58.391',82,'BRANCA','TEGUS PVC','35MM 20MTS','FITA BORDA'),(169,112,1.00,'UN',129.90,129.90,'2026-02-04 14:12:49.033',83,'BRONZE','DMT','15MM 6MT','PUXADOR 257'),(170,113,2.00,'UN',3.20,6.40,'2026-02-04 14:14:20.579',84,'SUPER ALTA CALCO','TEN','FIXO','DOBRADICA SLOW'),(171,113,1.00,'UN',5.00,5.00,'2026-02-04 14:14:20.579',85,'CENTRAL FECHADO',NULL,NULL,'SUPORTE CABIDEIRO'),(172,114,1.00,'ROLO',33.90,33.90,'2026-02-04 14:15:04.667',25,'GIANDUIA','TEGUS PVC','22MM 20MTS','FITA BORDA'),(173,115,1.00,'ROLO',159.90,159.90,'2026-02-04 14:16:31.842',41,'BRANCA','PROADEC','22MM 300MTS','FITA BORDA'),(174,116,2.00,'UN',12.90,25.80,'2026-02-04 14:21:44.795',43,'BRONZE',NULL,'15','TAMPA FACETATO'),(175,117,1.00,'L',223.90,223.90,'2026-02-04 14:22:00.812',50,NULL,'ITAQUA','18LTS','THINNER'),(176,118,4.00,'UN',6.90,27.60,'2026-02-04 14:22:43.229',86,'S/ FREIO','TN','35MN','RODIZIO GEL'),(177,119,1.00,'UN',17.90,17.90,'2026-02-04 14:33:33.885',62,'4.0X16',NULL,'CX500','PARAFUSO IMPORTADO'),(178,119,1.00,'UN',25.90,25.90,'2026-02-04 14:33:33.885',22,'4.0 X 25',NULL,'CX500','PARAFUSO IMPORTADO'),(179,119,1.00,'CX',34.90,34.90,'2026-02-04 14:33:33.885',6,'4.0 X 40',NULL,'CX 500','PARAFUSO IMPORTADO'),(180,119,2.00,'UN',21.90,43.80,'2026-02-04 14:33:33.885',35,'MACICA NIQUELADA',NULL,'2M 13X13','L ZAMAK'),(181,119,2.00,'UN',20.00,40.00,'2026-02-04 14:33:33.885',30,'100GR','ALMASUPER',NULL,'COLA'),(182,120,9.00,'CHAPA',229.90,2069.10,'2026-02-04 14:36:50.491',14,'BRANCO','ARAUCO TX','15MM','CHAPA MDF'),(183,121,1.00,'UN',5.00,5.00,'2026-02-04 14:37:13.781',85,'CENTRAL FECHADO',NULL,NULL,'SUPORTE CABIDEIRO'),(184,122,40.00,'PC',0.86,34.40,'2026-02-04 14:47:43.309',4,'AEREO',NULL,'REFORCADO','SUPORTE'),(185,122,200.00,'UN',4.19,838.00,'2026-02-04 14:47:43.309',45,'CALCO DUPLO','TN SLOW EASY','RETA','DOBRADICA'),(186,122,1.00,'CX',41.93,41.93,'2026-02-04 14:47:43.309',87,'6.0X60',NULL,'CX200','PARAFUSO IMPORTADO'),(187,122,1.00,'CX',18.78,18.78,'2026-02-04 14:47:43.309',88,'PRETO','DMT','6.0X65 CX100','PARAFUSO'),(188,122,200.00,'UN',0.43,86.00,'2026-02-04 14:47:43.309',68,NULL,NULL,NULL,'BUCHA AVULSA'),(189,122,50.00,'UN',3.43,171.50,'2026-02-04 14:47:43.309',89,'BRANCA',NULL,'19MM 32UN','TAMPA ADESIVA'),(190,123,1.00,'PAR',11.92,11.92,'2026-02-04 14:51:09.676',90,'LARGA','DMT','35CM','CORREDICA'),(191,124,10.00,'UN',9.99,99.90,'2026-02-04 14:51:27.285',64,'LARGA','TEN','30CM','CORREDICA'),(192,125,1.00,'UN',59.90,59.90,'2026-02-04 14:53:48.255',81,'OVAL ALUMINADO',NULL,'6MTS ESTRIADO','TUBO CABIDEIRO'),(193,126,1.00,'UN',12.90,12.90,'2026-02-04 14:54:26.219',91,'RASTELO CROMADO',NULL,NULL,'PORTA VASSOURA'),(194,127,25.00,'M',19.90,497.50,'2026-02-04 14:55:02.220',2,'BRANCO','RASGO','13MM BOBINA','CANALETA LED DIFUSOR'),(195,128,3.00,'UN',8.50,25.50,'2026-02-04 15:02:44.951',92,'COLONIAL ANODIZADO',NULL,NULL,'PUXADOR PONTO'),(196,128,6.00,'UN',12.90,77.40,'2026-02-04 15:02:44.951',93,'ANODIZADO','SOPHIA','146MM','PUXADOR ABA'),(197,129,2.00,'UN',7.99,15.98,'2026-02-04 15:05:53.176',94,NULL,NULL,'15CM','SUPORTE INVISVEL'),(198,130,1.00,'PAR',12.90,12.90,'2026-02-04 15:28:49.502',95,'LIGHT','TEN','45CM','CORREDICA'),(199,130,1.00,'UN',98.90,98.90,'2026-02-04 15:28:49.502',96,'2051 SEM CORREDICA','SCHIMITT MOD',NULL,'PORTA OLEO'),(200,130,11.00,'UN',12.90,141.90,'2026-02-04 15:28:49.502',71,'PRETO','DMT','146MM','PUXADOR ABA'),(201,130,1.00,'UN',36.90,36.90,'2026-02-04 15:28:49.502',18,'DT 140 BRANCO',NULL,'362 X 460','PORTA TALHER'),(202,131,2.00,'UN',9.50,19.00,'2026-02-04 15:33:41.587',97,'MINI NORMAL','TN','60N','PISTAO'),(203,132,14.00,'UN',16.90,236.60,'2026-02-04 15:36:01.453',1,'110VLTS',NULL,'120 LED/M 3000K','FITA LED 2835 S/ SILICONE'),(204,133,1.00,'UN',21.90,21.90,'2026-02-04 15:36:32.586',21,'4.0 X 20',NULL,'CX500','PARAFUSO IMPORTADO'),(205,133,1.00,'CX',34.90,34.90,'2026-02-04 15:36:32.586',6,'4.0 X 40',NULL,'CX 500','PARAFUSO IMPORTADO'),(206,134,1.00,'L',71.90,71.90,'2026-02-04 15:47:16.241',98,NULL,'ITAQUA','5LTS','THINNER'),(207,134,1.00,'UN',17.90,17.90,'2026-02-04 15:47:16.241',62,'4.0X16',NULL,'CX500','PARAFUSO IMPORTADO'),(208,134,1.00,'UN',12.90,12.90,'2026-02-04 15:47:16.241',91,'RASTELO CROMADO',NULL,NULL,'PORTA VASSOURA'),(209,134,1.00,'PC',64.90,64.90,'2026-02-04 15:47:16.241',99,'BRANCO',NULL,'20CM','ROUPEIRO BASCULANTE'),(210,134,2.00,'PC',9.50,19.00,'2026-02-04 15:47:16.241',65,'MINI INVERSO','TN','60N','PISTAO'),(211,134,2.00,'UN',12.90,25.80,'2026-02-04 15:47:16.241',78,'ALUMINIO',NULL,'15CM','PE TAVOLA'),(212,134,4.00,'PAR',9.90,39.60,'2026-02-04 15:47:16.241',100,'LIGHT','TEN','35CM','CORREDICA'),(213,134,1.00,'UN',51.90,51.90,'2026-02-04 15:47:16.241',52,'BRANCO','DT 194','550X495','PORTA TALHER'),(214,135,1.00,'UN',21.90,21.90,'2026-02-04 15:50:49.695',35,'MACICA NIQUELADA',NULL,'2M 13X13','L ZAMAK'),(215,135,10.00,'PC',1.50,15.00,'2026-02-04 15:50:49.695',40,'PRETA',NULL,'3 FUROS','CANTONEIRA'),(216,135,20.00,'PC',1.00,20.00,'2026-02-04 15:50:49.695',4,'AEREO',NULL,'REFORCADO','SUPORTE'),(217,135,3.00,'CX',17.90,53.70,'2026-02-04 15:50:49.695',32,'4.0X 16',NULL,'CX500','PARAFUSO IMPORTADO'),(218,135,2.00,'UN',25.90,51.80,'2026-02-04 15:50:49.695',22,'4.0 X 25',NULL,'CX500','PARAFUSO IMPORTADO'),(219,135,1.00,'CX',34.80,34.80,'2026-02-04 15:50:49.695',6,'4.0 X 40',NULL,'CX 500','PARAFUSO IMPORTADO'),(220,135,1.00,'UN',21.90,21.90,'2026-02-04 15:50:49.695',21,'4.0 X 20',NULL,'CX500','PARAFUSO IMPORTADO'),(221,135,20.00,'PC',1.50,30.00,'2026-02-04 15:50:49.695',101,'LATERAL NIQUELADO',NULL,NULL,'SUPORTE CABIDEIRO'),(222,135,10.00,'UN',3.00,30.00,'2026-02-04 15:50:49.695',70,'BRANCO 12MM',NULL,'52UN','TAMPA ADESIVA'),(223,136,8.00,'UN',8.50,68.00,'2026-02-04 15:51:17.056',10,'REDONDO NIQUEL',NULL,'ESCOVADO','PUXADOR PONTO RENNA'),(224,137,2.00,'UN',6.90,13.80,'2026-02-04 15:53:59.395',46,'SOBREPOR',NULL,NULL,'FECHO TOQUE'),(225,138,5.00,'UN',15.90,79.50,'2026-02-04 15:54:18.074',31,'AMORTECEDOR','DMT','RETA','DOBRADICA ROBOCOP'),(226,139,2.00,'UN',16.90,33.80,'2026-02-04 15:56:08.006',1,'110VLTS',NULL,'120 LED/M 3000K','FITA LED 2835 S/ SILICONE'),(227,140,1.00,'ROLO',159.90,159.90,'2026-02-04 15:56:35.151',41,'BRANCA','PROADEC','22MM 300MTS','FITA BORDA'),(228,141,1.00,'UN',20.00,20.00,'2026-02-04 16:05:45.235',30,'100GR','ALMASUPER',NULL,'COLA'),(229,142,1.00,'UN',109.90,109.90,'2026-02-04 16:06:16.710',58,'FORMICA',NULL,'2.8KG','COLA CONTATO'),(230,143,5.00,'UN',6.90,34.50,'2026-02-04 16:08:42.012',36,'S/ FREIO','TEN','50MM','RODIZIO GEL'),(231,143,3.00,'UN',6.90,20.70,'2026-02-04 16:08:42.012',102,'ALUMINIO','SOBREPOR','SEM ABA','FECHO MAGNETICO'),(232,144,1.00,'UN',16.90,16.90,'2026-02-04 16:09:10.722',1,'110VLTS',NULL,'120 LED/M 3000K','FITA LED 2835 S/ SILICONE'),(233,144,2.00,'UN',10.90,21.80,'2026-02-04 16:09:10.722',3,'LED DIRETA COM CABO',NULL,'110/220V','CONECTOR PARA FITA'),(234,145,9.00,'UN',16.90,152.10,'2026-02-04 16:09:36.624',1,'110VLTS',NULL,'120 LED/M 3000K','FITA LED 2835 S/ SILICONE'),(235,146,2.00,'UN',3.80,7.60,'2026-02-04 16:10:10.186',103,NULL,'NIQ',NULL,'FECHO ROLETE'),(236,147,1.00,'UN',10.90,10.90,'2026-02-04 16:11:16.123',3,'LED DIRETA COM CABO',NULL,'110/220V','CONECTOR PARA FITA'),(237,148,15.00,'UN',16.90,253.50,'2026-02-04 16:25:03.705',104,'LARGA','RENNA','45CM','CORREDICA'),(238,148,4.00,'UN',14.90,59.60,'2026-02-04 16:25:03.705',105,'LARGA','RENNA','35CM','CORREDICA'),(239,149,3.00,'UN',2.50,7.50,'2026-02-04 16:25:30.564',8,NULL,NULL,'22MM','SAPATA BUCHA'),(240,150,1.00,'UN',1.90,1.90,'2026-02-04 16:31:15.675',106,'CINZA',NULL,'46MM','PASSA FIO'),(241,151,1.00,'UN',7.90,7.90,'2026-02-04 16:33:38.045',107,'LIGHT','TEN','30CM','CORREDICA'),(242,152,8.00,'UN',6.90,55.20,'2026-02-04 16:41:22.139',36,'S/ FREIO','TEN','50MM','RODIZIO GEL'),(243,152,1.00,'UN',21.90,21.90,'2026-02-04 16:41:22.139',35,'MACICA NIQUELADA',NULL,'2M 13X13','L ZAMAK'),(244,153,1.00,'ROLO',159.90,159.90,'2026-02-04 16:41:38.919',41,'BRANCA','PROADEC','22MM 300MTS','FITA BORDA'),(245,154,1.00,'UN',7.90,7.90,'2026-02-04 16:42:01.574',107,'LIGHT','TEN','30CM','CORREDICA'),(246,155,1.00,'PAR',9.90,9.90,'2026-02-04 16:42:18.809',100,'LIGHT','TEN','35CM','CORREDICA'),(247,156,4.00,'UN',6.90,27.60,'2026-02-04 17:13:44.279',36,'S/ FREIO','TEN','50MM','RODIZIO GEL'),(248,156,4.00,'UN',7.90,31.60,'2026-02-04 17:13:44.279',37,'C/ FREIO','TEN','50MM','RODIZIO GEL'),(249,156,2.00,'UN',7.90,15.80,'2026-02-04 17:13:44.279',108,'CROMADO',NULL,'10CM','PE CONICO'),(250,157,30.00,'UN',79.90,2397.00,'2026-02-04 17:14:44.745',109,'INVISIVEL COM AMORTECEDOR','FVG','45CM','CORREDICA'),(251,158,4.00,'UN',6.90,27.60,'2026-02-04 17:32:10.269',36,'S/ FREIO','TEN','50MM','RODIZIO GEL'),(252,159,4.00,'UN',7.90,31.60,'2026-02-04 17:32:54.754',108,'CROMADO',NULL,'10CM','PE CONICO'),(253,160,1.00,'UN',1.80,1.80,'2026-02-04 17:33:15.039',106,'CINZA',NULL,'46MM','PASSA FIO'),(254,161,1.00,'UN',99.90,99.90,'2026-02-04 17:33:33.894',58,'FORMICA',NULL,'2.8KG','COLA CONTATO'),(255,162,200.00,'UN',3.77,754.00,'2026-02-04 17:36:27.267',110,'SLOW RETA SLIDE','RENNA','ON','DOBRADICA'),(256,162,1.00,'L',201.51,201.51,'2026-02-04 17:36:27.267',50,NULL,'ITAQUA','18LTS','THINNER'),(257,162,1.00,'UN',103.41,103.41,'2026-02-04 17:36:27.267',12,'013B',NULL,'6MTS','TRILHO SUPERIOR'),(258,162,1.00,'CX',31.41,31.41,'2026-02-04 17:36:27.267',6,'4.0 X 40',NULL,'CX 500','PARAFUSO IMPORTADO'),(259,163,10.00,'UN',6.21,62.10,'2026-02-04 17:42:05.049',51,'NORMAL','RENNA','60N','PISTAO'),(260,163,1.00,'UN',46.71,46.71,'2026-02-04 17:42:05.049',52,'BRANCO','DT 194','550X495','PORTA TALHER'),(261,163,10.00,'UN',9.81,98.10,'2026-02-04 17:42:05.049',3,'LED DIRETA COM CABO',NULL,'110/220V','CONECTOR PARA FITA'),(262,163,15.00,'UN',15.21,228.15,'2026-02-04 17:42:05.049',1,'110VLTS',NULL,'120 LED/M 3000K','FITA LED 2835 S/ SILICONE'),(263,163,10.00,'M',17.01,170.10,'2026-02-04 17:42:05.049',2,'BRANCO','RASGO','13MM BOBINA','CANALETA LED DIFUSOR'),(264,163,1.00,'UN',71.01,71.01,'2026-02-04 17:42:05.049',11,'014A',NULL,'6MTS','TRILHO INFERIOR'),(265,164,1.00,'UN',53.91,53.91,'2026-02-04 17:43:56.945',81,'OVAL ALUMINADO',NULL,'6MTS ESTRIADO','TUBO CABIDEIRO'),(266,164,2.00,'UN',99.00,198.00,'2026-02-04 17:43:56.945',80,'ANODIZADO SP238',NULL,'15MM 6MT','PUXADOR ABA'),(267,164,1.00,'UN',49.41,49.41,'2026-02-04 17:43:56.945',111,'SOBREPOR','FVG','KIT 2','DESEMPENADOR PORTA'),(268,165,6.00,'UN',25.90,155.40,'2026-02-04 17:46:14.867',33,'GUIA FLEX',NULL,'RO50','KIT ROMETAL'),(269,166,4.00,'UN',25.90,103.60,'2026-02-04 17:47:26.816',33,'GUIA FLEX',NULL,'RO50','KIT ROMETAL'),(270,167,2.00,'CHAPA',479.90,959.80,'2026-02-04 17:48:49.171',24,'ITAPUA','DURATEX','15MM','CHAPA MDF'),(271,167,4.00,'UN',12.50,50.00,'2026-02-04 17:48:49.171',112,'ROLAMENTO','C/F','50MM','RODIZIO GEL'),(272,168,2.00,'UN',52.00,104.00,'2026-02-04 17:56:41.570',79,'ALUMINIO',NULL,'15MM 6MT','TESTEIRA'),(273,169,5.00,'UN',79.90,399.50,'2026-02-04 17:57:01.240',109,'INVISIVEL COM AMORTECEDOR','FVG','45CM','CORREDICA'),(274,170,2.00,'PC',18.90,37.80,'2026-02-04 18:15:15.389',66,'CINZA',NULL,NULL,'SILICONE ORBI PU'),(275,170,1.00,'L',24.90,24.90,'2026-02-04 18:15:15.389',113,NULL,'ORBI','460ML','ESPUMA EXPANSIVA'),(276,171,1.00,'CX',34.80,34.80,'2026-02-04 18:16:13.784',6,'4.0 X 40',NULL,'CX 500','PARAFUSO IMPORTADO'),(277,171,1.00,'UN',21.90,21.90,'2026-02-04 18:16:13.784',21,'4.0 X 20',NULL,'CX500','PARAFUSO IMPORTADO'),(278,172,6.00,'UN',16.90,101.40,'2026-02-04 18:20:48.911',1,'110VLTS',NULL,'120 LED/M 3000K','FITA LED 2835 S/ SILICONE'),(279,173,2.00,'UN',79.90,159.80,'2026-02-04 18:23:00.448',109,'INVISIVEL COM AMORTECEDOR','FVG','45CM','CORREDICA'),(280,174,1.00,'UN',114.90,114.90,'2026-02-04 18:23:37.969',12,'013B',NULL,'6MTS','TRILHO SUPERIOR'),(281,174,1.00,'UN',59.90,59.90,'2026-02-04 18:23:37.969',81,'OVAL ALUMINADO',NULL,'6MTS ESTRIADO','TUBO CABIDEIRO'),(282,175,4.00,'UN',16.90,67.60,'2026-02-04 18:23:55.517',104,'LARGA','RENNA','45CM','CORREDICA'),(283,176,2.00,'UN',52.00,104.00,'2026-02-04 18:24:18.765',79,'ALUMINIO',NULL,'15MM 6MT','TESTEIRA'),(284,176,7.00,'UN',16.90,118.30,'2026-02-04 18:24:18.765',1,'110VLTS',NULL,'120 LED/M 3000K','FITA LED 2835 S/ SILICONE'),(285,177,1.00,'PC',75.90,75.90,'2026-02-04 18:31:03.614',114,'BRANCA',NULL,'8MM 500UN','BUCHA MU'),(286,177,1.00,'UN',44.90,44.90,'2026-02-04 18:31:03.614',115,'F25','FILETTO',NULL,'PINO PINADOR'),(287,177,1.00,'CX',22.90,22.90,'2026-02-04 18:31:03.614',116,'PRETO','DMT','6.0X70 CX100','PARAFUSO PHS'),(288,178,2.00,'UN',14.90,29.80,'2026-02-04 18:37:07.101',117,'48MM','TEK BOND','50M','FITA CREPE'),(289,179,20.00,'UN',79.90,1598.00,'2026-02-04 18:37:35.307',109,'INVISIVEL COM AMORTECEDOR','FVG','45CM','CORREDICA'),(290,180,12.00,'UN',8.50,102.00,'2026-02-04 18:38:31.395',10,'REDONDO NIQUEL',NULL,'ESCOVADO','PUXADOR PONTO RENNA'),(291,180,2.00,'UN',18.90,37.80,'2026-02-04 18:38:31.395',118,'ESCOVADO','RIGORE','192MM','PUXADOR'),(292,181,1.00,'CX',48.90,48.90,'2026-02-04 18:43:06.563',87,'6.0X60',NULL,'CX200','PARAFUSO IMPORTADO'),(293,182,5.00,'UN',6.10,30.50,'2026-02-04 18:47:50.348',119,'ITAPUA',NULL,'12MM 50UN','TAMPA ADESIVA'),(294,183,1.00,'UN',17.90,17.90,'2026-02-04 18:49:19.823',62,'4.0X16',NULL,'CX500','PARAFUSO IMPORTADO'),(295,184,1.00,'UN',116.90,116.90,'2026-02-04 18:50:45.417',120,'ANODIZADO MV 0202','DMT','15MM 6MT','PUXADOR CAVA'),(296,184,6.00,'UN',7.90,47.40,'2026-02-04 18:50:45.417',51,'NORMAL','RENNA','60N','PISTAO'),(297,184,1.00,'UN',49.90,49.90,'2026-02-04 18:50:45.417',26,'BRANCO','DT 070','456X491','PORTA TALHER'),(298,185,1.00,'UN',8.90,8.90,'2026-02-04 18:59:44.750',121,NULL,'NORTON','19 X 20MT','FITA ISOLANTE'),(299,186,4.00,'UN',7.90,31.60,'2026-02-04 19:02:33.374',122,'INVERSO','RENNA','80N','PISTAO'),(300,187,1.00,'UN',17.90,17.90,'2026-02-04 19:03:54.467',62,'4.0X16',NULL,'CX500','PARAFUSO IMPORTADO'),(301,188,1.00,'CX',34.90,34.90,'2026-02-04 19:04:48.684',6,'4.0 X 40',NULL,'CX 500','PARAFUSO IMPORTADO'),(302,188,1.00,'UN',12.90,12.90,'2026-02-04 19:04:48.684',91,'RASTELO CROMADO',NULL,NULL,'PORTA VASSOURA'),(303,189,1.00,'UN',53.90,53.90,'2026-02-04 19:05:17.601',123,'CORRECAO',NULL,'24 CORES','KIT GIZ'),(304,190,30.00,'UN',16.90,507.00,'2026-02-04 19:07:26.817',104,'LARGA','RENNA','45CM','CORREDICA'),(305,191,3.00,'UN',29.90,89.70,'2026-02-04 19:16:06.364',124,'SPO18 RO21',NULL,'6MT','TRILHO'),(306,191,1.00,'UN',20.00,20.00,'2026-02-04 19:16:06.364',125,'MOVELEIRO','TEK BOND','100GR','COLA'),(307,191,2.00,'UN',19.90,39.80,'2026-02-04 19:16:06.364',16,'JP25 SOBREPOR',NULL,NULL,'KIT JOELINI'),(308,192,4.00,'UN',3.00,12.00,'2026-02-04 19:17:12.503',70,'BRANCO 12MM',NULL,'52UN','TAMPA ADESIVA'),(309,192,20.00,'PC',1.00,20.00,'2026-02-04 19:17:12.503',4,'AEREO',NULL,'REFORCADO','SUPORTE'),(310,192,2.00,'UN',13.90,27.80,'2026-02-04 19:17:12.503',20,'BRANCO','ARTECOLA AFIX','430G','SILICONE BASE D AGUA'),(311,193,3.00,'UN',16.90,50.70,'2026-02-04 19:18:19.590',1,'110VLTS',NULL,'120 LED/M 3000K','FITA LED 2835 S/ SILICONE'),(312,193,10.00,'UN',10.90,109.00,'2026-02-04 19:18:19.590',3,'LED DIRETA COM CABO',NULL,'110/220V','CONECTOR PARA FITA'),(313,193,1.00,'UN',26.90,26.90,'2026-02-04 19:18:19.590',126,'FIXA ESPELHO','ORBI','NEUTRO','SILICONE'),(314,194,8.00,'UN',16.90,135.20,'2026-02-04 19:22:43.063',104,'LARGA','RENNA','45CM','CORREDICA'),(315,195,1.00,'ROLO',159.90,159.90,'2026-02-04 19:23:01.085',41,'BRANCA','PROADEC','22MM 300MTS','FITA BORDA'),(316,196,2.00,'UN',17.90,35.80,'2026-02-04 19:24:13.397',62,'4.0X16',NULL,'CX500','PARAFUSO IMPORTADO'),(317,196,2.00,'UN',25.90,51.80,'2026-02-04 19:24:13.397',22,'4.0 X 25',NULL,'CX500','PARAFUSO IMPORTADO'),(318,196,2.00,'CX',34.90,69.80,'2026-02-04 19:24:13.397',6,'4.0 X 40',NULL,'CX 500','PARAFUSO IMPORTADO'),(319,196,2.00,'UN',22.90,45.80,'2026-02-04 19:24:13.397',21,'4.0 X 20',NULL,'CX500','PARAFUSO IMPORTADO'),(320,196,5.00,'UN',3.00,15.00,'2026-02-04 19:24:13.397',70,'BRANCO 12MM',NULL,'52UN','TAMPA ADESIVA'),(321,197,3.00,'UN',18.90,56.70,'2026-02-04 19:25:37.561',1,'110VLTS',NULL,'120 LED/M 3000K','FITA LED 2835 S/ SILICONE'),(322,197,2.00,'UN',21.90,43.80,'2026-02-04 19:25:37.561',35,'MACICA NIQUELADA',NULL,'2M 13X13','L ZAMAK'),(323,198,1.00,'UN',21.90,21.90,'2026-02-04 19:25:53.681',35,'MACICA NIQUELADA',NULL,'2M 13X13','L ZAMAK'),(324,199,1.00,'CHAPA',129.90,129.90,'2026-02-04 19:29:56.599',15,'FUNDO BRANCO','EUCATEX','3','CHAPA MDF'),(325,200,5.00,'UN',16.90,84.50,'2026-02-04 19:30:39.550',104,'LARGA','RENNA','45CM','CORREDICA'),(326,201,2.00,'PC',9.50,19.00,'2026-02-04 19:32:43.098',65,'MINI INVERSO','TN','60N','PISTAO'),(327,201,1.00,'PC',75.90,75.90,'2026-02-04 19:32:43.098',114,'BRANCA',NULL,'8MM 500UN','BUCHA MU'),(328,201,5.00,'UN',1.90,9.50,'2026-02-04 19:32:43.098',127,'BRANCO',NULL,'46MM','PASSA FIO'),(329,201,5.00,'UN',2.00,10.00,'2026-02-04 19:32:43.098',128,'BRANCO',NULL,'60MM','PASSA FIO'),(330,202,1.00,'UN',109.90,109.90,'2026-02-04 19:35:12.513',58,'FORMICA',NULL,'2.8KG','COLA CONTATO'),(331,203,3.00,'UN',16.90,50.70,'2026-02-04 19:37:15.554',1,'110VLTS',NULL,'120 LED/M 3000K','FITA LED 2835 S/ SILICONE'),(332,203,1.00,'UN',0.40,0.40,'2026-02-04 19:37:15.554',129,'CINZA','AEREO',NULL,'CAPA PARA SUPORTE'),(333,203,10.00,'UN',10.90,109.00,'2026-02-04 19:37:15.554',3,'LED DIRETA COM CABO',NULL,'110/220V','CONECTOR PARA FITA'),(334,204,3.00,'UN',12.90,38.70,'2026-02-04 19:42:50.491',93,'ANODIZADO','SOPHIA','146MM','PUXADOR ABA'),(335,204,20.00,'PC',1.00,20.00,'2026-02-04 19:42:50.491',4,'AEREO',NULL,'REFORCADO','SUPORTE'),(336,204,1.00,'CX',28.90,28.90,'2026-02-04 19:42:50.491',130,'6.0X70',NULL,'CX100','PARAFUSO IMPORTADO'),(337,204,200.00,'UN',4.19,838.00,'2026-02-04 19:42:50.491',110,'SLOW RETA SLIDE','RENNA','ON','DOBRADICA'),(338,205,2.00,'UN',8.90,17.80,'2026-02-04 19:46:48.810',121,NULL,'NORTON','19 X 20MT','FITA ISOLANTE'),(339,206,2.00,'UN',13.90,27.80,'2026-02-04 19:47:29.509',131,'LARGA','DMT','30CM','CORREDICA'),(340,207,3.00,'UN',2.00,6.00,'2026-02-04 19:47:58.519',132,'MEL',NULL,'60MM','PASSA FIO'),(341,208,1.00,'UN',26.90,26.90,'2026-02-04 19:48:16.591',67,'BRANCO','DT 162','300X410','PORTA TALHER'),(342,209,2.00,'UN',17.90,35.80,'2026-02-04 19:48:39.016',62,'4.0X16',NULL,'CX500','PARAFUSO IMPORTADO'),(343,210,1.00,'UN',44.90,44.90,'2026-02-04 19:49:17.119',133,'014A',NULL,'3MTS','TRILHO INFERIOR'),(344,211,4.00,'UN',25.90,103.60,'2026-02-04 19:49:34.024',33,'GUIA FLEX',NULL,'RO50','KIT ROMETAL'),(345,212,10.00,'UN',1.50,15.00,'2026-02-04 19:51:28.157',134,'BRANCO',NULL,'3 FUROS','CANTONEIRA'),(346,212,10.00,'UN',1.50,15.00,'2026-02-04 19:51:28.157',135,'ZINCADA',NULL,'3 FUROS','CANTONEIRA'),(347,213,1.00,'UN',7.90,7.90,'2026-02-04 19:53:19.418',136,'SEM FREIO','TN','50M','RODIZIO GEL'),(348,214,4.00,'UN',19.90,79.60,'2026-02-04 19:55:15.562',137,'LARGA','DMT','50 CM','CORREDICA'),(349,215,1.00,'ROLO',159.90,159.90,'2026-02-04 19:55:40.403',41,'BRANCA','PROADEC','22MM 300MTS','FITA BORDA'),(350,216,4.00,'UN',42.90,171.60,'2026-02-04 19:57:09.807',138,'REFORCADO BRANCO',NULL,'50CM','SUPORTE PRATELEIRO EM L'),(351,217,1.00,'ROLO',104.90,104.90,'2026-02-04 19:57:31.751',7,'LOURO FREIJO PORO','TEGUS PVC','65MM 20MTS','FITA BORDA'),(352,218,4.00,'UN',16.90,67.60,'2026-02-04 19:57:50.699',1,'110VLTS',NULL,'120 LED/M 3000K','FITA LED 2835 S/ SILICONE'),(353,219,1.00,'L',223.90,223.90,'2026-02-04 20:01:02.649',50,NULL,'ITAQUA','18LTS','THINNER'),(354,219,1.00,'UN',63.90,63.90,'2026-02-04 20:01:02.649',52,'BRANCO','DT 194','550X495','PORTA TALHER'),(355,220,4.00,'UN',6.10,24.40,'2026-02-04 20:01:26.141',119,'ITAPUA',NULL,'12MM 50UN','TAMPA ADESIVA'),(356,221,1.00,'UN',14.90,14.90,'2026-02-04 20:01:52.454',117,'48MM','TEK BOND','50M','FITA CREPE'),(357,221,1.00,'UN',20.00,20.00,'2026-02-04 20:01:52.454',125,'MOVELEIRO','TEK BOND','100GR','COLA'),(358,222,1.00,'UN',79.90,79.90,'2026-02-04 20:02:49.706',139,'BRANCA','ARTECOLA AFIX','2.5KG','COLA HOT MELT'),(359,223,2.00,'UN',7.90,15.80,'2026-02-04 20:04:19.386',51,'NORMAL','RENNA','60N','PISTAO'),(360,224,2.00,'UN',16.90,33.80,'2026-02-04 20:06:34.990',1,'110VLTS',NULL,'120 LED/M 3000K','FITA LED 2835 S/ SILICONE'),(361,225,1.00,'CX',34.90,34.90,'2026-02-04 20:07:23.025',6,'4.0 X 40',NULL,'CX 500','PARAFUSO IMPORTADO'),(362,225,1.00,'UN',49.90,49.90,'2026-02-04 20:07:23.025',26,'BRANCO','DT 070','456X491','PORTA TALHER'),(363,225,30.00,'UN',16.90,507.00,'2026-02-04 20:07:23.025',104,'LARGA','RENNA','45CM','CORREDICA'),(364,226,1.00,'CHAPA',129.90,129.90,'2026-02-04 20:08:36.351',15,'FUNDO BRANCO','EUCATEX','3','CHAPA MDF'),(365,227,1.00,'UN',2.00,2.00,'2026-02-04 20:09:24.567',140,'CINZA',NULL,'60MM','PASSA FIO'),(366,228,2.00,'UN',14.90,29.80,'2026-02-04 20:10:07.329',141,'BRANCA','BREDAL','30CM','MAO FRANCESA'),(367,228,1.00,'UN',53.90,53.90,'2026-02-04 20:10:07.329',123,'CORRECAO',NULL,'24 CORES','KIT GIZ'),(368,229,1.00,'UN',12.90,12.90,'2026-02-04 20:10:24.299',91,'RASTELO CROMADO',NULL,NULL,'PORTA VASSOURA'),(369,230,7.00,'M',18.90,132.30,'2026-02-04 20:13:09.680',2,'BRANCO','RASGO','13MM BOBINA','CANALETA LED DIFUSOR'),(370,230,7.00,'UN',16.90,118.30,'2026-02-04 20:13:09.680',1,'110VLTS',NULL,'120 LED/M 3000K','FITA LED 2835 S/ SILICONE'),(371,230,21.00,'UN',12.90,270.90,'2026-02-04 20:13:09.680',93,'ANODIZADO','SOPHIA','146MM','PUXADOR ABA'),(372,230,1.00,'UN',26.90,26.90,'2026-02-04 20:13:09.680',67,'BRANCO','DT 162','300X410','PORTA TALHER'),(373,231,1.00,'ROLO',108.90,108.90,'2026-02-04 20:13:37.098',9,'ITAPUA','TEGUS PVC','65MM 20MTS','FITA BORDA'),(374,232,1.00,'UN',12.90,12.90,'2026-02-04 20:13:57.004',91,'RASTELO CROMADO',NULL,NULL,'PORTA VASSOURA'),(375,233,4.00,'UN',5.90,23.60,'2026-02-07 17:13:44.675',142,'ZINCADO','PARABOLT','160MM','SUPORTE INVISIVEL'),(376,234,2.50,'M',149.71,374.28,'2026-02-09 10:46:23.092',143,'SEXTAVADO OURO','IMPORTADO','C/0,50','RATAN SINTETICO'),(377,235,1.00,'PC',26.90,26.90,'2026-02-09 10:49:18.311',144,'PRETO FOSCO',NULL,'AUXILIAR','FECHO PIVOTANTE'),(378,235,1.00,'PAR',87.70,87.70,'2026-02-09 10:49:18.311',145,'QUADRADA','PIV ROS',NULL,'FECHADURA 1025'),(379,235,2.00,'UN',43.29,86.58,'2026-02-09 10:49:18.311',146,'MAGNETIC CROMADO',NULL,NULL,'PRENDEDOR DE PORTA'),(380,235,8.00,'PC',10.00,80.00,'2026-02-09 10:49:18.311',147,'INOX ESCOVADO','SOBREPOR','4X3','DOBRADICA MEDIA'),(381,236,6.00,'UN',7.90,47.40,'2026-02-09 10:50:22.601',122,'INVERSO','RENNA','80N','PISTAO'),(382,236,1.00,'UN',35.90,35.90,'2026-02-09 10:50:22.601',148,'ORIGINAL',NULL,'255GR','TITEBOND'),(383,237,6.00,'M',24.90,149.40,'2026-02-09 10:51:45.011',149,'METROS LED CONTINUO',NULL,'50METROS 320LED/K','FITA LED'),(384,238,2.00,'PAR',53.90,107.80,'2026-02-09 10:52:32.558',150,'AMORTECEDOR',NULL,'30CM','CORREDICA INVISIVEL'),(385,239,5.00,'CHAPA',220.00,1100.00,'2026-02-09 10:53:04.284',14,'BRANCO','ARAUCO TX','15MM','CHAPA MDF'),(386,240,4.00,'UN',5.90,23.60,'2026-02-09 10:53:50.225',142,'ZINCADO','PARABOLT','160MM','SUPORTE INVISIVEL'),(387,241,1.00,'ROLO',159.90,159.90,'2026-02-09 10:54:20.749',41,'BRANCA','PROADEC','22MM 300MTS','FITA BORDA'),(388,242,1.00,'UN',59.90,59.90,'2026-02-09 11:09:30.908',81,'OVAL ALUMINADO',NULL,'6MTS ESTRIADO','TUBO CABIDEIRO'),(389,242,20.00,'PC',1.50,30.00,'2026-02-09 11:09:30.908',101,'LATERAL NIQUELADO',NULL,NULL,'SUPORTE CABIDEIRO'),(390,242,1.00,'UN',21.90,21.90,'2026-02-09 11:09:30.908',35,'MACICA NIQUELADA',NULL,'2M 13X13','L ZAMAK'),(391,242,2.00,'PAR',59.90,119.80,'2026-02-09 11:09:30.908',151,NULL,'ROMETAL','95 PAR','DESEMPENADOR SOBREPOR'),(392,242,2.00,'UN',139.90,279.80,'2026-02-09 11:09:30.908',152,'INOX','DMT','15MM 6MT','PUXADOR ABA'),(393,243,2.00,'CHAPA',325.00,650.00,'2026-02-09 11:14:42.872',153,'BERNECK NUDE VEL',NULL,'15MM 2FC','MDF'),(394,243,1.00,'ROLO',110.00,110.00,'2026-02-09 11:14:42.872',154,'BERNECK NUDE VEL','PVC','65MM X 20M','FITA BORDA'),(395,244,1.00,'PAR',472.00,472.00,'2026-02-09 11:19:30.638',155,NULL,'ARTIC FREE FLAP','3.15 MOD D CZ','HAFELE'),(396,245,2.00,'PAR',472.00,944.00,'2026-02-09 11:21:40.495',155,NULL,'ARTIC FREE FLAP','3.15 MOD D CZ','HAFELE'),(397,246,5.00,'CHAPA',325.00,1625.00,'2026-02-09 11:22:24.493',153,'BERNECK NUDE VEL',NULL,'15MM 2FC','MDF'),(398,246,2.00,'ROLO',100.00,200.00,'2026-02-09 11:22:24.493',154,'BERNECK NUDE VEL','PVC','65MM X 20M','FITA BORDA'),(399,247,3.00,'CHAPA',206.00,618.00,'2026-02-09 11:25:21.342',156,'BRANCO','ARAUCO TEXT','15MM 2FC','MDF'),(400,247,4.00,'CHAPA',340.00,1360.00,'2026-02-09 11:25:21.342',157,'CINZA PURO','ARAUCO','15MM 2FC','MDF'),(401,247,1.00,'ROLO',99.99,99.99,'2026-02-09 11:25:21.342',158,'CINZA PURO','ARAUCO REHAU','65MM 20M','FITA BORDA'),(402,247,2.00,'CHAPA',184.99,369.98,'2026-02-09 11:25:21.342',159,'BRANCO','DURATEX/FIBRA','6MM 2M','MDF'),(403,248,1.00,'UN',5.99,5.99,'2026-02-09 11:27:04.823',160,'FREIJO PURO','DURATEX','12MM','ADESIVO'),(404,248,3.00,'UN',5.99,17.97,'2026-02-09 11:27:04.823',161,'ITAPUA','DURATEX','12MM','ADESIVO'),(405,248,1.00,'UN',5.99,5.99,'2026-02-09 11:27:04.823',162,'CUMARU','ARAUCO','12MM','ADESIVO'),(406,249,1.00,'ROLO',62.00,62.00,'2026-02-09 11:28:03.495',163,'FRAPE MATT','ARAUCO REHAU','35MM 20M','FITA BORDA'),(407,250,1.00,'CX',34.90,34.90,'2026-02-09 11:29:38.586',6,'4.0 X 40',NULL,'CX 500','PARAFUSO IMPORTADO'),(408,250,1.00,'UN',17.90,17.90,'2026-02-09 11:29:38.586',62,'4.0X16',NULL,'CX500','PARAFUSO IMPORTADO'),(409,250,1.00,'UN',25.90,25.90,'2026-02-09 11:29:38.586',22,'4.0 X 25',NULL,'CX500','PARAFUSO IMPORTADO'),(410,250,1.00,'CX',48.90,48.90,'2026-02-09 11:29:38.586',87,'6.0X60',NULL,'CX200','PARAFUSO IMPORTADO'),(411,250,20.00,'PC',1.00,20.00,'2026-02-09 11:29:38.586',164,'REFORCADO',NULL,NULL,'SUPORTE AEREO'),(412,251,4.00,'PC',16.50,66.00,'2026-02-09 11:33:07.947',166,'PRETO FOSCO','CONCHA','115 096','PUXADOR'),(413,251,23.00,'PC',22.00,506.00,'2026-02-09 11:33:07.947',165,'DOURADO',NULL,'950 160','PUXADOR IL'),(414,252,6.00,'UN',22.00,132.00,'2026-02-09 11:34:02.713',167,'CONCHA','DOURADO','115 096','PUXADOR'),(415,253,10.00,'UN',29.90,299.00,'2026-02-09 11:35:10.564',168,'DOURADO',NULL,'950 224','PUXADOR IL'),(416,253,19.00,'UN',17.50,332.50,'2026-02-09 11:35:10.564',169,'DOURADO',NULL,'950 128','PUXADOR IL'),(417,254,6.00,'CHAPA',453.78,2722.68,'2026-02-09 11:41:50.789',170,'NUDE VEL',NULL,'15MM','MDF'),(418,254,6.00,'CHAPA',450.00,2700.00,'2026-02-09 11:41:50.789',171,'LOURO FREIJO PORO',NULL,'15MM','MDF'),(419,254,10.00,'CHAPA',244.44,2444.40,'2026-02-09 11:41:50.789',172,'BRANCO','TX ARAUCO','15MM','MDF'),(420,254,3.00,'CHAPA',150.00,450.00,'2026-02-09 11:41:50.789',173,'BRANCO','BIANCO','3MM 1FC','MDF'),(421,254,2.00,'ROLO',112.06,224.12,'2026-02-09 11:41:50.789',174,'NUDE VEL',NULL,'64MM 20MTS','FITA BORDA'),(422,254,2.00,'ROLO',134.29,268.58,'2026-02-09 11:41:50.789',175,'LOURO FREIJO PORO',NULL,'64MM 20MTS','FITA BORDA'),(423,254,1.00,'ROLO',169.00,169.00,'2026-02-09 11:41:50.789',176,'BRANCO','TX ALLPARTS','22MM 300MTS','FITA BORDA'),(424,254,5.00,'UN',15.20,76.00,'2026-02-09 11:41:50.789',177,'EMBORRACHADO','VONDER','18MM','ESTILETE'),(425,255,1.00,'PAR',6.90,6.90,'2026-02-09 12:29:24.202',183,'ANTI REBOTE',NULL,'1 PORTA','DISPOSITIVO'),(426,256,10.00,'CHAPA',244.44,2444.40,'2026-02-09 12:39:24.770',178,'BRANCO','EUCATEX','15MM','MDF'),(427,256,2.00,'CHAPA',464.67,929.34,'2026-02-09 12:39:24.770',179,'CARVALHO NATURAL',NULL,'15MM','MDF'),(428,256,1.00,'CHAPA',486.67,486.67,'2026-02-09 12:39:24.770',180,'CINZA URBAN',NULL,'15MM','MDF'),(429,256,1.00,'CHAPA',493.67,493.67,'2026-02-09 12:39:24.770',181,'CINZA SAGRADO ESSENCIAL',NULL,'15MM','MDF'),(430,256,1.00,'CHAPA',425.67,425.67,'2026-02-09 12:39:24.770',170,'NUDE VEL',NULL,'15MM','MDF'),(431,256,1.00,'ROLO',110.78,110.78,'2026-02-09 12:39:24.770',182,'CINZA SAGRADO',NULL,'64MM 20MTS','FITA BORDA'),(432,256,1.00,'ROLO',112.06,112.06,'2026-02-09 12:39:24.770',174,'NUDE VEL',NULL,'64MM 20MTS','FITA BORDA'),(433,256,1.00,'ROLO',156.32,156.32,'2026-02-09 12:39:24.770',184,'CARVALHO NATURAL',NULL,'64MM 20MTS','FITA BORDA'),(434,256,3.00,'CHAPA',409.44,1228.32,'2026-02-09 12:39:24.770',185,'CINZA CRISTAL CHESS',NULL,'15MM','MDF'),(435,256,2.00,'ROLO',105.85,211.70,'2026-02-09 12:39:24.770',186,'CINZA CRISTAL CHESS / AURORA TRAMA',NULL,'64MM 20MTS','FITA BORDA'),(436,256,1.00,'ROLO',169.00,169.00,'2026-02-09 12:39:24.770',176,'BRANCO','TX ALLPARTS','22MM 300MTS','FITA BORDA'),(437,257,1.00,'ROLO',156.32,156.32,'2026-02-09 12:44:58.820',184,'CARVALHO NATURAL',NULL,'64MM 20MTS','FITA BORDA'),(438,257,1.00,'ROLO',159.52,159.52,'2026-02-09 12:44:58.820',182,'CINZA SAGRADO',NULL,'64MM 20MTS','FITA BORDA'),(439,258,6.00,'UN',12.00,72.00,'2026-02-09 12:46:04.189',187,'GAS INVERSO',NULL,'TN 60','PISTAO'),(440,259,6.00,'ROLO',76.43,458.58,'2026-02-09 12:48:22.809',188,'CINZA CRISTAL CHESS',NULL,'64MM 20MTS','FITA BORDA'),(441,260,1.00,'UN',409.00,409.00,'2026-02-09 13:07:20.939',193,'550W',NULL,'127V ST55-BR','TUPIA LAMINADOS'),(442,260,19.00,'CHAPA',233.33,4433.27,'2026-02-09 13:07:20.939',178,'BRANCO','EUCATEX','15MM','MDF'),(443,260,2.00,'CHAPA',131.00,262.00,'2026-02-09 13:07:20.939',173,'BRANCO','BIANCO','3MM 1FC','MDF'),(444,260,9.00,'CHAPA',464.67,4182.03,'2026-02-09 13:07:20.939',179,'CARVALHO NATURAL',NULL,'15MM','MDF'),(445,260,9.00,'CHAPA',409.44,3684.96,'2026-02-09 13:07:20.939',185,'CINZA CRISTAL CHESS',NULL,'15MM','MDF'),(446,260,3.00,'CHAPA',491.33,1473.99,'2026-02-09 13:07:20.939',194,'CINZA CRISTAL CHESS',NULL,'18MM','MDF'),(447,260,3.00,'CHAPA',486.67,1460.01,'2026-02-09 13:07:20.939',180,'CINZA URBAN',NULL,'15MM','MDF'),(448,260,1.00,'CHAPA',327.89,327.89,'2026-02-09 13:07:20.939',190,'CARVALHO NATURAL',NULL,'6MM','MDF'),(449,260,1.00,'ROLO',69.15,69.15,'2026-02-09 13:07:20.939',191,'CINZA CRISTAL / CALCARIO','TX','64MM 20MTS','FITA BORDA'),(450,260,2.00,'ROLO',159.52,319.04,'2026-02-09 13:07:20.939',192,'CINZA URBAN',NULL,'64MM 20MTS','FITA BORDA'),(451,260,4.00,'ROLO',148.31,593.24,'2026-02-09 13:07:20.939',184,'CARVALHO NATURAL',NULL,'64MM 20MTS','FITA BORDA'),(452,260,4.00,'UN',74.38,297.52,'2026-02-09 13:07:20.939',195,NULL,'SLOW ET FGT','350MM 35KG','CORREDICA INVISIVEL'),(453,260,1.00,'UN',409.00,409.00,'2026-02-09 13:07:20.939',193,'550W',NULL,'127V ST55-BR','TUPIA LAMINADOS'),(454,260,8.00,'CHAPA',198.90,1591.20,'2026-02-09 13:07:20.939',189,'BRANCO','TX ARAUCO','6MM','MDF'),(455,261,6.00,'CHAPA',284.72,1708.32,'2026-02-09 13:26:59.547',196,'BEIGE MATT',NULL,'06MM','MDF'),(456,261,15.00,'CHAPA',420.19,6302.85,'2026-02-09 13:26:59.547',197,'BEIGE MATT',NULL,'15MM','MDF'),(457,261,12.00,'CHAPA',242.10,2905.20,'2026-02-09 13:26:59.547',172,'BRANCO','TX ARAUCO','15MM','MDF'),(458,261,1.00,'CHAPA',205.30,205.30,'2026-02-09 13:26:59.547',189,'BRANCO','TX ARAUCO','6MM','MDF'),(459,261,7.00,'ROLO',103.72,726.04,'2026-02-09 13:26:59.547',198,'BEIGE MATT',NULL,'64MM 20MTS','FITA BORDA'),(460,261,4.00,'CHAPA',137.89,551.56,'2026-02-09 13:26:59.547',173,'BRANCO','BIANCO','3MM 1FC','MDF'),(461,261,1.00,'UN',68.82,68.82,'2026-02-09 13:26:59.547',199,NULL,'GSPRIME','40X16','PARAFUSO'),(462,261,1.00,'UN',83.98,83.98,'2026-02-09 13:26:59.547',200,NULL,'GSPRIME','40X25','PARAFUSO'),(463,261,1.00,'UN',56.00,56.00,'2026-02-09 13:26:59.547',201,NULL,'GSPRIME','40X40','PARAFUSO'),(464,261,2.00,'ROLO',169.00,338.00,'2026-02-09 13:26:59.547',176,'BRANCO','TX ALLPARTS','22MM 300MTS','FITA BORDA'),(465,262,1.00,'CHAPA',420.19,420.19,'2026-02-09 13:28:46.020',197,'BEIGE MATT',NULL,'15MM','MDF'),(466,262,1.00,'ROLO',122.51,122.51,'2026-02-09 13:28:46.020',202,'LINHO COURO',NULL,'64MM 20MTS','FITA BORDA'),(467,263,1.00,'CHAPA',420.19,420.19,'2026-02-09 13:32:08.366',197,'BEIGE MATT',NULL,'15MM','MDF'),(468,264,1.00,'ROLO',98.39,98.39,'2026-02-09 13:37:05.560',182,'CINZA SAGRADO',NULL,'64MM 20MTS','FITA BORDA'),(469,264,1.00,'UN',6.50,6.50,'2026-02-09 13:37:05.560',203,'BEIGE MATT',NULL,'C/ 50','TAPA FURO'),(470,264,1.00,'UN',6.50,6.50,'2026-02-09 13:37:05.560',204,'LINHO',NULL,'C/50','TAPA FURO'),(471,264,1.00,'UN',6.50,6.50,'2026-02-09 13:37:05.560',205,'CINZA SAGRADO',NULL,'C/50','TAPA FURO'),(472,264,1.00,'UN',6.50,6.50,'2026-02-09 13:37:05.560',206,'CARVALHO',NULL,'C/40','TAPA FURO'),(473,265,1.00,'ROLO',54.59,54.59,'2026-02-09 13:38:11.375',207,'BEIGE MATT',NULL,'35MM 20MTS','FITA BORDA'),(474,266,1.00,'CHAPA',492.44,492.44,'2026-02-09 13:40:22.233',181,'CINZA SAGRADO ESSENCIAL',NULL,'15MM','MDF'),(475,266,4.00,'CHAPA',432.97,1731.88,'2026-02-09 13:40:22.233',208,'LINHO COURO',NULL,'2FC 15MM','MDF'),(476,266,2.00,'CHAPA',242.10,484.20,'2026-02-09 13:40:22.233',172,'BRANCO','TX ARAUCO','15MM','MDF'),(477,266,1.00,'ROLO',122.51,122.51,'2026-02-09 13:40:22.233',202,'LINHO COURO',NULL,'64MM 20MTS','FITA BORDA'),(478,266,1.00,'ROLO',98.39,98.39,'2026-02-09 13:40:22.233',182,'CINZA SAGRADO',NULL,'64MM 20MTS','FITA BORDA'),(479,266,2.00,'UN',87.64,175.28,'2026-02-09 13:40:22.233',195,NULL,'SLOW ET FGT','350MM 35KG','CORREDICA INVISIVEL'),(480,267,2.00,'ROLO',103.72,207.44,'2026-02-09 13:51:14.637',198,'BEIGE MATT',NULL,'64MM 20MTS','FITA BORDA'),(482,269,4.00,'CHAPA',441.74,1766.96,'2026-02-09 15:48:39.207',209,'CARVALHO PORO',NULL,'15MM','MDF'),(483,269,2.00,'CHAPA',305.00,610.00,'2026-02-09 15:48:39.207',210,'CARVALHO / BRANCO',NULL,'06MM','MDF'),(484,269,1.00,'CHAPA',284.72,284.72,'2026-02-09 15:48:39.207',196,'BEIGE MATT',NULL,'06MM','MDF'),(485,269,12.00,'CHAPA',420.19,5042.28,'2026-02-09 15:48:39.207',197,'BEIGE MATT',NULL,'15MM','MDF'),(486,269,10.00,'CHAPA',242.10,2421.00,'2026-02-09 15:48:39.207',211,'BRANCO ARTICO','TX DURATEX','15MM','MDF'),(487,269,4.00,'CHAPA',205.30,821.20,'2026-02-09 15:48:39.207',212,'BRANCO ARTICO','TX DURATEX','6MM','MDF'),(488,269,2.00,'CHAPA',137.89,275.78,'2026-02-09 15:48:39.207',173,'BRANCO','BIANCO','3MM 1FC','MDF'),(489,269,1.00,'ROLO',211.81,211.81,'2026-02-09 15:48:39.207',213,'BRANCO',NULL,'22MM 300MTS','FITA BORDA'),(490,269,2.00,'ROLO',138.71,277.42,'2026-02-09 15:48:39.207',214,'CARVALHO PORO',NULL,'64MM 20MTS','FITA BORDA'),(491,269,6.00,'ROLO',103.72,622.32,'2026-02-09 15:48:39.207',198,'BEIGE MATT',NULL,'64MM 20MTS','FITA BORDA'),(492,269,1.00,'UN',6.50,6.50,'2026-02-09 15:48:39.207',203,'BEIGE MATT',NULL,'C/ 50','TAPA FURO'),(493,270,1.00,'CHAPA',488.86,488.86,'2026-02-09 16:11:45.477',215,'CAPPUCINO',NULL,'15MM','MDF'),(494,270,4.00,'CHAPA',438.34,1753.36,'2026-02-09 16:11:45.477',216,'FRAPE MATT',NULL,'15MM','MDF'),(495,270,2.00,'CHAPA',297.49,594.98,'2026-02-09 16:11:45.477',217,'FRAPE MATT/BRANCO',NULL,'6MM','MDF'),(496,270,1.00,'ROLO',37.65,37.65,'2026-02-09 16:11:45.477',218,'CAPUCCINO',NULL,'22MM 20MTS','FITA BORDA'),(497,270,4.00,'ROLO',105.00,420.00,'2026-02-09 16:11:45.477',219,'FRAPE MATT',NULL,'64MM 20MTS','FITA BORDA'),(498,270,3.00,'UN',83.53,250.59,'2026-02-09 16:11:45.477',220,NULL,'SLOW ET GSPRIME','400MM','CORREDICA INVISIVEL'),(499,270,6.00,'UN',87.64,525.84,'2026-02-09 16:11:45.477',221,NULL,'SLOW ET FGV','450MM','CORREDICA INVISIVEL'),(500,271,1.00,'CHAPA',492.44,492.44,'2026-02-09 16:27:30.154',181,'CINZA SAGRADO ESSENCIAL',NULL,'15MM','MDF'),(501,271,1.00,'CHAPA',374.17,374.17,'2026-02-09 16:27:30.154',223,'GIANDUIA TRAMA',NULL,'15MM','MDF'),(502,271,2.00,'CHAPA',242.10,484.20,'2026-02-09 16:27:30.154',211,'BRANCO ARTICO','TX DURATEX','15MM','MDF'),(503,271,1.00,'CHAPA',137.89,137.89,'2026-02-09 16:27:30.154',173,'BRANCO','BIANCO','3MM 1FC','MDF'),(504,272,1.00,'CHAPA',49.13,49.13,'2026-02-09 16:31:37.486',224,'FREIJO PURO',NULL,'22MM 20MTS','FITA BORDA'),(505,273,2.00,'CHAPA',468.57,937.14,'2026-02-09 17:03:56.911',225,'AREIA',NULL,'15MM','MDF'),(506,273,1.00,'CHAPA',488.86,488.86,'2026-02-09 17:03:56.911',225,'AREIA',NULL,'15MM','MDF'),(507,273,3.00,'CHAPA',350.00,1050.00,'2026-02-09 17:03:56.911',226,'ITAPUA ESSENCIAL',NULL,'6MM','MDF'),(508,273,3.00,'CHAPA',492.44,1477.32,'2026-02-09 17:03:56.911',227,'ITAPUA ESSENCIAL',NULL,'15MM','MDF'),(509,273,2.00,'UN',72.00,144.00,'2026-02-09 17:03:56.911',228,NULL,'SLOW ET FGV','300MM 35KG','CORREDICA INVISIVEL'),(510,273,1.00,'CHAPA',137.89,137.89,'2026-02-09 17:03:56.911',173,'BRANCO','BIANCO','3MM 1FC','MDF'),(511,273,2.00,'CHAPA',242.10,484.20,'2026-02-09 17:03:56.911',211,'BRANCO ARTICO','TX DURATEX','15MM','MDF'),(512,274,1.00,'CHAPA',374.17,374.17,'2026-02-09 17:05:35.177',223,'GIANDUIA TRAMA',NULL,'15MM','MDF'),(513,274,1.00,'CHAPA',267.55,267.55,'2026-02-09 17:05:35.177',229,'GIANDUIA TRAMA',NULL,'6MM','MDF'),(514,275,1.00,'ROLO',211.81,211.81,'2026-02-09 17:06:14.259',213,'BRANCO',NULL,'22MM 300MTS','FITA BORDA'),(515,276,2.00,'ROLO',100.59,201.18,'2026-02-09 17:07:57.950',230,'AREIA',NULL,'64MM 20MTS','FITA BORDA'),(516,277,1.00,'ROLO',34.30,34.30,'2026-02-09 17:09:10.284',231,'FRAPE MATT',NULL,'22MM 20MTS','FITA BORDA'),(517,278,3.00,'CHAPA',488.86,1466.58,'2026-02-09 17:14:09.295',225,'AREIA',NULL,'15MM','MDF'),(518,278,6.00,'CHAPA',344.12,2064.72,'2026-02-09 17:14:09.295',232,'AREIA / BRANCO',NULL,'6MM','MDF'),(519,278,1.00,'CHAPA',350.00,350.00,'2026-02-09 17:14:09.295',226,'ITAPUA ESSENCIAL',NULL,'6MM','MDF'),(520,278,2.00,'CHAPA',492.44,984.88,'2026-02-09 17:14:09.295',227,'ITAPUA ESSENCIAL',NULL,'15MM','MDF'),(521,278,8.00,'CHAPA',242.10,1936.80,'2026-02-09 17:14:09.295',178,'BRANCO','EUCATEX','15MM','MDF'),(522,278,2.00,'ROLO',100.59,201.18,'2026-02-09 17:14:09.295',230,'AREIA',NULL,'64MM 20MTS','FITA BORDA'),(523,278,15.00,'UN',87.64,1314.60,'2026-02-09 17:14:09.295',221,NULL,'SLOW ET FGV','450MM','CORREDICA INVISIVEL'),(524,279,1.00,'CHAPA',350.00,350.00,'2026-02-09 17:21:49.372',226,'ITAPUA ESSENCIAL',NULL,'6MM','MDF'),(525,279,4.00,'CHAPA',492.44,1969.76,'2026-02-09 17:21:49.372',227,'ITAPUA ESSENCIAL',NULL,'15MM','MDF'),(526,279,10.00,'CHAPA',242.10,2421.00,'2026-02-09 17:21:49.372',172,'BRANCO','TX ARAUCO','15MM','MDF'),(527,279,1.00,'CHAPA',205.30,205.30,'2026-02-09 17:21:49.372',189,'BRANCO','TX ARAUCO','6MM','MDF'),(528,279,5.00,'CHAPA',488.86,2444.30,'2026-02-09 17:21:49.372',215,'CAPPUCINO',NULL,'15MM','MDF'),(529,279,2.00,'ROLO',103.72,207.44,'2026-02-09 17:21:49.372',233,'CAPUCCINO',NULL,'64MM 20MTS','FITA BORDA'),(530,279,10.00,'UN',87.64,876.40,'2026-02-09 17:21:49.372',221,NULL,'SLOW ET FGV','450MM','CORREDICA INVISIVEL'),(531,279,3.00,'CHAPA',137.89,413.67,'2026-02-09 17:21:49.372',173,'BRANCO','BIANCO','3MM 1FC','MDF'),(532,280,1.00,'CHAPA',417.46,417.46,'2026-02-09 17:25:08.561',234,'GRAFITE CHESS',NULL,'15MM','MDF'),(533,281,2.00,'ROLO',47.65,95.30,'2026-02-09 17:26:19.963',235,'GRAFITO CHESS / VERSATO',NULL,'22MM 20MTS','FITA BORDA'),(534,282,1.00,'CHAPA',470.44,470.44,'2026-02-09 17:39:09.053',236,'FREIJO PURO ESSECIAL',NULL,'15MM','MDF'),(535,282,1.00,'CHAPA',438.36,438.36,'2026-02-09 17:39:09.053',237,'SALVIA',NULL,'15MM 2F','MDF'),(536,282,2.00,'CHAPA',303.78,607.56,'2026-02-09 17:39:09.053',238,'SALVIA','ARAUCO','6MM','MDF'),(537,282,1.00,'CHAPA',420.25,420.25,'2026-02-09 17:39:09.053',239,'LINHO COURO','ARAUCO','15MM','MDF'),(538,282,1.00,'ROLO',98.50,98.50,'2026-02-09 17:39:09.053',240,'SALVIA','REHAU','64MM','FITA BORDA'),(539,282,1.00,'ROLO',98.50,98.50,'2026-02-09 17:39:09.053',241,'FREIJO PURO','REHAU','64MM','FITA BORDA'),(540,282,3.00,'UN',3.50,10.50,'2026-02-09 17:39:09.053',242,'AURORA','REHAU',NULL,'TAPA FURO'),(541,282,1.00,'UN',3.00,3.00,'2026-02-09 17:39:09.053',243,'FREIJO PURO','REHAU',NULL,'TAPA FURO'),(542,282,10.00,'UN',4.90,49.00,'2026-02-09 17:39:09.053',244,'INVERSO','IMPORTADO','N80','PISTAO GAS'),(543,283,2.00,'UN',3.50,7.00,'2026-02-09 17:41:31.030',245,'GR AREIA','REHAU',NULL,'TAPA FURO'),(544,284,14.00,'UN',63.50,889.00,'2026-02-09 17:46:41.560',246,'JOELINI','FOLGA ZERO','C/ GUIA','KIT DE AMORTECEDOR'),(545,285,1.00,'ROLO',96.50,96.50,'2026-02-09 17:49:05.258',198,'BEIGE MATT',NULL,'64MM 20MTS','FITA BORDA'),(546,285,5.00,'CHAPA',526.69,2633.45,'2026-02-09 17:49:05.258',247,'CARVALHO HANOVER','DURATEX','15MM','MDF'),(547,285,1.00,'ROLO',98.50,98.50,'2026-02-09 17:49:05.258',248,'CARVALHO HANOVER','REHAU','64MM','FITA BORDA'),(548,285,1.00,'UN',110.00,110.00,'2026-02-09 17:49:05.258',249,'INOX LARGO','ALTERNATIVA','6MTS 18MM','TRILHO INFERIOR'),(549,286,1.00,'ROLO',98.50,98.50,'2026-02-09 17:54:51.641',250,'CARVALHO','REHAU','64MM','FITA BORDA'),(550,287,5.00,'CHAPA',249.75,1248.75,'2026-02-09 17:57:43.375',251,'BRANCO','GREENPLAC','15MM','MDF'),(551,287,3.00,'CHAPA',203.62,610.86,'2026-02-09 17:57:43.375',252,'BRANCO','GREENPLAC','6MM','MDF'),(552,288,1.00,'CHAPA',147.37,147.37,'2026-02-09 18:04:07.318',253,'BRANCO','EUCATEX','3MM','MDF'),(553,288,2.00,'CHAPA',430.99,861.98,'2026-02-09 18:04:07.318',254,'GRAFITO CHESS','ARAUCO','15MM','MDF'),(554,288,1.00,'ROLO',102.50,102.50,'2026-02-09 18:04:07.318',255,'GRAFITO','REHAU','64MM','FITA BORDA'),(555,288,1.00,'ROLO',35.00,35.00,'2026-02-09 18:04:07.318',256,'GRAFITO','REHAU','22MM','FITA BORDA'),(556,288,4.00,'PAR',70.00,280.00,'2026-02-09 18:04:07.318',257,'OCULTA SLOW','FGV','450MM','CORREDICA'),(557,288,1.00,'ROLO',55.00,55.00,'2026-02-09 18:04:07.318',258,'CARVALHO','REHAU','35MM','FITA BORDA'),(558,288,5.00,'CHAPA',249.75,1248.75,'2026-02-09 18:04:07.318',259,'BRANCO','ARAUCO','15MM','MDF'),(559,289,1.00,'CHAPA',434.34,434.34,'2026-02-09 18:05:24.180',260,'CARVALHO','ARAUCO','15MM','MDF'),(560,290,3.00,'CHAPA',249.75,749.25,'2026-02-09 18:32:39.511',251,'BRANCO','GREENPLAC','15MM','MDF'),(561,290,1.00,'CHAPA',147.37,147.37,'2026-02-09 18:32:39.511',253,'BRANCO','EUCATEX','3MM','MDF'),(562,290,3.00,'CHAPA',367.90,1103.70,'2026-02-09 18:32:39.511',261,'GIANDUIA TRAMA','DURATEX','15MM','MDF'),(563,291,1.00,'UN',3.50,3.50,'2026-02-09 18:33:23.726',245,'GR AREIA','REHAU',NULL,'TAPA FURO'),(564,292,1.00,'CHAPA',336.69,336.69,'2026-02-09 18:34:41.865',262,'GRANILE','GREENPLAC','15MM','MDF'),(565,293,1.00,'ROLO',82.50,82.50,'2026-02-09 18:35:31.738',263,'GRANILE / CASTANHA DE CAJU','REHAU','64MM','FITA BORDA'),(566,294,10.00,'CHAPA',336.69,3366.90,'2026-02-09 18:38:19.820',262,'GRANILE','GREENPLAC','15MM','MDF'),(567,294,4.00,'CHAPA',415.99,1663.96,'2026-02-09 18:38:19.820',264,'FRAPE MATT','ARAUCO','15MM','MDF'),(568,294,2.00,'ROLO',88.50,177.00,'2026-02-09 18:38:19.820',265,'FRAPE MATT','REHAU','64MM','FITA BORDA'),(569,294,2.00,'ROLO',88.50,177.00,'2026-02-09 18:38:19.820',263,'GRANILE / CASTANHA DE CAJU','REHAU','64MM','FITA BORDA');
/*!40000 ALTER TABLE `compras_itens` ENABLE KEYS */;
UNLOCK TABLES;

--
-- Table structure for table `compras_rateio`
--

DROP TABLE IF EXISTS `compras_rateio`;
/*!40101 SET @saved_cs_client     = @@character_set_client */;
/*!40101 SET character_set_client = utf8mb4 */;
CREATE TABLE `compras_rateio` (
  `id` int(11) NOT NULL AUTO_INCREMENT,
  `compra_id` int(11) NOT NULL,
  `nome_ambiente` varchar(191) NOT NULL,
  `valor_alocado` decimal(10,2) NOT NULL DEFAULT 0.00,
  `criado_em` datetime(3) NOT NULL DEFAULT current_timestamp(3),
  PRIMARY KEY (`id`),
  UNIQUE KEY `compras_rateio_compra_id_nome_ambiente_key` (`compra_id`,`nome_ambiente`),
  KEY `compras_rateio_compra_id_idx` (`compra_id`),
  KEY `compras_rateio_nome_ambiente_idx` (`nome_ambiente`),
  CONSTRAINT `compras_rateio_compra_id_fkey` FOREIGN KEY (`compra_id`) REFERENCES `compras` (`id`) ON DELETE CASCADE ON UPDATE CASCADE
) ENGINE=InnoDB DEFAULT CHARSET=utf8mb4 COLLATE=utf8mb4_unicode_ci;
/*!40101 SET character_set_client = @saved_cs_client */;

--
-- Dumping data for table `compras_rateio`
--

LOCK TABLES `compras_rateio` WRITE;
/*!40000 ALTER TABLE `compras_rateio` DISABLE KEYS */;
/*!40000 ALTER TABLE `compras_rateio` ENABLE KEYS */;
UNLOCK TABLES;

--
-- Table structure for table `contas_pagar`
--

DROP TABLE IF EXISTS `contas_pagar`;
/*!40101 SET @saved_cs_client     = @@character_set_client */;
/*!40101 SET character_set_client = utf8mb4 */;
CREATE TABLE `contas_pagar` (
  `id` int(11) NOT NULL AUTO_INCREMENT,
  `fornecedor_id` int(11) NOT NULL,
  `fornecedor_cobrador_id` int(11) DEFAULT NULL,
  `origem_tipo` varchar(191) DEFAULT NULL,
  `origem_id` int(11) DEFAULT NULL,
  `descricao` varchar(191) DEFAULT NULL,
  `observacao` varchar(191) DEFAULT NULL,
  `valor_original` decimal(12,2) NOT NULL DEFAULT 0.00,
  `valor_compensado` decimal(12,2) NOT NULL DEFAULT 0.00,
  `status` varchar(191) NOT NULL,
  `forma_pagamento_chave` varchar(191) DEFAULT NULL,
  `parcelas_total` int(11) DEFAULT NULL,
  `parcela_numero` int(11) DEFAULT NULL,
  `vencimento_em` datetime(3) NOT NULL,
  `pago_em` datetime(3) DEFAULT NULL,
  `criado_em` datetime(3) NOT NULL DEFAULT current_timestamp(3),
  `atualizado_em` datetime(3) NOT NULL,
  `despesa_id` int(11) DEFAULT NULL,
  `ano_referencia` int(11) NOT NULL,
  `mes_referencia` int(11) NOT NULL,
  PRIMARY KEY (`id`),
  UNIQUE KEY `contas_pagar_despesa_id_key` (`despesa_id`),
  KEY `contas_pagar_fornecedor_id_idx` (`fornecedor_id`),
  KEY `contas_pagar_fornecedor_cobrador_id_idx` (`fornecedor_cobrador_id`),
  KEY `contas_pagar_status_idx` (`status`),
  KEY `contas_pagar_vencimento_em_idx` (`vencimento_em`),
  KEY `contas_pagar_origem_tipo_idx` (`origem_tipo`),
  KEY `contas_pagar_origem_id_idx` (`origem_id`),
  CONSTRAINT `contas_pagar_despesa_id_fkey` FOREIGN KEY (`despesa_id`) REFERENCES `despesas` (`id`) ON DELETE SET NULL ON UPDATE CASCADE,
  CONSTRAINT `contas_pagar_fornecedor_cobrador_id_fkey` FOREIGN KEY (`fornecedor_cobrador_id`) REFERENCES `fornecedor` (`id`) ON DELETE SET NULL ON UPDATE CASCADE,
  CONSTRAINT `contas_pagar_fornecedor_id_fkey` FOREIGN KEY (`fornecedor_id`) REFERENCES `fornecedor` (`id`) ON UPDATE CASCADE
) ENGINE=InnoDB DEFAULT CHARSET=utf8mb4 COLLATE=utf8mb4_unicode_ci;
/*!40101 SET character_set_client = @saved_cs_client */;

--
-- Dumping data for table `contas_pagar`
--

LOCK TABLES `contas_pagar` WRITE;
/*!40000 ALTER TABLE `contas_pagar` DISABLE KEYS */;
/*!40000 ALTER TABLE `contas_pagar` ENABLE KEYS */;
UNLOCK TABLES;

--
-- Table structure for table `contas_receber`
--

DROP TABLE IF EXISTS `contas_receber`;
/*!40101 SET @saved_cs_client     = @@character_set_client */;
/*!40101 SET character_set_client = utf8mb4 */;
CREATE TABLE `contas_receber` (
  `id` int(11) NOT NULL AUTO_INCREMENT,
  `fornecedor_id` int(11) DEFAULT NULL,
  `origem_tipo` varchar(191) DEFAULT NULL,
  `origem_id` int(11) DEFAULT NULL,
  `descricao` varchar(191) DEFAULT NULL,
  `observacao` varchar(191) DEFAULT NULL,
  `valor_original` decimal(12,2) NOT NULL DEFAULT 0.00,
  `valor_compensado` decimal(12,2) NOT NULL DEFAULT 0.00,
  `status` varchar(191) NOT NULL,
  `forma_recebimento_chave` varchar(191) DEFAULT NULL,
  `vencimento_em` datetime(3) DEFAULT NULL,
  `recebido_em` datetime(3) DEFAULT NULL,
  `criado_em` datetime(3) NOT NULL DEFAULT current_timestamp(3),
  `atualizado_em` datetime(3) NOT NULL,
  `cliente_id` int(11) DEFAULT NULL,
  PRIMARY KEY (`id`),
  KEY `contas_receber_fornecedor_id_idx` (`fornecedor_id`),
  KEY `contas_receber_status_idx` (`status`),
  KEY `contas_receber_vencimento_em_idx` (`vencimento_em`),
  KEY `contas_receber_origem_tipo_idx` (`origem_tipo`),
  KEY `contas_receber_origem_id_idx` (`origem_id`),
  KEY `contas_receber_cliente_id_idx` (`cliente_id`),
  CONSTRAINT `contas_receber_cliente_id_fkey` FOREIGN KEY (`cliente_id`) REFERENCES `clientes` (`id`) ON DELETE SET NULL ON UPDATE CASCADE,
  CONSTRAINT `contas_receber_fornecedor_id_fkey` FOREIGN KEY (`fornecedor_id`) REFERENCES `fornecedor` (`id`) ON DELETE SET NULL ON UPDATE CASCADE
) ENGINE=InnoDB AUTO_INCREMENT=2 DEFAULT CHARSET=utf8mb4 COLLATE=utf8mb4_unicode_ci;
/*!40101 SET character_set_client = @saved_cs_client */;

--
-- Dumping data for table `contas_receber`
--

LOCK TABLES `contas_receber` WRITE;
/*!40000 ALTER TABLE `contas_receber` DISABLE KEYS */;
INSERT INTO `contas_receber` VALUES (1,NULL,'VENDA',5,'Venda #5',NULL,5800.00,0.00,'PAGO',NULL,'2026-02-23 00:00:00.000','2026-02-26 12:18:22.658','2026-02-26 12:18:22.659','2026-02-26 12:18:22.659',9);
/*!40000 ALTER TABLE `contas_receber` ENABLE KEYS */;
UNLOCK TABLES;

--
-- Table structure for table `contratos`
--

DROP TABLE IF EXISTS `contratos`;
/*!40101 SET @saved_cs_client     = @@character_set_client */;
/*!40101 SET character_set_client = utf8mb4 */;
CREATE TABLE `contratos` (
  `id` int(11) NOT NULL AUTO_INCREMENT,
  `cliente_id` int(11) NOT NULL,
  `venda_id` int(11) DEFAULT NULL,
  `numero` varchar(191) NOT NULL,
  `descricao` varchar(191) DEFAULT NULL,
  `status` varchar(191) NOT NULL,
  `valor` decimal(10,2) NOT NULL DEFAULT 0.00,
  `data_inicio` datetime(3) DEFAULT NULL,
  `data_fim` datetime(3) DEFAULT NULL,
  `criado_em` datetime(3) NOT NULL DEFAULT current_timestamp(3),
  `atualizado_em` datetime(3) NOT NULL,
  `data_assinatura` datetime(3) DEFAULT NULL,
  `zapsign_doc_token` varchar(191) DEFAULT NULL,
  `assinatura_presencial` tinyint(1) NOT NULL DEFAULT 0,
  `vendedor_responsavel_id` int(11) DEFAULT NULL,
  PRIMARY KEY (`id`),
  KEY `contratos_cliente_id_idx` (`cliente_id`),
  KEY `contratos_venda_id_idx` (`venda_id`),
  KEY `contratos_status_idx` (`status`),
  KEY `contratos_vendedor_responsavel_id_idx` (`vendedor_responsavel_id`),
  CONSTRAINT `contratos_cliente_id_fkey` FOREIGN KEY (`cliente_id`) REFERENCES `clientes` (`id`) ON UPDATE CASCADE,
  CONSTRAINT `contratos_venda_id_fkey` FOREIGN KEY (`venda_id`) REFERENCES `vendas` (`id`) ON DELETE SET NULL ON UPDATE CASCADE,
  CONSTRAINT `contratos_vendedor_responsavel_id_fkey` FOREIGN KEY (`vendedor_responsavel_id`) REFERENCES `funcionarios` (`id`) ON DELETE SET NULL ON UPDATE CASCADE
) ENGINE=InnoDB AUTO_INCREMENT=5 DEFAULT CHARSET=utf8mb4 COLLATE=utf8mb4_unicode_ci;
/*!40101 SET character_set_client = @saved_cs_client */;

--
-- Dumping data for table `contratos`
--

LOCK TABLES `contratos` WRITE;
/*!40000 ALTER TABLE `contratos` DISABLE KEYS */;
INSERT INTO `contratos` VALUES (1,6,NULL,'CONT-2026-004',NULL,'VIGENTE',3000.00,'2026-02-20 00:00:00.000','2026-03-20 00:00:00.000','2026-02-20 19:51:55.409','2026-02-23 12:24:28.100','2026-02-23 12:24:28.099',NULL,0,NULL),(4,9,6,'CONT-2026-006',NULL,'RASCUNHO',6000.00,'2026-02-26 14:13:49.604','2026-02-28 00:00:00.000','2026-02-26 14:13:49.605','2026-02-26 14:13:49.605',NULL,NULL,0,NULL);
/*!40000 ALTER TABLE `contratos` ENABLE KEYS */;
UNLOCK TABLES;

--
-- Table structure for table `contratos_link_publico`
--

DROP TABLE IF EXISTS `contratos_link_publico`;
/*!40101 SET @saved_cs_client     = @@character_set_client */;
/*!40101 SET character_set_client = utf8mb4 */;
CREATE TABLE `contratos_link_publico` (
  `id` int(11) NOT NULL AUTO_INCREMENT,
  `short_token` varchar(191) NOT NULL,
  `contrato_id` int(11) NOT NULL,
  `expira_em` datetime(3) NOT NULL,
  `criado_em` datetime(3) NOT NULL DEFAULT current_timestamp(3),
  PRIMARY KEY (`id`),
  UNIQUE KEY `contratos_link_publico_short_token_key` (`short_token`),
  KEY `contratos_link_publico_short_token_idx` (`short_token`),
  KEY `contratos_link_publico_expira_em_idx` (`expira_em`),
  KEY `contratos_link_publico_contrato_id_fkey` (`contrato_id`),
  CONSTRAINT `contratos_link_publico_contrato_id_fkey` FOREIGN KEY (`contrato_id`) REFERENCES `contratos` (`id`) ON DELETE CASCADE ON UPDATE CASCADE
) ENGINE=InnoDB AUTO_INCREMENT=11 DEFAULT CHARSET=utf8mb4 COLLATE=utf8mb4_unicode_ci;
/*!40101 SET character_set_client = @saved_cs_client */;

--
-- Dumping data for table `contratos_link_publico`
--

LOCK TABLES `contratos_link_publico` WRITE;
/*!40000 ALTER TABLE `contratos_link_publico` DISABLE KEYS */;
INSERT INTO `contratos_link_publico` VALUES (1,'7a605798',1,'2026-02-21 19:51:58.130','2026-02-20 19:51:58.131'),(2,'d74a037c',1,'2026-02-21 19:53:34.380','2026-02-20 19:53:34.381'),(3,'5bd1787a',1,'2026-02-21 19:54:29.620','2026-02-20 19:54:29.621'),(4,'4eff15b0',1,'2026-02-24 11:51:09.652','2026-02-23 11:51:09.653'),(5,'baf25e64',1,'2026-02-24 12:00:10.578','2026-02-23 12:00:10.579'),(6,'fd558587',1,'2026-02-24 12:22:24.887','2026-02-23 12:22:24.888'),(7,'a81105f1',1,'2026-02-24 12:25:03.708','2026-02-23 12:25:03.709');
/*!40000 ALTER TABLE `contratos_link_publico` ENABLE KEYS */;
UNLOCK TABLES;

--
-- Table structure for table `despesas`
--

DROP TABLE IF EXISTS `despesas`;
/*!40101 SET @saved_cs_client     = @@character_set_client */;
/*!40101 SET character_set_client = utf8mb4 */;
CREATE TABLE `despesas` (
  `id` int(11) NOT NULL AUTO_INCREMENT,
  `tipo_movimento` varchar(191) NOT NULL,
  `categoria` varchar(191) NOT NULL,
  `classificacao` varchar(191) NOT NULL,
  `local` varchar(191) NOT NULL,
  `valor_total` decimal(10,2) NOT NULL,
  `forma_pagamento` varchar(191) NOT NULL,
  `quantidade_parcelas` int(11) NOT NULL,
  `data_registro` datetime(3) NOT NULL DEFAULT current_timestamp(3),
  `data_vencimento` datetime(3) NOT NULL,
  `data_pagamento` datetime(3) DEFAULT NULL,
  `funcionario_id` int(11) DEFAULT NULL,
  `status` varchar(191) NOT NULL DEFAULT 'EM_ABERTO',
  `parcela_numero` int(11) DEFAULT NULL,
  `recorrencia_id` varchar(36) DEFAULT NULL,
  `unidade` varchar(191) NOT NULL,
  `cartao_credito_key` varchar(50) DEFAULT NULL,
  `conta_bancaria_key` varchar(50) DEFAULT NULL,
  `conta_bancaria_tipo_key` varchar(50) DEFAULT NULL,
  PRIMARY KEY (`id`),
  KEY `despesas_tipo_movimento_idx` (`tipo_movimento`),
  KEY `despesas_categoria_idx` (`categoria`),
  KEY `despesas_classificacao_idx` (`classificacao`),
  KEY `despesas_local_idx` (`local`),
  KEY `despesas_status_idx` (`status`),
  KEY `despesas_data_vencimento_idx` (`data_vencimento`),
  KEY `despesas_funcionario_id_idx` (`funcionario_id`),
  KEY `despesas_recorrencia_id_idx` (`recorrencia_id`),
  KEY `despesas_unidade_idx` (`unidade`),
  KEY `despesas_conta_bancaria_key_idx` (`conta_bancaria_key`),
  KEY `despesas_conta_bancaria_tipo_key_idx` (`conta_bancaria_tipo_key`),
  KEY `despesas_cartao_credito_key_idx` (`cartao_credito_key`),
  CONSTRAINT `despesas_funcionario_id_fkey` FOREIGN KEY (`funcionario_id`) REFERENCES `funcionarios` (`id`) ON DELETE SET NULL ON UPDATE CASCADE
) ENGINE=InnoDB AUTO_INCREMENT=69 DEFAULT CHARSET=utf8mb4 COLLATE=utf8mb4_unicode_ci;
/*!40101 SET character_set_client = @saved_cs_client */;

--
-- Dumping data for table `despesas`
--

LOCK TABLES `despesas` WRITE;
/*!40000 ALTER TABLE `despesas` DISABLE KEYS */;
INSERT INTO `despesas` VALUES (1,'SAIDA','ENERGIA','CUSTO_FIXO','',318.41,'PIX',1,'2026-01-22 00:00:00.000','2026-02-05 00:00:00.000','2026-02-02 00:00:00.000',NULL,'PAGO',NULL,NULL,'FABRICA',NULL,'ITAU','CONTA_CORRENTE'),(2,'SAIDA','ENERGIA','CUSTO_FIXO','',429.61,'PIX',1,'2025-12-30 00:00:00.000','2026-01-09 00:00:00.000','2026-01-12 00:00:00.000',NULL,'PAGO',NULL,NULL,'FABRICA',NULL,'ITAU','CONTA_CORRENTE'),(3,'SAIDA','ENERGIA','CUSTO_FIXO','',303.32,'PIX',1,'2025-11-24 00:00:00.000','2025-12-05 00:00:00.000','2025-11-29 00:00:00.000',NULL,'PAGO',NULL,NULL,'FABRICA',NULL,'ITAU','CONTA_CORRENTE'),(4,'SAIDA','ENERGIA','CUSTO_FIXO','',392.90,'PIX',1,'2025-10-30 00:00:00.000','2025-11-06 00:00:00.000','2025-11-06 00:00:00.000',NULL,'PAGO',NULL,NULL,'FABRICA',NULL,'ITAU','CONTA_CORRENTE'),(5,'SAIDA','ENERGIA','CUSTO_FIXO','',454.53,'PIX',1,'2025-09-22 00:00:00.000','2025-10-06 00:00:00.000','2025-10-06 00:00:00.000',NULL,'PAGO',NULL,NULL,'FABRICA',NULL,'ITAU','CONTA_CORRENTE'),(6,'SAIDA','ENERGIA','CUSTO_FIXO','',264.77,'PIX',1,'2025-08-27 00:00:00.000','2025-09-05 00:00:00.000','2025-09-05 00:00:00.000',NULL,'PAGO',NULL,NULL,'FABRICA',NULL,'ITAU','CONTA_CORRENTE'),(7,'SAIDA','ENERGIA','CUSTO_FIXO','',240.79,'PIX',1,'2025-07-30 00:00:00.000','2025-08-06 00:00:00.000','2025-08-06 00:00:00.000',NULL,'PAGO',NULL,NULL,'FABRICA',NULL,'ITAU','CONTA_CORRENTE'),(8,'SAIDA','ENERGIA','CUSTO_FIXO','',323.97,'PIX',1,'2025-02-25 00:00:00.000','2025-03-06 00:00:00.000','2025-03-06 00:00:00.000',NULL,'PAGO',NULL,NULL,'FABRICA',NULL,'ITAU','CONTA_CORRENTE'),(9,'SAIDA','ENERGIA','CUSTO_FIXO','',269.20,'PIX',1,'2025-01-28 00:00:00.000','2025-02-05 00:00:00.000','2025-02-05 00:00:00.000',NULL,'PAGO',NULL,NULL,'FABRICA',NULL,'ITAU','CONTA_CORRENTE'),(10,'SAIDA','AGUA','CUSTO_FIXO','',84.02,'PIX',1,'2025-08-13 00:00:00.000','2025-09-15 00:00:00.000','2025-09-15 00:00:00.000',NULL,'PAGO',NULL,NULL,'LOJA',NULL,'ITAU','CONTA_CORRENTE'),(11,'SAIDA','AGUA','CUSTO_FIXO','',84.25,'PIX',1,'2025-05-21 00:00:00.000','2025-06-16 00:00:00.000','2025-06-16 00:00:00.000',NULL,'PAGO',NULL,NULL,'LOJA',NULL,'ITAU','CONTA_CORRENTE'),(12,'SAIDA','AGUA','CUSTO_FIXO','',56.15,'PIX',1,'2026-01-26 00:00:00.000','2026-03-10 00:00:00.000',NULL,NULL,'EM_ABERTO',NULL,NULL,'FABRICA',NULL,'ITAU','CONTA_CORRENTE'),(13,'SAIDA','AGUA','CUSTO_FIXO','',57.25,'PIX',1,'2025-12-26 00:00:00.000','2026-02-10 00:00:00.000','2026-02-02 00:00:00.000',NULL,'PAGO',NULL,NULL,'FABRICA',NULL,'ITAU','CONTA_CORRENTE'),(14,'SAIDA','AGUA','CUSTO_FIXO','',59.14,'PIX',1,'2025-11-27 00:00:00.000','2026-01-09 00:00:00.000','2026-01-09 00:00:00.000',NULL,'PAGO',NULL,NULL,'FABRICA',NULL,'ITAU','CONTA_CORRENTE'),(15,'SAIDA','AGUA','CUSTO_FIXO','',56.15,'PIX',1,'2025-10-28 00:00:00.000','2025-12-10 00:00:00.000','2025-12-10 00:00:00.000',NULL,'PAGO',NULL,NULL,'FABRICA',NULL,'ITAU','CONTA_CORRENTE'),(16,'SAIDA','AGUA','CUSTO_FIXO','',56.15,'PIX',1,'2025-09-26 00:00:00.000','2025-11-10 00:00:00.000','2025-11-10 00:00:00.000',NULL,'PAGO',NULL,NULL,'FABRICA',NULL,'ITAU','CONTA_CORRENTE'),(17,'SAIDA','AGUA','CUSTO_FIXO','',57.25,'PIX',1,'2025-08-29 00:00:00.000','2025-10-10 00:00:00.000','2025-10-10 00:00:00.000',NULL,'PAGO',NULL,NULL,'FABRICA',NULL,'ITAU','CONTA_CORRENTE'),(18,'SAIDA','AGUA','CUSTO_FIXO','',56.15,'PIX',1,'2025-08-01 00:00:00.000','2025-09-10 00:00:00.000','2025-09-10 00:00:00.000',NULL,'PAGO',NULL,NULL,'FABRICA',NULL,'ITAU','CONTA_CORRENTE'),(19,'SAIDA','AGUA','CUSTO_FIXO','',56.15,'PIX',1,'2025-07-04 00:00:00.000','2025-08-11 00:00:00.000','2025-08-10 00:00:00.000',NULL,'PAGO',NULL,NULL,'FABRICA',NULL,'ITAU','CONTA_CORRENTE'),(20,'SAIDA','AGUA','CUSTO_FIXO','',56.15,'PIX',1,'2025-06-06 00:00:00.000','2025-07-10 00:00:00.000','2025-07-10 00:00:00.000',NULL,'PAGO',NULL,NULL,'FABRICA',NULL,'ITAU','CONTA_CORRENTE'),(21,'SAIDA','AGUA','CUSTO_FIXO','',56.15,'PIX',1,'2025-05-09 00:00:00.000','2025-06-10 00:00:00.000','2025-06-10 00:00:00.000',NULL,'PAGO',NULL,NULL,'FABRICA',NULL,'ITAU','CONTA_CORRENTE'),(22,'SAIDA','AGUA','CUSTO_FIXO','',57.21,'PIX',1,'2025-04-11 00:00:00.000','2025-05-09 00:00:00.000','2025-05-09 00:00:00.000',NULL,'PAGO',NULL,NULL,'FABRICA',NULL,'ITAU','CONTA_CORRENTE'),(23,'SAIDA','AGUA','CUSTO_FIXO','',56.15,'PIX',1,'2025-03-13 00:00:00.000','2025-04-10 00:00:00.000','2025-04-10 00:00:00.000',NULL,'PAGO',NULL,NULL,'FABRICA',NULL,'ITAU','CONTA_CORRENTE'),(24,'SAIDA','AGUA','CUSTO_FIXO','',53.60,'PIX',1,'2025-02-13 00:00:00.000','2025-03-10 00:00:00.000','2025-03-10 00:00:00.000',NULL,'PAGO',NULL,NULL,'FABRICA',NULL,'ITAU','CONTA_CORRENTE'),(25,'SAIDA','AGUA','CUSTO_FIXO','',54.66,'PIX',1,'2025-01-13 00:00:00.000','2025-02-10 00:00:00.000','2025-02-10 00:00:00.000',NULL,'PAGO',NULL,NULL,'FABRICA',NULL,'ITAU','CONTA_CORRENTE'),(26,'SAIDA','AGUA','CUSTO_FIXO','',53.60,'PIX',1,'2024-12-12 00:00:00.000','2025-01-10 00:00:00.000','2025-01-10 00:00:00.000',NULL,'PAGO',NULL,NULL,'FABRICA',NULL,'ITAU','CONTA_CORRENTE'),(27,'SAIDA','PEDAGIO','CUSTO_VARIAVEL','',14.30,'PIX',1,'2025-08-12 00:00:00.000','2025-08-12 00:00:00.000','2025-08-12 00:00:00.000',NULL,'PAGO',NULL,NULL,'FABRICA',NULL,'ITAU','CONTA_CORRENTE'),(28,'SAIDA','PEDAGIO','CUSTO_VARIAVEL','',14.30,'PIX',1,'2025-08-12 00:00:00.000','2025-08-12 00:00:00.000','2025-08-12 00:00:00.000',NULL,'PAGO',NULL,NULL,'FABRICA',NULL,'ITAU','CONTA_CORRENTE'),(29,'SAIDA','PEDAGIO','CUSTO_VARIAVEL','',14.30,'PIX',1,'2025-08-20 00:00:00.000','2025-08-20 00:00:00.000','2025-08-20 00:00:00.000',NULL,'PAGO',NULL,NULL,'FABRICA',NULL,'ITAU','CONTA_CORRENTE'),(30,'SAIDA','PEDAGIO','CUSTO_VARIAVEL','',14.30,'PIX',1,'2025-08-20 00:00:00.000','2025-08-20 00:00:00.000','2025-08-20 00:00:00.000',NULL,'PAGO',NULL,NULL,'FABRICA',NULL,'ITAU','CONTA_CORRENTE'),(31,'SAIDA','PEDAGIO','CUSTO_VARIAVEL','',14.30,'PIX',1,'2025-08-20 00:00:00.000','2025-08-20 00:00:00.000','2025-08-20 00:00:00.000',NULL,'PAGO',NULL,NULL,'FABRICA',NULL,'ITAU','CONTA_CORRENTE'),(32,'SAIDA','PEDAGIO','CUSTO_VARIAVEL','',14.30,'PIX',1,'2025-08-20 00:00:00.000','2025-08-20 00:00:00.000','2025-08-20 00:00:00.000',NULL,'PAGO',NULL,NULL,'FABRICA',NULL,'ITAU','CONTA_CORRENTE'),(33,'SAIDA','LIMPEZA','CUSTO_FIXO','PAPEL HIGIENICO',16.90,'CREDITO',1,'2026-02-03 00:00:00.000','2026-02-25 00:00:00.000',NULL,NULL,'EM_ABERTO',NULL,NULL,'FABRICA','SANTANDER_FABRICA',NULL,NULL),(34,'SAIDA','ALIMENTACAO','CUSTO_VARIAVEL','CAFE',122.50,'CREDITO',1,'2026-01-16 00:00:00.000','2026-01-25 00:00:00.000',NULL,NULL,'VENCIDO',NULL,NULL,'FABRICA','SANTANDER_FABRICA',NULL,NULL),(35,'SAIDA','ALIMENTACAO','CUSTO_VARIAVEL','OLEO',313.65,'CREDITO',1,'2026-01-09 00:00:00.000','2026-01-25 00:00:00.000',NULL,NULL,'VENCIDO',NULL,NULL,'FABRICA','SANTANDER',NULL,NULL),(36,'SAIDA','ALIMENTACAO','CUSTO_VARIAVEL','',93.60,'CREDITO',1,'2025-12-11 00:00:00.000','2025-12-25 00:00:00.000',NULL,NULL,'VENCIDO',NULL,NULL,'FABRICA','SANTANDER_FABRICA',NULL,NULL),(37,'SAIDA','ALIMENTACAO','CUSTO_VARIAVEL','CAFE',93.60,'CREDITO',1,'2025-12-11 00:00:00.000','2025-12-25 00:00:00.000',NULL,NULL,'VENCIDO',NULL,NULL,'FABRICA','SANTANDER_FABRICA',NULL,NULL),(38,'SAIDA','ALIMENTACAO','CUSTO_VARIAVEL','CAFE',139.56,'CREDITO',1,'2025-11-13 00:00:00.000','2025-11-25 00:00:00.000',NULL,NULL,'VENCIDO',NULL,NULL,'FABRICA','SANTANDER_FABRICA',NULL,NULL),(39,'SAIDA','ALIMENTACAO','CUSTO_VARIAVEL','PAPEL HIGIENICO',18.99,'CREDITO',1,'2025-10-20 00:00:00.000','2025-10-25 00:00:00.000',NULL,NULL,'VENCIDO',NULL,NULL,'FABRICA','SANTANDER_FABRICA',NULL,NULL),(40,'SAIDA','LIMPEZA','CUSTO_FIXO','DESINFETANTE',7.98,'CREDITO',1,'2025-10-14 00:00:00.000','2025-10-25 00:00:00.000',NULL,NULL,'VENCIDO',NULL,NULL,'FABRICA','SANTANDER_FABRICA',NULL,NULL),(41,'SAIDA','ALIMENTACAO','CUSTO_VARIAVEL','CAFE',70.77,'CREDITO',1,'2025-10-29 00:00:00.000','2025-11-25 00:00:00.000',NULL,NULL,'VENCIDO',NULL,NULL,'FABRICA','SANTANDER_FABRICA',NULL,NULL),(42,'SAIDA','ALIMENTACAO','CUSTO_VARIAVEL','CAFE',69.78,'CREDITO',1,'2025-09-18 00:00:00.000','2025-09-25 00:00:00.000',NULL,NULL,'VENCIDO',NULL,NULL,'FABRICA','SANTANDER_FABRICA',NULL,NULL),(43,'SAIDA','ALIMENTACAO','CUSTO_VARIAVEL','CAFE',55.80,'CREDITO',1,'2025-05-09 00:00:00.000','2025-09-25 00:00:00.000',NULL,NULL,'VENCIDO',NULL,NULL,'FABRICA','SANTANDER_FABRICA',NULL,NULL),(44,'SAIDA','ALIMENTACAO','CUSTO_VARIAVEL','CAFE',65.78,'CREDITO',1,'2025-08-19 00:00:00.000','2025-08-25 00:00:00.000',NULL,NULL,'VENCIDO',NULL,NULL,'FABRICA','SANTANDER_FABRICA',NULL,NULL),(45,'SAIDA','ALIMENTACAO','CUSTO_VARIAVEL','CAFE',89.70,'CREDITO',1,'2025-10-03 00:00:00.000','2025-10-25 00:00:00.000',NULL,NULL,'VENCIDO',NULL,NULL,'FABRICA','SANTANDER_FABRICA',NULL,NULL),(46,'SAIDA','COMBUSTIVEL','CUSTO_VARIAVEL','STRADA',20.00,'CREDITO',1,'2026-01-08 00:00:00.000','2025-01-25 00:00:00.000',NULL,NULL,'VENCIDO',NULL,NULL,'FABRICA','SANTANDER_FABRICA',NULL,NULL),(47,'SAIDA','COMBUSTIVEL','CUSTO_VARIAVEL','STRADA',20.00,'CREDITO',1,'2025-12-04 00:00:00.000','2025-12-25 00:00:00.000',NULL,NULL,'VENCIDO',NULL,NULL,'FABRICA','SANTANDER_FABRICA',NULL,NULL),(48,'SAIDA','COMBUSTIVEL','CUSTO_VARIAVEL','CAMINHÃO',150.00,'CREDITO',1,'2025-12-15 00:00:00.000','2025-12-25 00:00:00.000',NULL,NULL,'VENCIDO',NULL,NULL,'FABRICA','SANTANDER_FABRICA',NULL,NULL),(49,'SAIDA','COMBUSTIVEL','CUSTO_VARIAVEL','CAMINHAO',200.00,'CREDITO',1,'2025-11-10 00:00:00.000','2025-11-25 00:00:00.000',NULL,NULL,'VENCIDO',NULL,NULL,'FABRICA','SANTANDER_FABRICA',NULL,NULL),(50,'SAIDA','COMBUSTIVEL','CUSTO_VARIAVEL','CAMINHAO',160.00,'CREDITO',1,'2025-11-03 00:00:00.000','2025-11-25 00:00:00.000',NULL,NULL,'VENCIDO',NULL,NULL,'FABRICA','SANTANDER_FABRICA',NULL,NULL),(51,'SAIDA','COMBUSTIVEL','CUSTO_VARIAVEL','MOTO',16.17,'CREDITO',1,'2025-11-04 00:00:00.000','2025-11-25 00:00:00.000',NULL,NULL,'VENCIDO',NULL,NULL,'FABRICA','SANTANDER_FABRICA',NULL,NULL),(52,'SAIDA','COMBUSTIVEL','CUSTO_VARIAVEL','STRADA',25.00,'CREDITO',1,'2025-11-25 00:00:00.000','2025-12-25 00:00:00.000',NULL,NULL,'VENCIDO',NULL,NULL,'FABRICA','SANTANDER_FABRICA',NULL,NULL),(53,'SAIDA','COMBUSTIVEL','CUSTO_VARIAVEL','STRADA',20.00,'CREDITO',1,'2025-11-13 00:00:00.000','2025-11-25 00:00:00.000',NULL,NULL,'VENCIDO',NULL,NULL,'FABRICA','SANTANDER_FABRICA',NULL,NULL),(54,'SAIDA','COMBUSTIVEL','CUSTO_VARIAVEL','MOTO',20.00,'CREDITO',1,'2025-10-14 00:00:00.000','2025-10-25 00:00:00.000',NULL,NULL,'VENCIDO',NULL,NULL,'FABRICA','SANTANDER_FABRICA',NULL,NULL),(55,'SAIDA','COMBUSTIVEL','CUSTO_VARIAVEL','CAMINHAO',50.00,'CREDITO',1,'2025-10-09 00:00:00.000','2025-10-25 00:00:00.000',NULL,NULL,'VENCIDO',NULL,NULL,'FABRICA','SANTANDER_FABRICA',NULL,NULL),(56,'SAIDA','COMBUSTIVEL','CUSTO_VARIAVEL','STRADA',20.00,'CREDITO',1,'2025-10-20 00:00:00.000','2025-11-25 00:00:00.000',NULL,NULL,'VENCIDO',NULL,NULL,'FABRICA','SANTANDER_FABRICA',NULL,NULL),(57,'SAIDA','COMBUSTIVEL','CUSTO_VARIAVEL','CAMINHAO',50.00,'CREDITO',1,'2025-10-29 00:00:00.000','2025-11-25 00:00:00.000',NULL,NULL,'VENCIDO',NULL,NULL,'FABRICA','SANTANDER_FABRICA',NULL,NULL),(58,'SAIDA','COMBUSTIVEL','CUSTO_VARIAVEL','CAMINHAO',150.00,'CREDITO',1,'2025-10-03 00:00:00.000','2025-10-25 00:00:00.000',NULL,NULL,'VENCIDO',NULL,NULL,'FABRICA','SANTANDER_FABRICA',NULL,NULL),(59,'SAIDA','COMBUSTIVEL','CUSTO_VARIAVEL','MOTO',15.93,'CREDITO',1,'2025-10-01 00:00:00.000','2025-10-25 00:00:00.000',NULL,NULL,'VENCIDO',NULL,NULL,'FABRICA','SANTANDER_FABRICA',NULL,NULL),(60,'SAIDA','COMBUSTIVEL','CUSTO_VARIAVEL','MOTO',16.46,'CREDITO',1,'2025-08-29 00:00:00.000','2025-09-25 00:00:00.000',NULL,NULL,'VENCIDO',NULL,NULL,'FABRICA','SANTANDER_FABRICA',NULL,NULL),(61,'SAIDA','COMBUSTIVEL','CUSTO_VARIAVEL','STRADA',50.00,'CREDITO',1,'2025-09-19 00:00:00.000','2025-09-25 00:00:00.000',NULL,NULL,'VENCIDO',NULL,NULL,'FABRICA','SANTANDER_FABRICA',NULL,NULL),(62,'SAIDA','COMBUSTIVEL','CUSTO_VARIAVEL','CAMINHAO',200.00,'CREDITO',1,'2025-09-19 00:00:00.000','2025-10-25 00:00:00.000',NULL,NULL,'VENCIDO',NULL,NULL,'FABRICA','SANTANDER_FABRICA',NULL,NULL),(63,'SAIDA','COMBUSTIVEL','CUSTO_VARIAVEL','STRADA',30.00,'CREDITO',1,'2025-09-10 00:00:00.000','2025-09-25 00:00:00.000',NULL,NULL,'VENCIDO',NULL,NULL,'FABRICA','SANTANDER_FABRICA',NULL,NULL),(64,'SAIDA','COMBUSTIVEL','CUSTO_VARIAVEL','STRADA',30.00,'PIX',1,'2025-09-25 00:00:00.000','2025-09-25 00:00:00.000','2025-09-25 00:00:00.000',NULL,'PAGO',NULL,NULL,'FABRICA',NULL,'ITAU','CONTA_CORRENTE'),(65,'SAIDA','COMBUSTIVEL','CUSTO_VARIAVEL','STRADA',30.00,'CREDITO',1,'2026-02-04 00:00:00.000','2026-02-25 00:00:00.000',NULL,NULL,'EM_ABERTO',NULL,NULL,'FABRICA','SANTANDER_FABRICA',NULL,NULL),(66,'SAIDA','COMBUSTIVEL','CUSTO_VARIAVEL','CAMINHAO',200.00,'CREDITO',1,'2026-02-05 00:00:00.000','2026-02-25 00:00:00.000',NULL,NULL,'EM_ABERTO',NULL,NULL,'FABRICA','SANTANDER_FABRICA',NULL,NULL),(68,'SAIDA','MANUTENCAO','CUSTO_VARIAVEL','SEM DESCRIÇÃO',193.60,'CREDITO',1,'2026-01-21 00:00:00.000','2026-02-25 00:00:00.000',NULL,NULL,'EM_ABERTO',NULL,NULL,'FABRICA','SANTANDER_FABRICA',NULL,NULL);
/*!40000 ALTER TABLE `despesas` ENABLE KEYS */;
UNLOCK TABLES;

--
-- Table structure for table `empresa`
--

DROP TABLE IF EXISTS `empresa`;
/*!40101 SET @saved_cs_client     = @@character_set_client */;
/*!40101 SET character_set_client = utf8mb4 */;
CREATE TABLE `empresa` (
  `id` int(11) NOT NULL DEFAULT 1,
  `razao_social` varchar(191) DEFAULT NULL,
  `nome_fantasia` varchar(191) DEFAULT NULL,
  `cnpj` varchar(191) DEFAULT NULL,
  `ie` varchar(191) DEFAULT NULL,
  `logradouro` varchar(191) DEFAULT NULL,
  `numero` varchar(191) DEFAULT NULL,
  `bairro` varchar(191) DEFAULT NULL,
  `cidade` varchar(191) DEFAULT NULL,
  `uf` varchar(2) DEFAULT NULL,
  `cep` varchar(191) DEFAULT NULL,
  `email` varchar(191) DEFAULT NULL,
  `telefone` varchar(191) DEFAULT NULL,
  `updated_at` datetime(3) NOT NULL,
  `banco_agencia` varchar(191) DEFAULT NULL,
  `banco_conta` varchar(191) DEFAULT NULL,
  `banco_nome` varchar(191) DEFAULT NULL,
  `banco_titular` varchar(191) DEFAULT NULL,
  `pix` varchar(191) DEFAULT NULL,
  `representante_estado_civil` varchar(191) DEFAULT NULL,
  `representante_legal_cpf` varchar(191) DEFAULT NULL,
  `representante_legal_nome` varchar(191) DEFAULT NULL,
  `representante_legal_rg` varchar(191) DEFAULT NULL,
  `representante_legal_socio_nome` varchar(191) DEFAULT NULL,
  `representante_legal_socio_cpf` varchar(191) DEFAULT NULL,
  `representante_legal_socio_rg` varchar(191) DEFAULT NULL,
  `contrato_usar_socio_quando_vazio` tinyint(1) DEFAULT 1,
  `inscricao_municipal` varchar(191) DEFAULT NULL,
  `regime_tributario` varchar(191) DEFAULT NULL,
  `instagram_url` varchar(191) DEFAULT NULL,
  `site` varchar(191) DEFAULT NULL,
  `cor_marca` varchar(7) DEFAULT NULL,
  `whatsapp_url` varchar(191) DEFAULT NULL,
  `whatsapp_api_token` varchar(191) DEFAULT NULL,
  PRIMARY KEY (`id`),
  UNIQUE KEY `empresa_cnpj_key` (`cnpj`)
) ENGINE=InnoDB DEFAULT CHARSET=utf8mb4 COLLATE=utf8mb4_unicode_ci;
/*!40101 SET character_set_client = @saved_cs_client */;

--
-- Dumping data for table `empresa`
--

LOCK TABLES `empresa` WRITE;
/*!40000 ALTER TABLE `empresa` DISABLE KEYS */;
INSERT INTO `empresa` VALUES (1,'MOVEIS PLANEJADOS A CASA LTDA','GUSTAVO COSTA MOVEIS PLANEJADOS','28638791000107','','JAVARI','3358','IPIRANGA','RIBEIRAO PRETO','SP','14060640','','','2026-02-26 14:08:43.315','','','','','28.638.791/0001-07','','41141271869','ANA PAULA COSTA DE SOUZA','439216916','ANA PAULA COSTA DE SOUZA','41141271869','439216916',1,NULL,NULL,NULL,NULL,NULL,NULL,NULL);
/*!40000 ALTER TABLE `empresa` ENABLE KEYS */;
UNLOCK TABLES;

--
-- Table structure for table `fornecedor`
--

DROP TABLE IF EXISTS `fornecedor`;
/*!40101 SET @saved_cs_client     = @@character_set_client */;
/*!40101 SET character_set_client = utf8mb4 */;
CREATE TABLE `fornecedor` (
  `id` int(11) NOT NULL AUTO_INCREMENT,
  `razao_social` varchar(191) NOT NULL,
  `nome_fantasia` varchar(191) NOT NULL,
  `cnpj` varchar(191) NOT NULL,
  `ie` varchar(191) DEFAULT NULL,
  `telefone` varchar(191) DEFAULT NULL,
  `whatsapp` varchar(191) DEFAULT NULL,
  `email` varchar(191) DEFAULT NULL,
  `cep` varchar(191) DEFAULT NULL,
  `endereco` varchar(191) DEFAULT NULL,
  `numero` varchar(191) DEFAULT NULL,
  `bairro` varchar(191) DEFAULT NULL,
  `cidade` varchar(191) DEFAULT NULL,
  `estado` varchar(191) DEFAULT NULL,
  `forma_pagamento` varchar(191) DEFAULT NULL,
  `data_vencimento` int(11) DEFAULT NULL,
  `criado_em` datetime(3) NOT NULL DEFAULT current_timestamp(3),
  `atualizado_em` datetime(3) NOT NULL,
  `complemento` varchar(191) DEFAULT NULL,
  `ramo_atividade` varchar(191) DEFAULT NULL,
  `prazo_entrega_dias` int(11) DEFAULT NULL,
  PRIMARY KEY (`id`),
  UNIQUE KEY `fornecedor_cnpj_key` (`cnpj`)
) ENGINE=InnoDB AUTO_INCREMENT=9 DEFAULT CHARSET=utf8mb4 COLLATE=utf8mb4_unicode_ci;
/*!40101 SET character_set_client = @saved_cs_client */;

--
-- Dumping data for table `fornecedor`
--

LOCK TABLES `fornecedor` WRITE;
/*!40000 ALTER TABLE `fornecedor` DISABLE KEYS */;
INSERT INTO `fornecedor` VALUES (1,'CITYFER ACESSORIOS PARA MARCENARIA LTDA','SOUL ACESSORIOS PARA MARCENARIA','22.299.578/0001-23','','(16) 3235-5964','(16) 99288-6507','','14060-640','Rua Javari','3336','Ipiranga','Ribeirão Preto','SP','',NULL,'2026-02-02 18:23:03.897','2026-02-05 17:37:29.249',NULL,NULL,NULL),(2,'PATTON COMERCIO DE FERRAGENS E MATERIAIS ELETRICOS LTDA.','CASA PATTON','55.960.777/0001-90','','','','','14080-000','Avenida da Saudade','957','Campos Elíseos','Ribeirão Preto','SP','',NULL,'2026-02-05 17:29:15.178','2026-02-05 17:37:16.691',NULL,NULL,NULL),(3,'A E R AUTO TAPECARIA LTDA','','73.031.791/0001-90','','','','','14080-000','Avenida da Saudade','439','Campos Elíseos','Ribeirão Preto','SP','',NULL,'2026-02-05 17:29:45.259','2026-02-05 17:37:06.636',NULL,NULL,NULL),(4,'KIMETAL FECHADURAS E PUXADORES SOCIEDADE UNIPESSOAL LTDA','KIMETAL FECHADURAS E PUXADORES','05.003.706/0001-20','','','','','14085-610','CORONEL QUITO JUNQUEIRA','744','CAMPOS ELISEOS','RIBEIRAO PRETO','SP','',NULL,'2026-02-05 17:31:57.058','2026-02-05 17:31:57.058',NULL,NULL,NULL),(5,'MADEIRANIT RIBEIRAO PRETO LTDA','MADEIRANIT RIBEIRAO PRETO','03.855.144/0001-18','','','','','14075-390','Avenida Thomaz Alberto Whately','1733','Parque Industrial Coronel Quito Junqueira','Ribeirão Preto','SP','',NULL,'2026-02-05 17:32:34.486','2026-02-05 17:36:56.202',NULL,NULL,NULL),(6,'BUENO COMERCIO DE PORTAS DE ALUMINIO LTDA','BUENO PORTAS DE ALUMINIO','37.912.580/0001-01','','','','','14065-753','Avenida Arsênio Sacilotto','285','Parque das Oliveiras','Ribeirão Preto','SP','',NULL,'2026-02-05 17:35:02.721','2026-02-05 17:36:41.819',NULL,NULL,NULL),(7,'RIMAD COMERCIAL LTDA','RIMAD','03.988.811/0004-83','','','','','14080-130','Avenida Marechal Costa e Silva','2595','Campos Elíseos','Ribeirão Preto','SP','',NULL,'2026-02-05 17:36:33.721','2026-02-05 17:36:33.721',NULL,NULL,NULL),(8,'GMAD RIBEIRAO SUPRIMENTOS PARA MOVEIS LTDA','','22.036.819/0001-41','','','','','14076-410','Avenida Mogiana','2130','Independência','Ribeirão Preto','SP','',NULL,'2026-02-05 17:38:24.217','2026-02-05 17:38:24.217',NULL,NULL,NULL);
/*!40000 ALTER TABLE `fornecedor` ENABLE KEYS */;
UNLOCK TABLES;

--
-- Table structure for table `fornecedor_compensacoes`
--

DROP TABLE IF EXISTS `fornecedor_compensacoes`;
/*!40101 SET @saved_cs_client     = @@character_set_client */;
/*!40101 SET character_set_client = utf8mb4 */;
CREATE TABLE `fornecedor_compensacoes` (
  `id` int(11) NOT NULL AUTO_INCREMENT,
  `fornecedor_id` int(11) NOT NULL,
  `conta_pagar_id` int(11) NOT NULL,
  `conta_receber_id` int(11) NOT NULL,
  `valor` decimal(12,2) NOT NULL DEFAULT 0.00,
  `data_compensacao` datetime(3) NOT NULL DEFAULT current_timestamp(3),
  `observacao` varchar(191) DEFAULT NULL,
  PRIMARY KEY (`id`),
  KEY `fornecedor_compensacoes_fornecedor_id_idx` (`fornecedor_id`),
  KEY `fornecedor_compensacoes_conta_pagar_id_idx` (`conta_pagar_id`),
  KEY `fornecedor_compensacoes_conta_receber_id_idx` (`conta_receber_id`),
  CONSTRAINT `fornecedor_compensacoes_conta_pagar_id_fkey` FOREIGN KEY (`conta_pagar_id`) REFERENCES `contas_pagar` (`id`) ON DELETE CASCADE ON UPDATE CASCADE,
  CONSTRAINT `fornecedor_compensacoes_conta_receber_id_fkey` FOREIGN KEY (`conta_receber_id`) REFERENCES `contas_receber` (`id`) ON DELETE CASCADE ON UPDATE CASCADE,
  CONSTRAINT `fornecedor_compensacoes_fornecedor_id_fkey` FOREIGN KEY (`fornecedor_id`) REFERENCES `fornecedor` (`id`) ON UPDATE CASCADE
) ENGINE=InnoDB DEFAULT CHARSET=utf8mb4 COLLATE=utf8mb4_unicode_ci;
/*!40101 SET character_set_client = @saved_cs_client */;

--
-- Dumping data for table `fornecedor_compensacoes`
--

LOCK TABLES `fornecedor_compensacoes` WRITE;
/*!40000 ALTER TABLE `fornecedor_compensacoes` DISABLE KEYS */;
/*!40000 ALTER TABLE `fornecedor_compensacoes` ENABLE KEYS */;
UNLOCK TABLES;

--
-- Table structure for table `funcionarios`
--

DROP TABLE IF EXISTS `funcionarios`;
/*!40101 SET @saved_cs_client     = @@character_set_client */;
/*!40101 SET character_set_client = utf8mb4 */;
CREATE TABLE `funcionarios` (
  `id` int(11) NOT NULL AUTO_INCREMENT,
  `nome` varchar(191) NOT NULL,
  `cpf` varchar(191) NOT NULL,
  `rg` varchar(191) DEFAULT NULL,
  `telefone` varchar(191) DEFAULT NULL,
  `whatsapp` varchar(191) DEFAULT NULL,
  `email` varchar(191) DEFAULT NULL,
  `estado_civil` varchar(191) DEFAULT NULL,
  `escolaridade` varchar(191) DEFAULT NULL,
  `cep` varchar(191) DEFAULT NULL,
  `endereco` varchar(191) DEFAULT NULL,
  `numero` varchar(191) DEFAULT NULL,
  `bairro` varchar(191) DEFAULT NULL,
  `cidade` varchar(191) DEFAULT NULL,
  `estado` varchar(191) DEFAULT NULL,
  `admissao` datetime(3) DEFAULT NULL,
  `demissao` datetime(3) DEFAULT NULL,
  `salario_base` decimal(12,2) DEFAULT NULL,
  `salario_adicional` decimal(12,2) DEFAULT NULL,
  `custo_hora` decimal(12,2) DEFAULT NULL,
  `forma_pagamento` varchar(191) DEFAULT NULL,
  `criado_em` datetime(3) NOT NULL DEFAULT current_timestamp(3),
  `atualizado_em` datetime(3) NOT NULL,
  `vale` decimal(12,2) DEFAULT NULL,
  `cargo` varchar(191) DEFAULT NULL,
  `funcao` varchar(191) DEFAULT NULL,
  `setor` varchar(191) DEFAULT NULL,
  `agencia` varchar(191) DEFAULT NULL,
  `banco` varchar(191) DEFAULT NULL,
  `conta` varchar(191) DEFAULT NULL,
  `data_nascimento` datetime(3) DEFAULT NULL,
  `horario_entrada_1` varchar(191) DEFAULT NULL,
  `horario_entrada_2` varchar(191) DEFAULT NULL,
  `horario_saida_1` varchar(191) DEFAULT NULL,
  `horario_saida_2` varchar(191) DEFAULT NULL,
  `pix_chave` varchar(191) DEFAULT NULL,
  `pix_tipo_chave` varchar(191) DEFAULT NULL,
  `tem_vale` tinyint(1) NOT NULL DEFAULT 0,
  `tem_vale_transporte` tinyint(1) NOT NULL DEFAULT 0,
  `vale_transporte` decimal(12,2) DEFAULT NULL,
  `complemento` varchar(191) DEFAULT NULL,
  `status` varchar(20) NOT NULL DEFAULT 'ATIVO',
  `horario_sabado_entrada_1` varchar(191) DEFAULT NULL,
  `horario_sabado_saida_1` varchar(191) DEFAULT NULL,
  `unidade` varchar(191) DEFAULT NULL,
  `carga_horaria_dia` decimal(5,2) DEFAULT NULL,
  `carga_horaria_semana` decimal(5,2) DEFAULT NULL,
  `dia_pagamento` int(11) DEFAULT NULL,
  `usuario_id` int(11) DEFAULT NULL,
  `data_inicio` datetime(3) DEFAULT NULL,
  `pis` varchar(20) DEFAULT NULL,
  `impostos_encargos_percentual` decimal(5,2) DEFAULT NULL,
  `custo_total_mensal` decimal(12,2) DEFAULT NULL,
  PRIMARY KEY (`id`),
  UNIQUE KEY `funcionarios_cpf_key` (`cpf`),
  UNIQUE KEY `funcionarios_usuario_id_key` (`usuario_id`)
) ENGINE=InnoDB AUTO_INCREMENT=13 DEFAULT CHARSET=utf8mb4 COLLATE=utf8mb4_unicode_ci;
/*!40101 SET character_set_client = @saved_cs_client */;

--
-- Dumping data for table `funcionarios`
--

LOCK TABLES `funcionarios` WRITE;
/*!40000 ALTER TABLE `funcionarios` DISABLE KEYS */;
INSERT INTO `funcionarios` VALUES (1,'ANA PAULA COSTA DE SOUZA','41141271869','43.921.691','','16993996753','ana.paulacosta01@hotmail.com','SOLTEIRA','','14066404','RUA EUGÊNIO ZIMMERMANN','303','JARDIM ORESTES LOPES DE CAMARGO','RIBEIRÃO PRETO','SP','2025-08-06 00:00:00.000',NULL,2200.00,0.00,11.50,'DINHEIRO','2026-02-02 18:20:31.935','2026-02-02 18:20:31.935',0.00,'AUXILIAR_DE_ESCRITORIO','AUXILIAR_DE_ESCRITORIO','ADMINISTRATIVO','','','','1994-04-17 00:00:00.000','07:30','13:30','12:00','17:30','','',0,0,0.00,'','ATIVO','00:00','00:00','FÁBRICA',NULL,NULL,5,NULL,NULL,NULL,NULL,NULL),(2,'WELLINGTON PINHEIRO MOTA','37973518878','38.012.952-8','','16992096271','totajordan2@gmail.com','CASADO','','14062100','RUA JOSÉ DE ALCÂNTARA','1075','JARDIM HEITOR RIGON','RIBEIRÃO PRETO','SP','2025-06-30 00:00:00.000',NULL,4200.00,0.00,21.96,'DINHEIRO','2026-02-03 11:27:22.417','2026-02-23 18:34:42.180',0.00,'MARCENEIRO','PROJETISTA','PRODUCAO','','','','1992-08-06 00:00:00.000','07:30','13:30','12:00','17:30','','',0,0,0.00,'','ATIVO','00:00','00:00','FÁBRICA',NULL,NULL,5,NULL,NULL,NULL,NULL,NULL),(3,'JHONATAN WILLIAN ALVES BEVILACQUA','448.243.398-55','55.884.177-6','','(16) 98246-0328','jhowbevilacqua1@gmail.com','CASADO','','14071-140','AVENIDA GENERAL EUCLYDES DE FIGUEIREDO','1655','ADELINO SIMIONI','RIBEIRÃO PRETO','SP','2021-10-10 00:00:00.000',NULL,4500.00,0.00,24.43,'DINHEIRO','2026-02-03 11:41:53.498','2026-02-25 12:32:32.596',0.00,'MARCENEIRO','MARCENEIRO','PRODUCAO','','','','1992-09-29 00:00:00.000','07:30','13:30','12:00','17:30','','',0,0,0.00,'','ATIVO','00:00','00:00','FÁBRICA',8.50,42.50,5,NULL,NULL,NULL,NULL,NULL),(4,'MAYKE OLIVEIRA DE PAULO','48953950813','57.763.125-1','','16991131008','maykeoliveira1148@gmail.com','CASADO','','14079418','RUA CIRCULAR','100','RECANTO DAS PALMEIRAS','RIBEIRÃO PRETO','SP','2025-06-02 00:00:00.000',NULL,2500.00,0.00,13.07,'DINHEIRO','2026-02-03 11:49:13.053','2026-02-23 18:35:20.375',0.00,'MONTADOR','AUXILIAR_DE_MONTADOR','PRODUCAO','','','','1992-11-12 00:00:00.000','07:30','13:30','12:00','17:30','','',0,0,0.00,'BL C 21','ATIVO','00:00','00:00','FÁBRICA',NULL,NULL,5,NULL,NULL,NULL,NULL,NULL),(5,'JODAIR FERREIRA DE MELO','071.471.318-00','19.164.637-4','','(16) 99160-8394','ojotafmelo@gmail.com','SOLTEIRO','','14066-310','Rua Guerino Fonzar','81','Jardim Alexandre Balbo','Ribeirão Preto','SP','2020-09-06 00:00:00.000',NULL,2100.00,0.00,10.98,'DINHEIRO','2026-02-03 11:51:04.945','2026-03-05 19:31:22.899',0.00,'AUXILIAR_DE_MONTADOR','AUXILIAR_DE_MONTADOR','PRODUCAO','','','','1900-09-09 00:00:00.000','07:30','13:30','12:00','17:30','','',0,0,0.00,'','ATIVO','00:00','00:00','FÁBRICA',NULL,NULL,5,NULL,NULL,NULL,NULL,2100.00),(8,'JULYANA OLIVEIRA DUARTE','417.541.888-18',NULL,'(16) 98825-1056','(16) 98825-1056','moveisplanejadosacasa@gmail.com','SELECIONE...',NULL,'14063-118','RUA JOSE GUERRA','220','CRISTO REDENTOR','RIBEIRÃO PRETO',NULL,'2026-02-20 00:00:00.000',NULL,NULL,NULL,NULL,NULL,'2026-02-19 15:13:49.458','2026-03-05 19:11:26.015',NULL,'VENDEDOR',NULL,'VENDAS',NULL,NULL,NULL,'1994-03-31 00:00:00.000',NULL,NULL,NULL,NULL,NULL,NULL,0,0,NULL,NULL,'ATIVO',NULL,NULL,'LOJA',NULL,NULL,NULL,23,NULL,NULL,NULL,NULL),(9,'AMANDA PERES LUIZ','410.001.828-27','48680252','(16) 98258-7161','(16) 98258-7161','amandaperesmoveis@gmail.com',NULL,NULL,'14085-058','AVENIDA GUIDO GOLFETO','735','CAMPOS ELISEOS','RIBEIRÃO PRETO','SP','2026-01-10 00:00:00.000',NULL,NULL,NULL,NULL,NULL,'2026-02-20 13:00:18.744','2026-02-27 19:26:32.989',NULL,'AUXILIAR_DE_VENDAS',NULL,'VENDAS',NULL,NULL,NULL,'1992-06-12 00:00:00.000',NULL,NULL,NULL,NULL,NULL,NULL,0,0,NULL,'091 / 02','ATIVO',NULL,NULL,'LOJA',NULL,NULL,NULL,24,NULL,NULL,NULL,NULL),(11,'TESTE','128.028.649-00',NULL,NULL,NULL,'gustavim-220@hotmail.com',NULL,NULL,NULL,NULL,NULL,NULL,NULL,NULL,'2026-02-23 00:00:00.000',NULL,2000.00,NULL,NULL,NULL,'2026-02-23 15:12:15.062','2026-02-26 13:02:22.075',NULL,NULL,NULL,NULL,NULL,NULL,NULL,NULL,NULL,NULL,NULL,NULL,NULL,NULL,0,0,NULL,NULL,'ATIVO',NULL,NULL,'LOJA',NULL,NULL,NULL,30,NULL,NULL,NULL,NULL);
/*!40000 ALTER TABLE `funcionarios` ENABLE KEYS */;
UNLOCK TABLES;

--
-- Table structure for table `orcamento_itens`
--

DROP TABLE IF EXISTS `orcamento_itens`;
/*!40101 SET @saved_cs_client     = @@character_set_client */;
/*!40101 SET character_set_client = utf8mb4 */;
CREATE TABLE `orcamento_itens` (
  `id` int(11) NOT NULL AUTO_INCREMENT,
  `orcamento_id` int(11) NOT NULL,
  `nome_ambiente` varchar(191) NOT NULL,
  `descricao` varchar(191) NOT NULL,
  `valor_unitario` decimal(10,2) NOT NULL,
  `valor_total` decimal(10,2) NOT NULL,
  `criado_em` datetime(3) NOT NULL DEFAULT current_timestamp(3),
  `observacao` varchar(2000) NOT NULL,
  PRIMARY KEY (`id`),
  KEY `orcamento_itens_orcamento_id_idx` (`orcamento_id`),
  CONSTRAINT `orcamento_itens_orcamento_id_fkey` FOREIGN KEY (`orcamento_id`) REFERENCES `orcamentos` (`id`) ON DELETE CASCADE ON UPDATE CASCADE
) ENGINE=InnoDB AUTO_INCREMENT=21 DEFAULT CHARSET=utf8mb4 COLLATE=utf8mb4_unicode_ci;
/*!40101 SET character_set_client = @saved_cs_client */;

--
-- Dumping data for table `orcamento_itens`
--

LOCK TABLES `orcamento_itens` WRITE;
/*!40000 ALTER TABLE `orcamento_itens` DISABLE KEYS */;
INSERT INTO `orcamento_itens` VALUES (5,4,'COZINHA','interno em MDF Branco TX, \nexterno Gianduia Trama Duratex\nExterno Itapuã Linha Essencial Duratex',17200.00,17200.00,'2026-02-10 19:06:15.594','PUXADOR PASSANTE'),(6,4,'DORMITÓRIO','Interno em MDF Branxo TX, externo em MDF Gianduia \n\n',8700.00,8700.00,'2026-02-10 19:07:07.156','PUXADOR ABA PERFIL BRONZE'),(7,4,'WC SOCIAL','•	Armário inferior  com 2 portas de giro  \n•	Armário superior com 2 portas de giro em espelho \n\n\n',2850.00,2850.00,'2026-02-10 19:07:56.971','INTERNO EM MDF BRANXO TX, EXTERNO EM MDF GIANDUIA  PUXADOR'),(9,6,'SALA','branco tx \ncinza \nazul ',6000.00,6000.00,'2026-02-23 15:41:51.708',''),(10,7,'COZINHA','interno branco tx \nexterno grafitte \nexterno itapuan ',9500.00,9500.00,'2026-02-26 13:06:49.565','PUXADOR ABA BRONZE , CORREDIÇAS INVISIVEIS'),(11,7,'SALA','PAINEL COM RACK SUSPENSO , COM DUAS GAVETAS E UMA BASCULANTE ',7000.00,7000.00,'2026-02-26 13:09:38.467','(MÓVEL COM INTERNO EM MDF BRANCO TX, EXTERNO EM MDF ITAPUAN  DURATEX) – PUXADOR PERFIL.'),(12,7,'COZINHA','ARMARIO SUPERIOR COM 4 PORTAS DE GIRO \nARMARIO INFERIOR 4 GAVETAS E 2 PORTAS DE GIRO \nNICHO PARA MICROONDAS ',12000.00,12000.00,'2026-02-26 13:16:50.560','INTERNO EM MDF BRANCO TX , EXTERNO GIANDUIA , PUXADORES SUPERIOR PASSANTE , INFERIOR ABA BRONZE , CORREDIÇAS INVISIVEL , FITA DE LED 3.000K'),(13,8,'COZINHA E AREA DE SERVIÇO','Armário inferior com portas de giro, gaveteiro, nicho para forno de embutir\nArmário superior com portas de giro e nicho para microondas ',15900.00,15900.00,'2026-03-06 15:30:46.859','INTERNO EM MDF BRANCO TX, EXTERNO EM NUDE BERNECK   DETALHES NICHO EM AMADEIRADO FREIJO PORO ARAUCO  PUXADOR ABA BRONZE (INOX)'),(14,8,'SALA','Painel para TV - LED lateral\nRack suspenso com porta basculante ',6200.00,6200.00,'2026-03-06 15:31:34.396','INTERNO EM MDF BRANCO TX, EXTERNO EM MDF FREIJO PORO ARAUCO'),(15,8,'VARANDA','Armário inferior com 4 portas de giro \n1 Prateleira aérea no suporte invisível',4200.00,4200.00,'2026-03-06 15:33:05.437','INTERNO EM MDF BRANCO TX , EXTERNO EM MDF FREIJO PORO ARAUCO - PUXADOR ABA INOX'),(16,8,'DORMITÓRIO 01','Armário com 2 portas deslizantes \nBancada \nPainel cabeceira em \"U\" - LED',13300.00,13300.00,'2026-03-06 15:34:08.474','INTERNO EM MDF BRANCO TX, EXTERNO EM NUDE BERNECK   E  AMADEIRADO FREIJO PORO ARAUCO  PUXADOR PERFIL ABA BRONZE (INOX)'),(17,8,'SUÍTE','Armário com 2 portas deslizantes + cantoneira \nPainel cabeceira - LED\n2 mesa de cabeceira suspensa ',11800.00,11800.00,'2026-03-06 15:35:19.583','INTERNO EM MDF BRANCO TX, EXTERNO EM NUDE BERNECK   E  AMADEIRADO FREIJO PORO ARAUCO  PUXADOR PERFIL ABA BRONZE (INOX)'),(18,8,'WC SUITE E WC SOCIAL','Armário inferior com nicho lateral e 1 porta de giro ',2600.00,2600.00,'2026-03-06 15:36:16.991','INTERNO EM MDF BRANCO TX, EXTERNO EM NUDE BERNECK   PUXADOR PERFIL ABA BRONZE (INOX)');
/*!40000 ALTER TABLE `orcamento_itens` ENABLE KEYS */;
UNLOCK TABLES;

--
-- Table structure for table `orcamentos`
--

DROP TABLE IF EXISTS `orcamentos`;
/*!40101 SET @saved_cs_client     = @@character_set_client */;
/*!40101 SET character_set_client = utf8mb4 */;
CREATE TABLE `orcamentos` (
  `id` int(11) NOT NULL AUTO_INCREMENT,
  `cliente_id` int(11) NOT NULL,
  `cliente_nome_snapshot` varchar(191) NOT NULL,
  `cliente_cpf_snapshot` varchar(191) NOT NULL,
  `criado_em` datetime(3) NOT NULL DEFAULT current_timestamp(3),
  `atualizado_em` datetime(3) NOT NULL,
  `qtd_ambientes` int(11) NOT NULL DEFAULT 0,
  `clausulas` longtext CHARACTER SET utf8mb4 COLLATE utf8mb4_bin DEFAULT NULL CHECK (json_valid(`clausulas`)),
  `vendedor_responsavel_id` int(11) DEFAULT NULL,
  PRIMARY KEY (`id`),
  KEY `orcamentos_cliente_id_idx` (`cliente_id`),
  KEY `orcamentos_vendedor_responsavel_id_idx` (`vendedor_responsavel_id`),
  CONSTRAINT `orcamentos_cliente_id_fkey` FOREIGN KEY (`cliente_id`) REFERENCES `clientes` (`id`) ON UPDATE CASCADE,
  CONSTRAINT `orcamentos_vendedor_responsavel_id_fkey` FOREIGN KEY (`vendedor_responsavel_id`) REFERENCES `funcionarios` (`id`) ON DELETE SET NULL ON UPDATE CASCADE
) ENGINE=InnoDB AUTO_INCREMENT=11 DEFAULT CHARSET=utf8mb4 COLLATE=utf8mb4_unicode_ci;
/*!40101 SET character_set_client = @saved_cs_client */;

--
-- Dumping data for table `orcamentos`
--

LOCK TABLES `orcamentos` WRITE;
/*!40000 ALTER TABLE `orcamentos` DISABLE KEYS */;
INSERT INTO `orcamentos` VALUES (4,2,'DRIELI CARINE  DE MORAIS','368.575.868-37','2026-02-10 19:06:14.927','2026-02-10 19:08:42.299',3,NULL,NULL),(6,9,'TESTE','561.651.561-51','2026-02-23 15:40:29.593','2026-02-23 15:41:51.721',1,NULL,NULL),(7,17,'TESTE 2','','2026-02-26 13:06:48.732','2026-02-26 13:16:50.571',3,NULL,NULL),(8,20,'GABRIELA','','2026-03-06 15:30:46.197','2026-03-06 18:22:17.504',6,NULL,8),(9,20,'GABRIELA','','2026-03-06 18:18:05.179','2026-03-06 18:18:05.179',0,NULL,8);
/*!40000 ALTER TABLE `orcamentos` ENABLE KEYS */;
UNLOCK TABLES;

--
-- Table structure for table `permissoes`
--

DROP TABLE IF EXISTS `permissoes`;
/*!40101 SET @saved_cs_client     = @@character_set_client */;
/*!40101 SET character_set_client = utf8mb4 */;
CREATE TABLE `permissoes` (
  `id` int(11) NOT NULL AUTO_INCREMENT,
  `chave` varchar(191) NOT NULL,
  `descricao` varchar(191) DEFAULT NULL,
  `criado_em` datetime(3) NOT NULL DEFAULT current_timestamp(3),
  PRIMARY KEY (`id`),
  UNIQUE KEY `permissoes_chave_key` (`chave`)
) ENGINE=InnoDB AUTO_INCREMENT=97 DEFAULT CHARSET=utf8mb4 COLLATE=utf8mb4_unicode_ci;
/*!40101 SET character_set_client = @saved_cs_client */;

--
-- Dumping data for table `permissoes`
--

LOCK TABLES `permissoes` WRITE;
/*!40000 ALTER TABLE `permissoes` DISABLE KEYS */;
INSERT INTO `permissoes` VALUES (1,'ADMIN','Acesso total','2026-02-02 17:11:26.845'),(2,'usuarios.ver','Visualizar usuarios','2026-02-02 17:11:26.849'),(3,'usuarios.criar','Criar usuarios','2026-02-02 17:11:26.854'),(4,'usuarios.editar','Editar usuarios','2026-02-02 17:11:26.856'),(5,'usuarios.excluir','Excluir usuarios','2026-02-02 17:11:26.859'),(6,'permissoes.ver','Visualizar permissoes','2026-02-02 17:11:26.861'),(7,'permissoes.gerenciar','Gerenciar permissoes','2026-02-02 17:11:26.863'),(11,'configuracoes.empresa.ver','Visualizar empresa','2026-02-02 17:11:26.873'),(12,'configuracoes.empresa.editar','Editar empresa','2026-02-02 17:11:26.875'),(13,'arquivos.ver','Visualizar arquivos','2026-02-02 17:11:26.877'),(14,'arquivos.criar','Criar arquivos','2026-02-02 17:11:26.880'),(15,'arquivos.excluir','Excluir arquivos','2026-02-02 17:11:26.882'),(16,'ponto_relatorio.ver','Visualizar relatorio de ponto','2026-02-02 17:11:26.884'),(17,'ponto_relatorio.editar','Editar registros de ponto','2026-02-02 17:11:26.886'),(18,'ponto_convite.criar','Criar convites de ponto','2026-02-02 17:11:26.889'),(19,'ponto_convite.excluir','Excluir convites de ponto','2026-02-02 17:11:26.891'),(20,'agendamentos.ver','Visualizar agendamentos','2026-02-02 17:11:26.893'),(21,'agendamentos.criar','Criar agendamentos','2026-02-02 17:11:26.895'),(22,'agendamentos.editar','Editar agendamentos','2026-02-02 17:11:26.897'),(23,'agendamentos.excluir','Excluir agendamentos','2026-02-02 17:11:26.899'),(24,'vendas.ver','Visualizar vendas (detalhe/comercial)','2026-02-02 17:11:26.902'),(25,'vendas.criar','Criar vendas (fechamento - comercial)','2026-02-02 17:11:26.904'),(26,'vendas.editar','Editar vendas (comercial)','2026-02-02 17:11:26.906'),(27,'vendas.excluir','Excluir vendas','2026-02-02 17:11:26.908'),(28,'orcamentos.ver','Visualizar orcamentos','2026-02-02 17:11:26.910'),(29,'orcamentos.criar','Criar orcamentos','2026-02-02 17:11:26.912'),(30,'orcamentos.editar','Editar orcamentos','2026-02-02 17:11:26.914'),(31,'orcamentos.excluir','Excluir orcamentos','2026-02-02 17:11:26.916'),(36,'plano_corte.ver','Visualizar plano de corte','2026-02-02 17:11:26.926'),(37,'plano_corte.criar','Criar plano de corte','2026-02-02 17:11:26.929'),(38,'plano_corte.editar','Editar plano de corte','2026-02-02 17:11:26.931'),(39,'plano_corte.excluir','Excluir plano de corte','2026-02-02 17:11:26.933'),(40,'plano_corte.enviar_producao','Enviar plano de corte para producao (agenda)','2026-02-02 17:11:26.935'),(41,'clientes.ver','Visualizar clientes','2026-02-02 17:11:26.937'),(42,'clientes.criar','Criar clientes','2026-02-02 17:11:26.939'),(43,'clientes.editar','Editar clientes','2026-02-02 17:11:26.941'),(44,'clientes.excluir','Excluir clientes','2026-02-02 17:11:26.942'),(45,'clientes.select','Listar clientes (select)','2026-02-02 17:11:26.945'),(46,'fornecedores.ver','Visualizar fornecedores','2026-02-02 17:11:26.947'),(47,'fornecedores.criar','Criar fornecedores','2026-02-02 17:11:26.949'),(48,'fornecedores.editar','Editar fornecedores','2026-02-02 17:11:26.951'),(49,'fornecedores.excluir','Excluir fornecedores','2026-02-02 17:11:26.953'),(50,'fornecedores.select','Listar fornecedores (select)','2026-02-02 17:11:26.955'),(51,'produtos.ver','Visualizar produtos','2026-02-02 17:11:26.959'),(52,'produtos.criar','Criar produtos','2026-02-02 17:11:26.961'),(53,'produtos.editar','Editar produtos','2026-02-02 17:11:26.963'),(54,'produtos.excluir','Excluir produtos','2026-02-02 17:11:26.965'),(55,'funcionarios.ver','Visualizar funcionarios','2026-02-02 17:11:26.967'),(56,'funcionarios.criar','Criar funcionarios','2026-02-02 17:11:26.970'),(57,'funcionarios.editar','Editar funcionarios','2026-02-02 17:11:26.972'),(58,'funcionarios.excluir','Excluir funcionarios','2026-02-02 17:11:26.974'),(59,'funcionarios.select','Listar funcionarios (select)','2026-02-02 17:11:26.976'),(60,'fechamento_fornecedor.criar','Executar fechamento mensal por fornecedor','2026-02-02 17:11:26.978'),(61,'contas_pagar.ver','Visualizar contas a pagar','2026-02-02 17:11:26.980'),(62,'contas_pagar.criar','Criar contas a pagar','2026-02-02 17:11:26.982'),(63,'contas_pagar.editar','Editar contas a pagar','2026-02-02 17:11:26.984'),(64,'contas_pagar.excluir','Excluir contas a pagar','2026-02-02 17:11:26.986'),(65,'contas_receber.ver','Visualizar contas a receber','2026-02-02 17:11:26.988'),(66,'contas_receber.criar','Criar contas a receber','2026-02-02 17:11:26.990'),(67,'contas_receber.editar','Editar contas a receber','2026-02-02 17:11:26.993'),(68,'contas_receber.excluir','Excluir contas a receber','2026-02-02 17:11:26.995'),(69,'despesas.ver','Visualizar despesas','2026-02-02 17:11:26.997'),(70,'despesas.criar','Criar despesas','2026-02-02 17:11:26.999'),(71,'despesas.editar','Editar despesas','2026-02-02 17:11:27.001'),(72,'despesas.excluir','Excluir despesas','2026-02-02 17:11:27.005'),(73,'compras.ver','Visualizar compras','2026-02-02 17:11:27.007'),(74,'compras.criar','Criar compras','2026-02-02 17:11:27.009'),(75,'compras.editar','Editar compras','2026-02-02 17:11:27.012'),(76,'compras.excluir','Excluir compras','2026-02-02 17:11:27.015'),(77,'index.visualizar','Acesso a pagina inicial','2026-02-09 12:04:11.669'),(78,'dashboard.visualizar','Acesso ao hub de relatorios','2026-02-09 12:04:11.677'),(79,'pendente.visualizar','Acesso a tela de primeiro acesso','2026-02-09 12:04:11.685'),(80,'alterar-senha','Acesso a alterar senha','2026-02-09 12:04:11.695'),(81,'agendamentos.vendas','Ver agenda - vendas','2026-02-09 12:04:11.778'),(82,'agendamentos.producao','Ver agenda - producao','2026-02-09 12:04:11.784'),(83,'posvenda.ver','Pos-venda: listagem e acompanhamento (area producao)','2026-02-20 19:25:15.854'),(84,'contratos.ver','Visualizar contratos','2026-02-20 19:25:15.871'),(85,'contratos.criar','Criar contratos','2026-02-20 19:25:15.878'),(86,'contratos.editar','Editar contratos','2026-02-20 19:25:15.885'),(87,'contratos.excluir','Excluir contratos','2026-02-20 19:25:15.891'),(92,'relatorios.acompanhamento_status.ver','Acompanhamento de status','2026-02-26 12:59:39.704'),(93,'vendas.fechamento.ver','Visualizar tela de fechamento de venda (loja)','2026-02-26 12:59:39.751'),(94,'vendas.fechamento.criar','Fechar venda na tela de loja','2026-02-26 12:59:39.757'),(95,'orcamentos.clausulas.editar','Editar clausulas do orcamento (por cliente)','2026-02-26 12:59:39.775'),(96,'contratos.clausulas.editar','Cláusulas (contratos e orçamentos)','2026-02-26 12:59:39.787');
/*!40000 ALTER TABLE `permissoes` ENABLE KEYS */;
UNLOCK TABLES;

--
-- Table structure for table `plano_corte`
--

DROP TABLE IF EXISTS `plano_corte`;
/*!40101 SET @saved_cs_client     = @@character_set_client */;
/*!40101 SET character_set_client = utf8mb4 */;
CREATE TABLE `plano_corte` (
  `id` int(11) NOT NULL AUTO_INCREMENT,
  `fornecedor_id` int(11) NOT NULL,
  `data_venda` datetime(3) NOT NULL,
  `valor_total` decimal(10,2) NOT NULL,
  `status` varchar(191) NOT NULL,
  `criado_em` datetime(3) NOT NULL DEFAULT current_timestamp(3),
  `atualizado_em` datetime(3) NOT NULL,
  PRIMARY KEY (`id`),
  KEY `plano_corte_fornecedor_id_fkey` (`fornecedor_id`),
  CONSTRAINT `plano_corte_fornecedor_id_fkey` FOREIGN KEY (`fornecedor_id`) REFERENCES `fornecedor` (`id`) ON UPDATE CASCADE
) ENGINE=InnoDB AUTO_INCREMENT=83 DEFAULT CHARSET=utf8mb4 COLLATE=utf8mb4_unicode_ci;
/*!40101 SET character_set_client = @saved_cs_client */;

--
-- Dumping data for table `plano_corte`
--

LOCK TABLES `plano_corte` WRITE;
/*!40000 ALTER TABLE `plano_corte` DISABLE KEYS */;
INSERT INTO `plano_corte` VALUES (2,1,'2025-08-05 00:00:00.000',880.60,'EM_ABERTO','2026-02-04 20:27:39.158','2026-02-04 20:27:39.158'),(3,1,'2026-08-06 00:00:00.000',126.00,'EM_ABERTO','2026-02-04 20:28:15.288','2026-02-04 20:28:15.288'),(4,1,'2026-08-09 00:00:00.000',201.80,'EM_ABERTO','2026-02-04 20:28:57.859','2026-02-04 20:28:57.859'),(5,1,'2025-08-13 00:00:00.000',390.00,'EM_ABERTO','2026-02-04 20:32:40.491','2026-02-04 20:32:40.491'),(6,1,'2025-08-13 00:00:00.000',60.00,'EM_ABERTO','2026-02-04 20:36:51.317','2026-02-04 20:36:51.317'),(7,1,'2025-08-13 00:00:00.000',104.70,'EM_ABERTO','2026-02-04 20:37:42.117','2026-02-04 20:37:42.117'),(8,1,'2025-08-14 00:00:00.000',72.00,'EM_ABERTO','2026-02-04 20:37:58.500','2026-02-04 20:37:58.500'),(9,1,'2025-08-15 00:00:00.000',20.00,'EM_ABERTO','2026-02-04 20:38:18.093','2026-02-04 20:38:18.093'),(10,1,'2025-08-19 00:00:00.000',89.90,'EM_ABERTO','2026-02-04 20:38:35.482','2026-02-04 20:38:35.482'),(11,1,'2025-08-25 00:00:00.000',40.10,'EM_ABERTO','2026-02-04 20:39:21.651','2026-02-04 20:39:21.651'),(12,1,'2025-08-27 00:00:00.000',58.00,'EM_ABERTO','2026-02-04 20:41:10.605','2026-02-04 20:41:10.605'),(13,1,'2025-09-01 00:00:00.000',196.00,'EM_ABERTO','2026-02-04 20:43:21.603','2026-02-04 20:43:21.603'),(15,1,'2025-09-04 00:00:00.000',45.00,'EM_ABERTO','2026-02-04 20:43:53.752','2026-02-05 11:16:26.396'),(16,1,'2025-09-01 00:00:00.000',196.00,'EM_ABERTO','2026-02-05 11:16:04.720','2026-02-05 11:16:04.720'),(17,1,'2025-09-05 00:00:00.000',29.00,'EM_ABERTO','2026-02-05 11:16:44.760','2026-02-05 11:16:44.760'),(18,1,'2025-09-08 00:00:00.000',1428.30,'EM_ABERTO','2026-02-05 11:19:28.169','2026-02-05 11:19:28.169'),(19,1,'2025-09-08 00:00:00.000',340.10,'EM_ABERTO','2026-02-05 11:20:14.768','2026-02-05 11:20:14.768'),(20,1,'2025-09-10 00:00:00.000',403.40,'EM_ABERTO','2026-02-05 11:21:16.959','2026-02-05 11:21:16.959'),(21,1,'2025-09-15 00:00:00.000',53.20,'EM_ABERTO','2026-02-05 11:22:29.325','2026-02-05 11:22:29.325'),(22,1,'2025-09-17 00:00:00.000',227.50,'EM_ABERTO','2026-02-05 11:22:56.258','2026-02-05 11:22:56.258'),(23,1,'2025-09-17 00:00:00.000',419.60,'EM_ABERTO','2026-02-05 11:23:36.089','2026-02-05 11:23:36.089'),(24,1,'2025-09-18 00:00:00.000',328.00,'EM_ABERTO','2026-02-05 11:25:28.486','2026-02-05 11:25:28.486'),(25,1,'2025-09-22 00:00:00.000',147.30,'EM_ABERTO','2026-02-05 11:25:53.274','2026-02-05 11:25:53.274'),(26,1,'2025-10-02 00:00:00.000',265.50,'EM_ABERTO','2026-02-05 11:26:53.719','2026-02-05 11:26:53.719'),(27,1,'2025-10-03 00:00:00.000',26.50,'EM_ABERTO','2026-02-05 11:27:44.853','2026-02-05 11:27:44.853'),(28,1,'2025-10-06 00:00:00.000',706.00,'EM_ABERTO','2026-02-05 11:33:14.001','2026-02-05 11:33:14.001'),(29,1,'2025-10-07 00:00:00.000',14.50,'EM_ABERTO','2026-02-05 11:33:29.841','2026-02-05 11:33:29.841'),(30,1,'2025-10-14 00:00:00.000',30.00,'EM_ABERTO','2026-02-05 11:33:46.257','2026-02-05 11:33:46.257'),(31,1,'2025-10-17 00:00:00.000',43.50,'EM_ABERTO','2026-02-05 11:34:00.512','2026-02-05 11:34:00.512'),(32,1,'2025-10-24 00:00:00.000',31.90,'EM_ABERTO','2026-02-05 11:34:14.026','2026-02-05 11:34:14.026'),(33,1,'2025-10-24 00:00:00.000',397.30,'EM_ABERTO','2026-02-05 11:34:28.203','2026-02-05 11:34:28.203'),(34,1,'2025-09-25 00:00:00.000',120.00,'EM_ABERTO','2026-02-05 11:35:26.248','2026-02-05 11:35:26.248'),(35,1,'2025-09-25 00:00:00.000',114.00,'EM_ABERTO','2026-02-05 11:36:08.653','2026-02-05 11:36:08.653'),(36,1,'2025-09-25 00:00:00.000',73.45,'EM_ABERTO','2026-02-05 11:36:59.870','2026-02-05 11:36:59.870'),(37,1,'2025-09-26 00:00:00.000',37.70,'EM_ABERTO','2026-02-05 11:38:55.001','2026-02-05 11:38:55.001'),(38,1,'2025-10-28 00:00:00.000',113.20,'EM_ABERTO','2026-02-05 11:40:04.950','2026-02-05 11:40:04.950'),(39,1,'2025-10-28 00:00:00.000',725.80,'EM_ABERTO','2026-02-05 11:43:30.037','2026-02-05 11:43:30.037'),(40,1,'2025-10-30 00:00:00.000',1164.00,'EM_ABERTO','2026-02-05 11:49:55.181','2026-02-05 11:49:55.181'),(41,1,'2025-10-31 00:00:00.000',5.80,'EM_ABERTO','2026-02-05 11:51:54.417','2026-02-05 11:51:54.417'),(42,1,'2025-10-31 00:00:00.000',351.30,'EM_ABERTO','2026-02-05 11:52:19.110','2026-02-05 11:52:19.110'),(43,1,'2025-11-03 00:00:00.000',20.30,'EM_ABERTO','2026-02-05 11:57:05.890','2026-02-05 11:57:05.890'),(44,1,'2025-11-12 00:00:00.000',196.40,'EM_ABERTO','2026-02-05 11:57:44.563','2026-02-05 11:57:44.563'),(45,1,'2025-11-13 00:00:00.000',1306.20,'EM_ABERTO','2026-02-05 11:58:16.278','2026-02-05 11:58:16.278'),(46,1,'2025-11-14 00:00:00.000',36.00,'EM_ABERTO','2026-02-05 12:06:33.363','2026-02-05 12:06:33.363'),(47,1,'2025-11-17 00:00:00.000',382.80,'EM_ABERTO','2026-02-05 12:06:52.521','2026-02-05 12:06:52.521'),(48,1,'2025-11-18 00:00:00.000',29.00,'EM_ABERTO','2026-02-05 12:07:07.435','2026-02-05 12:07:07.435'),(49,1,'2025-11-21 00:00:00.000',35.20,'EM_ABERTO','2026-02-05 12:07:53.249','2026-02-05 12:07:53.249'),(50,1,'2025-11-27 00:00:00.000',1106.60,'EM_ABERTO','2026-02-05 12:08:24.893','2026-02-05 12:08:24.893'),(51,1,'2025-12-01 00:00:00.000',446.10,'EM_ABERTO','2026-02-05 12:12:09.794','2026-02-05 12:12:09.794'),(52,1,'2025-12-01 00:00:00.000',848.70,'EM_ABERTO','2026-02-05 12:56:09.864','2026-02-05 12:56:09.864'),(53,1,'2025-12-02 00:00:00.000',250.40,'EM_ABERTO','2026-02-05 12:56:42.702','2026-02-05 12:56:42.702'),(54,1,'2025-12-04 00:00:00.000',444.90,'EM_ABERTO','2026-02-05 12:57:27.531','2026-02-05 12:57:27.531'),(55,1,'2025-12-05 00:00:00.000',291.40,'EM_ABERTO','2026-02-05 13:00:18.643','2026-02-05 13:00:18.643'),(56,1,'2025-12-09 00:00:00.000',26.50,'EM_ABERTO','2026-02-05 13:01:59.068','2026-02-05 13:01:59.068'),(57,1,'2025-12-09 00:00:00.000',62.80,'EM_ABERTO','2026-02-05 13:02:33.764','2026-02-05 13:02:33.764'),(58,1,'2025-12-09 00:00:00.000',435.00,'EM_ABERTO','2026-02-05 13:02:58.898','2026-02-05 13:02:58.898'),(59,1,'2025-12-11 00:00:00.000',644.50,'EM_ABERTO','2026-02-05 13:04:16.094','2026-02-05 13:04:16.094'),(60,1,'2025-12-15 00:00:00.000',519.40,'EM_ABERTO','2026-02-05 13:04:46.768','2026-02-05 13:04:46.768'),(61,1,'2025-12-16 00:00:00.000',1056.50,'EM_ABERTO','2026-02-05 13:29:51.173','2026-02-05 13:29:51.173'),(62,1,'2025-12-17 00:00:00.000',99.39,'EM_ABERTO','2026-02-05 13:31:02.120','2026-02-05 13:31:02.120'),(63,1,'2025-12-26 00:00:00.000',490.10,'EM_ABERTO','2026-02-05 13:31:19.703','2026-02-05 13:31:19.703'),(64,1,'2025-12-30 00:00:00.000',190.50,'EM_ABERTO','2026-02-05 13:31:45.325','2026-02-05 13:31:45.325'),(65,1,'2026-01-28 00:00:00.000',1281.20,'EM_ABERTO','2026-02-05 13:33:28.836','2026-02-05 13:33:28.836'),(66,1,'2026-01-29 00:00:00.000',58.00,'EM_ABERTO','2026-02-05 13:34:35.009','2026-02-05 13:34:35.009'),(67,1,'2026-01-27 00:00:00.000',215.10,'EM_ABERTO','2026-02-05 13:35:23.806','2026-02-05 13:35:23.806'),(68,1,'2026-01-26 00:00:00.000',17.40,'EM_ABERTO','2026-02-05 13:35:39.877','2026-02-05 13:35:39.877'),(69,1,'2026-01-23 00:00:00.000',740.60,'EM_ABERTO','2026-02-05 13:38:30.205','2026-02-05 13:38:30.205'),(70,1,'2026-01-22 00:00:00.000',484.10,'EM_ABERTO','2026-02-05 13:39:02.431','2026-02-05 13:39:02.431'),(71,1,'2026-01-22 00:00:00.000',240.60,'EM_ABERTO','2026-02-05 13:42:22.963','2026-02-05 13:42:22.963'),(72,1,'2026-01-19 00:00:00.000',170.80,'EM_ABERTO','2026-02-05 13:43:37.443','2026-02-05 13:43:37.443'),(73,1,'2026-01-14 00:00:00.000',1232.60,'EM_ABERTO','2026-02-05 13:44:17.335','2026-02-05 13:44:17.335'),(74,1,'2026-01-13 00:00:00.000',583.00,'EM_ABERTO','2026-02-05 13:45:38.229','2026-02-05 13:45:38.229'),(75,1,'2026-01-12 00:00:00.000',418.10,'EM_ABERTO','2026-02-05 13:46:35.846','2026-02-05 13:46:35.846'),(76,1,'2026-01-08 00:00:00.000',269.60,'EM_ABERTO','2026-02-05 13:47:07.023','2026-02-05 13:47:07.023'),(77,1,'2026-01-06 00:00:00.000',2370.18,'EM_ABERTO','2026-02-05 13:47:31.855','2026-02-05 13:47:31.855'),(78,1,'2026-01-06 00:00:00.000',14.50,'EM_ABERTO','2026-02-05 13:47:44.877','2026-02-05 13:47:44.877'),(79,1,'2026-01-06 00:00:00.000',53.00,'EM_ABERTO','2026-02-05 13:48:07.007','2026-02-05 13:48:07.007'),(80,1,'2026-02-03 00:00:00.000',143.30,'EM_ABERTO','2026-02-05 14:16:17.642','2026-02-05 14:16:17.642'),(81,1,'2026-02-02 00:00:00.000',1140.30,'EM_ABERTO','2026-02-05 14:21:59.995','2026-02-05 14:21:59.995'),(82,1,'2026-02-02 00:00:00.000',44.50,'EM_ABERTO','2026-02-05 14:22:23.821','2026-02-05 14:22:23.821');
/*!40000 ALTER TABLE `plano_corte` ENABLE KEYS */;
UNLOCK TABLES;

--
-- Table structure for table `plano_corte_consumo`
--

DROP TABLE IF EXISTS `plano_corte_consumo`;
/*!40101 SET @saved_cs_client     = @@character_set_client */;
/*!40101 SET character_set_client = utf8mb4 */;
CREATE TABLE `plano_corte_consumo` (
  `id` int(11) NOT NULL AUTO_INCREMENT,
  `plano_corte_id` int(11) NOT NULL,
  `produto_id` int(11) NOT NULL,
  `quantidade` decimal(10,2) NOT NULL,
  `criado_em` datetime(3) NOT NULL DEFAULT current_timestamp(3),
  PRIMARY KEY (`id`),
  UNIQUE KEY `plano_corte_consumo_plano_corte_id_produto_id_key` (`plano_corte_id`,`produto_id`),
  KEY `plano_corte_consumo_produto_id_fkey` (`produto_id`),
  CONSTRAINT `plano_corte_consumo_plano_corte_id_fkey` FOREIGN KEY (`plano_corte_id`) REFERENCES `plano_corte` (`id`) ON UPDATE CASCADE,
  CONSTRAINT `plano_corte_consumo_produto_id_fkey` FOREIGN KEY (`produto_id`) REFERENCES `produtos` (`id`) ON UPDATE CASCADE
) ENGINE=InnoDB DEFAULT CHARSET=utf8mb4 COLLATE=utf8mb4_unicode_ci;
/*!40101 SET character_set_client = @saved_cs_client */;

--
-- Dumping data for table `plano_corte_consumo`
--

LOCK TABLES `plano_corte_consumo` WRITE;
/*!40000 ALTER TABLE `plano_corte_consumo` DISABLE KEYS */;
/*!40000 ALTER TABLE `plano_corte_consumo` ENABLE KEYS */;
UNLOCK TABLES;

--
-- Table structure for table `plano_corte_item`
--

DROP TABLE IF EXISTS `plano_corte_item`;
/*!40101 SET @saved_cs_client     = @@character_set_client */;
/*!40101 SET character_set_client = utf8mb4 */;
CREATE TABLE `plano_corte_item` (
  `id` int(11) NOT NULL AUTO_INCREMENT,
  `fornecedor_id` int(11) NOT NULL,
  `cor` varchar(191) DEFAULT NULL,
  `medida` varchar(191) DEFAULT NULL,
  `unidade` varchar(191) DEFAULT NULL,
  `status` varchar(191) NOT NULL,
  `criado_em` datetime(3) NOT NULL DEFAULT current_timestamp(3),
  `atualizado_em` datetime(3) NOT NULL,
  `ultimo_valor_vendido` decimal(10,2) NOT NULL DEFAULT 0.00,
  `ultimo_vendido_em` datetime(3) DEFAULT NULL,
  `marca` varchar(191) DEFAULT NULL,
  `nome_produto` varchar(191) NOT NULL,
  `quantidade` int(11) NOT NULL,
  `valor_total` decimal(10,2) NOT NULL,
  `valor_unitario` decimal(10,2) NOT NULL,
  `comprimento_mm` int(11) DEFAULT NULL,
  `espessura_mm` int(11) DEFAULT NULL,
  `largura_mm` int(11) DEFAULT NULL,
  `preco_m2` decimal(10,2) DEFAULT NULL,
  `ultimo_valor_comprado` decimal(10,2) NOT NULL DEFAULT 0.00,
  `ultimo_comprado_em` datetime(3) DEFAULT NULL,
  PRIMARY KEY (`id`),
  KEY `plano_corte_item_fornecedor_id_idx` (`fornecedor_id`),
  CONSTRAINT `plano_corte_item_fornecedor_id_fkey` FOREIGN KEY (`fornecedor_id`) REFERENCES `fornecedor` (`id`) ON UPDATE CASCADE
) ENGINE=InnoDB AUTO_INCREMENT=25 DEFAULT CHARSET=utf8mb4 COLLATE=utf8mb4_unicode_ci;
/*!40101 SET character_set_client = @saved_cs_client */;

--
-- Dumping data for table `plano_corte_item`
--

LOCK TABLES `plano_corte_item` WRITE;
/*!40000 ALTER TABLE `plano_corte_item` DISABLE KEYS */;
INSERT INTO `plano_corte_item` VALUES (1,1,NULL,NULL,'CHAPA','ATIVO','2026-02-02 18:23:33.841','2026-02-05 14:22:23.823',2.90,'2026-02-02 00:00:00.000',NULL,'CORTES MDF',0,0.00,0.00,NULL,NULL,NULL,NULL,0.00,NULL),(2,1,'BRANCO',NULL,'CHAPA','ATIVO','2026-02-02 18:24:00.925','2026-02-05 14:22:23.825',2.00,'2026-02-02 00:00:00.000','PLANO DE CORTE','METRO PVC',0,0.00,0.00,NULL,NULL,NULL,NULL,0.00,NULL),(3,1,'LOURO FREIJO',NULL,'CHAPA','ATIVO','2026-02-04 20:24:23.398','2026-02-05 14:21:59.998',2.00,'2026-02-02 00:00:00.000','PLANO DE CORTE','METRO PVC',0,0.00,0.00,NULL,NULL,NULL,NULL,0.00,NULL),(4,1,'AZUL SECRETO',NULL,'CHAPA','ATIVO','2026-02-04 20:27:29.378','2026-02-04 20:27:39.176',2.00,'2025-08-05 00:00:00.000','PLANO DE CORTE','METRO PVC',0,0.00,0.00,NULL,NULL,NULL,NULL,0.00,NULL),(5,1,'PRETO',NULL,'CHAPA','ATIVO','2026-02-04 20:28:51.091','2026-02-05 13:35:23.810',2.00,'2026-01-27 00:00:00.000','PLANO DE CORTE','METRO PVC',0,0.00,0.00,NULL,NULL,NULL,NULL,0.00,NULL),(6,1,'PRETO','15MM','CHAPA','ATIVO','2026-02-04 20:32:31.274','2026-02-04 20:32:40.498',330.00,'2025-08-13 00:00:00.000','PLANO DE CORTE','MDF TX',0,0.00,0.00,NULL,NULL,NULL,NULL,0.00,NULL),(7,1,'CANELA CHESS',NULL,'CHAPA','ATIVO','2026-02-04 20:37:34.113','2026-02-04 20:37:42.128',2.00,'2025-08-13 00:00:00.000','PLANO DE CORTE','METRO',0,0.00,0.00,NULL,NULL,NULL,NULL,0.00,NULL),(8,1,'PRETO',NULL,'CHAPA','ATIVO','2026-02-04 20:39:10.931','2026-02-04 20:39:21.659',2.00,'2025-08-25 00:00:00.000','PLANO DE CORTE','METRO PVC',0,0.00,0.00,NULL,NULL,NULL,NULL,0.00,NULL),(9,1,'GIANDUIA',NULL,'CHAPA','ATIVO','2026-02-05 11:17:48.663','2026-02-05 13:46:35.856',2.00,'2026-01-12 00:00:00.000','PLANO DE CORTE','METRO PVC',0,0.00,0.00,NULL,NULL,NULL,NULL,0.00,NULL),(10,1,'CINZA CRISTAL',NULL,'CHAPA','ATIVO','2026-02-05 11:19:09.731','2026-02-05 11:19:28.180',2.00,'2025-09-08 00:00:00.000','PLANO DE CORTE','METRO PVC',0,0.00,0.00,NULL,NULL,NULL,NULL,0.00,NULL),(11,1,'35MM',NULL,'UN','ATIVO','2026-02-05 11:20:07.706','2026-02-05 13:47:07.028',1.00,'2026-01-08 00:00:00.000',NULL,'FURO DOBRADICA',0,0.00,0.00,NULL,NULL,NULL,NULL,0.00,NULL),(12,1,NULL,'6MM','M','ATIVO','2026-02-05 11:24:58.869','2026-02-05 13:43:37.450',2.00,'2026-01-19 00:00:00.000',NULL,'CANAL LINEAR',0,0.00,0.00,NULL,NULL,NULL,NULL,0.00,NULL),(13,1,'CERRADO',NULL,'CHAPA','ATIVO','2026-02-05 11:25:21.696','2026-02-05 11:25:28.497',2.00,'2025-09-18 00:00:00.000','PLANO DE CORTE','METRO PVC',0,0.00,0.00,NULL,NULL,NULL,NULL,0.00,NULL),(14,1,NULL,'3MM','UN','ATIVO','2026-02-05 11:26:45.891','2026-02-05 13:47:31.859',1.79,'2026-01-06 00:00:00.000',NULL,'CANAL LINEAR',0,0.00,0.00,NULL,NULL,NULL,NULL,0.00,NULL),(15,1,'NOGUEIRA CADIZ',NULL,'CHAPA','ATIVO','2026-02-05 11:27:34.826','2026-02-05 11:27:44.857',2.00,'2025-10-03 00:00:00.000','PLANO DE CORTE','METRO PVC',0,0.00,0.00,NULL,NULL,NULL,NULL,0.00,NULL),(16,1,'ITAPUA',NULL,'CHAPA','ATIVO','2026-02-05 11:39:57.037','2026-02-05 12:12:09.800',2.00,'2025-12-01 00:00:00.000','PLANO DE CORTE','METRO PVC',0,0.00,0.00,NULL,NULL,NULL,NULL,0.00,NULL),(17,1,'CACAO CHESS',NULL,'CHAPA','ATIVO','2026-02-05 12:07:46.186','2026-02-05 12:07:53.253',2.00,'2025-11-21 00:00:00.000','PLANO DE CORTE','METRO PVC',0,0.00,0.00,NULL,NULL,NULL,NULL,0.00,NULL),(18,1,'FRAPE',NULL,'CHAPA','ATIVO','2026-02-05 12:11:07.077','2026-02-05 12:12:09.802',2.00,'2025-12-01 00:00:00.000','PLANO DE CORTE','METRO PVC',0,0.00,0.00,NULL,NULL,NULL,NULL,0.00,NULL),(19,1,'TAUARI',NULL,'CHAPA','ATIVO','2026-02-05 12:55:24.579','2026-02-05 12:56:09.869',2.00,'2025-12-01 00:00:00.000','PLANO DE CORTE','METRO PVC',0,0.00,0.00,NULL,NULL,NULL,NULL,0.00,NULL),(20,1,'CINZA SAGRADO',NULL,'CHAPA','ATIVO','2026-02-05 13:00:11.626','2026-02-05 13:00:18.650',2.00,'2025-12-05 00:00:00.000','PLANO DE CORTE','METRO PVC',0,0.00,0.00,NULL,NULL,NULL,NULL,0.00,NULL),(21,1,'GRAFITE',NULL,'CHAPA','ATIVO','2026-02-05 13:29:25.177','2026-02-05 14:22:00.055',2.00,'2026-02-02 00:00:00.000','PLANO DE CORTE','METRO PVC',0,0.00,0.00,NULL,NULL,NULL,NULL,0.00,NULL),(22,1,'CONNECT',NULL,'CHAPA','ATIVO','2026-02-05 13:35:17.926','2026-02-05 13:35:23.813',2.00,'2026-01-27 00:00:00.000','PLANO DE CORTE','METRO PVC',0,0.00,0.00,NULL,NULL,NULL,NULL,0.00,NULL),(23,1,'PAU FERRO',NULL,'CHAPA','ATIVO','2026-02-05 13:46:28.290','2026-02-05 13:46:35.858',2.00,'2026-01-12 00:00:00.000','PLANO DE CORTE','METRO PVC',0,0.00,0.00,NULL,NULL,NULL,NULL,0.00,NULL),(24,1,'CARVALHO HANOVER','22MM','M','ATIVO','2026-02-09 12:30:57.914','2026-02-09 12:30:57.914',0.00,NULL,'PLANO DE CORTE','METRO PVC',0,0.00,0.00,NULL,NULL,NULL,NULL,0.00,NULL);
/*!40000 ALTER TABLE `plano_corte_item` ENABLE KEYS */;
UNLOCK TABLES;

--
-- Table structure for table `plano_corte_produto`
--

DROP TABLE IF EXISTS `plano_corte_produto`;
/*!40101 SET @saved_cs_client     = @@character_set_client */;
/*!40101 SET character_set_client = utf8mb4 */;
CREATE TABLE `plano_corte_produto` (
  `id` int(11) NOT NULL AUTO_INCREMENT,
  `plano_corte_id` int(11) NOT NULL,
  `item_id` int(11) NOT NULL,
  `quantidade` decimal(10,2) NOT NULL,
  `valor_unitario` decimal(10,2) NOT NULL,
  `valor_total` decimal(10,2) NOT NULL,
  `status` varchar(191) NOT NULL,
  `comprimento_mm` int(11) DEFAULT NULL,
  `espessura_mm` int(11) DEFAULT NULL,
  `largura_mm` int(11) DEFAULT NULL,
  `preco_m2` decimal(10,2) DEFAULT NULL,
  PRIMARY KEY (`id`),
  KEY `plano_corte_produto_plano_corte_id_idx` (`plano_corte_id`),
  KEY `plano_corte_produto_item_id_idx` (`item_id`),
  CONSTRAINT `plano_corte_produto_item_id_fkey` FOREIGN KEY (`item_id`) REFERENCES `plano_corte_item` (`id`) ON UPDATE CASCADE,
  CONSTRAINT `plano_corte_produto_plano_corte_id_fkey` FOREIGN KEY (`plano_corte_id`) REFERENCES `plano_corte` (`id`) ON UPDATE CASCADE
) ENGINE=InnoDB AUTO_INCREMENT=190 DEFAULT CHARSET=utf8mb4 COLLATE=utf8mb4_unicode_ci;
/*!40101 SET character_set_client = @saved_cs_client */;

--
-- Dumping data for table `plano_corte_produto`
--

LOCK TABLES `plano_corte_produto` WRITE;
/*!40000 ALTER TABLE `plano_corte_produto` DISABLE KEYS */;
INSERT INTO `plano_corte_produto` VALUES (3,2,1,214.00,2.90,620.60,'ATIVO',NULL,NULL,NULL,NULL),(4,2,2,41.00,2.00,82.00,'ATIVO',NULL,NULL,NULL,NULL),(5,2,3,37.00,2.00,74.00,'ATIVO',NULL,NULL,NULL,NULL),(6,2,4,52.00,2.00,104.00,'ATIVO',NULL,NULL,NULL,NULL),(7,3,1,84.00,1.50,126.00,'ATIVO',NULL,NULL,NULL,NULL),(8,4,1,42.00,2.90,121.80,'ATIVO',NULL,NULL,NULL,NULL),(9,4,5,40.00,2.00,80.00,'ATIVO',NULL,NULL,NULL,NULL),(10,5,1,10.00,6.00,60.00,'ATIVO',NULL,NULL,NULL,NULL),(11,5,6,1.00,330.00,330.00,'ATIVO',NULL,NULL,NULL,NULL),(12,6,1,10.00,6.00,60.00,'ATIVO',NULL,NULL,NULL,NULL),(13,7,1,23.00,2.90,66.70,'ATIVO',NULL,NULL,NULL,NULL),(14,7,7,19.00,2.00,38.00,'ATIVO',NULL,NULL,NULL,NULL),(15,8,1,12.00,6.00,72.00,'ATIVO',NULL,NULL,NULL,NULL),(16,9,1,4.00,5.00,20.00,'ATIVO',NULL,NULL,NULL,NULL),(17,10,1,31.00,2.90,89.90,'ATIVO',NULL,NULL,NULL,NULL),(18,11,1,9.00,2.90,26.10,'ATIVO',NULL,NULL,NULL,NULL),(19,11,8,7.00,2.00,14.00,'ATIVO',NULL,NULL,NULL,NULL),(20,12,1,20.00,2.90,58.00,'ATIVO',NULL,NULL,NULL,NULL),(21,13,1,26.00,6.00,156.00,'ATIVO',NULL,NULL,NULL,NULL),(22,13,2,20.00,2.00,40.00,'ATIVO',NULL,NULL,NULL,NULL),(25,16,1,26.00,6.00,156.00,'ATIVO',NULL,NULL,NULL,NULL),(26,16,2,20.00,2.00,40.00,'ATIVO',NULL,NULL,NULL,NULL),(27,15,1,9.00,5.00,45.00,'ATIVO',NULL,NULL,NULL,NULL),(28,17,1,10.00,2.90,29.00,'ATIVO',NULL,NULL,NULL,NULL),(29,18,2,118.00,2.00,236.00,'ATIVO',NULL,NULL,NULL,NULL),(30,18,3,47.00,2.00,94.00,'ATIVO',NULL,NULL,NULL,NULL),(31,18,9,13.00,2.00,26.00,'ATIVO',NULL,NULL,NULL,NULL),(32,18,10,33.00,2.00,66.00,'ATIVO',NULL,NULL,NULL,NULL),(33,18,1,347.00,2.90,1006.30,'ATIVO',NULL,NULL,NULL,NULL),(34,19,1,60.00,2.88,172.80,'ATIVO',NULL,NULL,NULL,NULL),(35,19,3,70.00,1.99,139.30,'ATIVO',NULL,NULL,NULL,NULL),(36,19,11,28.00,1.00,28.00,'ATIVO',NULL,NULL,NULL,NULL),(37,20,9,37.00,2.00,74.00,'ATIVO',NULL,NULL,NULL,NULL),(38,20,1,46.00,3.90,179.40,'ATIVO',NULL,NULL,NULL,NULL),(39,20,11,15.00,10.00,150.00,'ATIVO',NULL,NULL,NULL,NULL),(40,21,1,8.00,2.90,23.20,'ATIVO',NULL,NULL,NULL,NULL),(41,21,2,15.00,2.00,30.00,'ATIVO',NULL,NULL,NULL,NULL),(42,22,1,55.00,2.90,159.50,'ATIVO',NULL,NULL,NULL,NULL),(43,22,2,34.00,2.00,68.00,'ATIVO',NULL,NULL,NULL,NULL),(44,23,1,104.00,2.90,301.60,'ATIVO',NULL,NULL,NULL,NULL),(45,23,2,37.00,2.00,74.00,'ATIVO',NULL,NULL,NULL,NULL),(46,23,9,20.00,2.00,40.00,'ATIVO',NULL,NULL,NULL,NULL),(47,23,11,4.00,1.00,4.00,'ATIVO',NULL,NULL,NULL,NULL),(48,24,1,80.00,2.90,232.00,'ATIVO',NULL,NULL,NULL,NULL),(49,24,12,10.00,2.00,20.00,'ATIVO',NULL,NULL,NULL,NULL),(50,24,13,38.00,2.00,76.00,'ATIVO',NULL,NULL,NULL,NULL),(51,25,1,37.00,2.90,107.30,'ATIVO',NULL,NULL,NULL,NULL),(52,25,2,20.00,2.00,40.00,'ATIVO',NULL,NULL,NULL,NULL),(53,26,2,28.00,2.00,56.00,'ATIVO',NULL,NULL,NULL,NULL),(54,26,1,55.00,2.90,159.50,'ATIVO',NULL,NULL,NULL,NULL),(55,26,14,25.00,2.00,50.00,'ATIVO',NULL,NULL,NULL,NULL),(56,27,1,5.00,2.90,14.50,'ATIVO',NULL,NULL,NULL,NULL),(57,27,15,6.00,2.00,12.00,'ATIVO',NULL,NULL,NULL,NULL),(58,28,2,98.00,2.00,196.00,'ATIVO',NULL,NULL,NULL,NULL),(59,28,14,69.00,2.00,138.00,'ATIVO',NULL,NULL,NULL,NULL),(60,28,1,120.00,2.90,348.00,'ATIVO',NULL,NULL,NULL,NULL),(61,28,9,12.00,2.00,24.00,'ATIVO',NULL,NULL,NULL,NULL),(62,29,1,5.00,2.90,14.50,'ATIVO',NULL,NULL,NULL,NULL),(63,30,1,5.00,6.00,30.00,'ATIVO',NULL,NULL,NULL,NULL),(64,31,1,15.00,2.90,43.50,'ATIVO',NULL,NULL,NULL,NULL),(65,32,1,11.00,2.90,31.90,'ATIVO',NULL,NULL,NULL,NULL),(66,33,1,137.00,2.90,397.30,'ATIVO',NULL,NULL,NULL,NULL),(67,34,1,20.00,2.90,58.00,'ATIVO',NULL,NULL,NULL,NULL),(68,34,11,4.00,1.00,4.00,'ATIVO',NULL,NULL,NULL,NULL),(69,34,9,16.00,2.00,32.00,'ATIVO',NULL,NULL,NULL,NULL),(70,34,11,6.00,1.00,6.00,'ATIVO',NULL,NULL,NULL,NULL),(71,34,11,2.00,10.00,20.00,'ATIVO',NULL,NULL,NULL,NULL),(72,35,1,20.00,2.90,58.00,'ATIVO',NULL,NULL,NULL,NULL),(73,35,11,4.00,1.00,4.00,'ATIVO',NULL,NULL,NULL,NULL),(74,35,9,16.00,2.00,32.00,'ATIVO',NULL,NULL,NULL,NULL),(75,35,11,2.00,10.00,20.00,'ATIVO',NULL,NULL,NULL,NULL),(76,36,1,13.00,2.89,37.57,'ATIVO',NULL,NULL,NULL,NULL),(77,36,12,12.00,2.99,35.88,'ATIVO',NULL,NULL,NULL,NULL),(78,37,1,13.00,2.90,37.70,'ATIVO',NULL,NULL,NULL,NULL),(79,38,1,28.00,2.90,81.20,'ATIVO',NULL,NULL,NULL,NULL),(80,38,16,16.00,2.00,32.00,'ATIVO',NULL,NULL,NULL,NULL),(81,39,1,191.00,2.77,529.07,'ATIVO',NULL,NULL,NULL,NULL),(82,39,9,46.00,1.91,87.86,'ATIVO',NULL,NULL,NULL,NULL),(83,39,2,57.00,1.91,108.87,'ATIVO',NULL,NULL,NULL,NULL),(84,40,1,198.00,2.40,475.20,'ATIVO',NULL,NULL,NULL,NULL),(85,40,2,492.00,1.40,688.80,'ATIVO',NULL,NULL,NULL,NULL),(86,41,1,2.00,2.90,5.80,'ATIVO',NULL,NULL,NULL,NULL),(87,42,1,117.00,2.90,339.30,'ATIVO',NULL,NULL,NULL,NULL),(88,42,12,6.00,2.00,12.00,'ATIVO',NULL,NULL,NULL,NULL),(89,43,1,7.00,2.90,20.30,'ATIVO',NULL,NULL,NULL,NULL),(90,44,1,56.00,2.90,162.40,'ATIVO',NULL,NULL,NULL,NULL),(91,44,5,17.00,2.00,34.00,'ATIVO',NULL,NULL,NULL,NULL),(92,45,1,178.00,2.90,516.20,'ATIVO',NULL,NULL,NULL,NULL),(93,45,2,213.00,2.00,426.00,'ATIVO',NULL,NULL,NULL,NULL),(94,45,12,182.00,2.00,364.00,'ATIVO',NULL,NULL,NULL,NULL),(95,46,1,6.00,6.00,36.00,'ATIVO',NULL,NULL,NULL,NULL),(96,47,1,132.00,2.90,382.80,'ATIVO',NULL,NULL,NULL,NULL),(97,48,1,10.00,2.90,29.00,'ATIVO',NULL,NULL,NULL,NULL),(98,49,1,8.00,2.90,23.20,'ATIVO',NULL,NULL,NULL,NULL),(99,49,17,6.00,2.00,12.00,'ATIVO',NULL,NULL,NULL,NULL),(100,50,1,269.00,2.90,780.10,'ATIVO',NULL,NULL,NULL,NULL),(101,50,12,103.00,1.00,103.00,'ATIVO',NULL,NULL,NULL,NULL),(102,50,9,149.00,1.50,223.50,'ATIVO',NULL,NULL,NULL,NULL),(103,51,1,89.00,2.90,258.10,'ATIVO',NULL,NULL,NULL,NULL),(104,51,12,18.00,2.00,36.00,'ATIVO',NULL,NULL,NULL,NULL),(105,51,16,23.00,2.00,46.00,'ATIVO',NULL,NULL,NULL,NULL),(106,51,18,53.00,2.00,106.00,'ATIVO',NULL,NULL,NULL,NULL),(107,52,2,130.00,2.00,260.00,'ATIVO',NULL,NULL,NULL,NULL),(108,52,19,20.00,2.00,40.00,'ATIVO',NULL,NULL,NULL,NULL),(109,52,12,125.00,2.00,250.00,'ATIVO',NULL,NULL,NULL,NULL),(110,52,1,103.00,2.90,298.70,'ATIVO',NULL,NULL,NULL,NULL),(111,53,1,56.00,2.90,162.40,'ATIVO',NULL,NULL,NULL,NULL),(112,53,12,10.00,2.00,20.00,'ATIVO',NULL,NULL,NULL,NULL),(113,53,2,34.00,2.00,68.00,'ATIVO',NULL,NULL,NULL,NULL),(114,54,1,81.00,2.90,234.90,'ATIVO',NULL,NULL,NULL,NULL),(115,54,2,30.00,2.00,60.00,'ATIVO',NULL,NULL,NULL,NULL),(116,54,9,46.00,2.00,92.00,'ATIVO',NULL,NULL,NULL,NULL),(117,54,12,29.00,2.00,58.00,'ATIVO',NULL,NULL,NULL,NULL),(118,55,1,26.00,4.90,127.40,'ATIVO',NULL,NULL,NULL,NULL),(119,55,12,28.00,3.00,84.00,'ATIVO',NULL,NULL,NULL,NULL),(120,55,20,40.00,2.00,80.00,'ATIVO',NULL,NULL,NULL,NULL),(121,56,1,5.00,2.90,14.50,'ATIVO',NULL,NULL,NULL,NULL),(122,56,2,6.00,2.00,12.00,'ATIVO',NULL,NULL,NULL,NULL),(123,57,1,12.00,2.90,34.80,'ATIVO',NULL,NULL,NULL,NULL),(124,57,2,11.00,2.00,22.00,'ATIVO',NULL,NULL,NULL,NULL),(125,57,11,6.00,1.00,6.00,'ATIVO',NULL,NULL,NULL,NULL),(126,58,1,110.00,2.90,319.00,'ATIVO',NULL,NULL,NULL,NULL),(127,58,2,58.00,2.00,116.00,'ATIVO',NULL,NULL,NULL,NULL),(128,59,1,165.00,2.90,478.50,'ATIVO',NULL,NULL,NULL,NULL),(129,59,2,16.00,2.00,32.00,'ATIVO',NULL,NULL,NULL,NULL),(130,59,3,67.00,2.00,134.00,'ATIVO',NULL,NULL,NULL,NULL),(131,60,1,126.00,2.90,365.40,'ATIVO',NULL,NULL,NULL,NULL),(132,60,2,77.00,2.00,154.00,'ATIVO',NULL,NULL,NULL,NULL),(133,61,1,285.00,2.90,826.50,'ATIVO',NULL,NULL,NULL,NULL),(134,61,2,18.00,2.00,36.00,'ATIVO',NULL,NULL,NULL,NULL),(135,61,9,35.00,2.00,70.00,'ATIVO',NULL,NULL,NULL,NULL),(136,61,21,35.00,2.00,70.00,'ATIVO',NULL,NULL,NULL,NULL),(137,61,3,24.00,2.00,48.00,'ATIVO',NULL,NULL,NULL,NULL),(138,61,11,6.00,1.00,6.00,'ATIVO',NULL,NULL,NULL,NULL),(139,62,1,13.00,2.90,37.70,'ATIVO',NULL,NULL,NULL,NULL),(140,62,9,16.00,1.99,31.84,'ATIVO',NULL,NULL,NULL,NULL),(141,62,12,15.00,1.99,29.85,'ATIVO',NULL,NULL,NULL,NULL),(142,63,1,169.00,2.90,490.10,'ATIVO',NULL,NULL,NULL,NULL),(143,64,1,45.00,2.90,130.50,'ATIVO',NULL,NULL,NULL,NULL),(144,64,2,30.00,2.00,60.00,'ATIVO',NULL,NULL,NULL,NULL),(145,65,1,288.00,2.90,835.20,'ATIVO',NULL,NULL,NULL,NULL),(146,65,12,82.00,2.00,164.00,'ATIVO',NULL,NULL,NULL,NULL),(147,65,2,141.00,2.00,282.00,'ATIVO',NULL,NULL,NULL,NULL),(148,66,1,20.00,2.90,58.00,'ATIVO',NULL,NULL,NULL,NULL),(149,67,1,39.00,2.90,113.10,'ATIVO',NULL,NULL,NULL,NULL),(150,67,5,22.00,2.00,44.00,'ATIVO',NULL,NULL,NULL,NULL),(151,67,22,29.00,2.00,58.00,'ATIVO',NULL,NULL,NULL,NULL),(152,68,1,6.00,2.90,17.40,'ATIVO',NULL,NULL,NULL,NULL),(153,69,1,154.00,2.90,446.60,'ATIVO',NULL,NULL,NULL,NULL),(154,69,2,37.00,2.00,74.00,'ATIVO',NULL,NULL,NULL,NULL),(155,69,3,110.00,2.00,220.00,'ATIVO',NULL,NULL,NULL,NULL),(156,70,1,109.00,2.90,316.10,'ATIVO',NULL,NULL,NULL,NULL),(157,70,9,60.00,2.00,120.00,'ATIVO',NULL,NULL,NULL,NULL),(158,70,3,24.00,2.00,48.00,'ATIVO',NULL,NULL,NULL,NULL),(159,71,1,34.00,2.90,98.60,'ATIVO',NULL,NULL,NULL,NULL),(160,71,12,22.00,2.00,44.00,'ATIVO',NULL,NULL,NULL,NULL),(161,71,2,29.00,2.00,58.00,'ATIVO',NULL,NULL,NULL,NULL),(162,71,9,20.00,2.00,40.00,'ATIVO',NULL,NULL,NULL,NULL),(163,72,1,32.00,2.90,92.80,'ATIVO',NULL,NULL,NULL,NULL),(164,72,9,20.00,2.00,40.00,'ATIVO',NULL,NULL,NULL,NULL),(165,72,12,19.00,2.00,38.00,'ATIVO',NULL,NULL,NULL,NULL),(166,73,1,294.00,2.90,852.60,'ATIVO',NULL,NULL,NULL,NULL),(167,73,2,190.00,2.00,380.00,'ATIVO',NULL,NULL,NULL,NULL),(168,74,1,50.00,2.90,145.00,'ATIVO',NULL,NULL,NULL,NULL),(169,74,3,219.00,2.00,438.00,'ATIVO',NULL,NULL,NULL,NULL),(170,75,1,89.00,2.90,258.10,'ATIVO',NULL,NULL,NULL,NULL),(171,75,14,33.00,2.00,66.00,'ATIVO',NULL,NULL,NULL,NULL),(172,75,9,24.00,2.00,48.00,'ATIVO',NULL,NULL,NULL,NULL),(173,75,23,23.00,2.00,46.00,'ATIVO',NULL,NULL,NULL,NULL),(174,76,1,24.00,2.90,69.60,'ATIVO',NULL,NULL,NULL,NULL),(175,76,11,48.00,1.00,48.00,'ATIVO',NULL,NULL,NULL,NULL),(176,76,2,76.00,2.00,152.00,'ATIVO',NULL,NULL,NULL,NULL),(177,77,1,855.00,2.59,2214.45,'ATIVO',NULL,NULL,NULL,NULL),(178,77,14,87.00,1.79,155.73,'ATIVO',NULL,NULL,NULL,NULL),(179,78,1,5.00,2.90,14.50,'ATIVO',NULL,NULL,NULL,NULL),(180,79,1,10.00,2.90,29.00,'ATIVO',NULL,NULL,NULL,NULL),(181,79,2,12.00,2.00,24.00,'ATIVO',NULL,NULL,NULL,NULL),(182,80,1,17.00,4.90,83.30,'ATIVO',NULL,NULL,NULL,NULL),(183,80,2,20.00,3.00,60.00,'ATIVO',NULL,NULL,NULL,NULL),(184,81,3,187.00,2.00,374.00,'ATIVO',NULL,NULL,NULL,NULL),(185,81,2,30.00,2.00,60.00,'ATIVO',NULL,NULL,NULL,NULL),(186,81,21,82.00,2.00,164.00,'ATIVO',NULL,NULL,NULL,NULL),(187,81,1,187.00,2.90,542.30,'ATIVO',NULL,NULL,NULL,NULL),(188,82,1,5.00,2.90,14.50,'ATIVO',NULL,NULL,NULL,NULL),(189,82,2,15.00,2.00,30.00,'ATIVO',NULL,NULL,NULL,NULL);
/*!40000 ALTER TABLE `plano_corte_produto` ENABLE KEYS */;
UNLOCK TABLES;

--
-- Table structure for table `ponto_convites`
--

DROP TABLE IF EXISTS `ponto_convites`;
/*!40101 SET @saved_cs_client     = @@character_set_client */;
/*!40101 SET character_set_client = utf8mb4 */;
CREATE TABLE `ponto_convites` (
  `id` int(11) NOT NULL AUTO_INCREMENT,
  `funcionario_id` int(11) NOT NULL,
  `code` varchar(191) NOT NULL,
  `expira_em` datetime(3) NOT NULL,
  `usado_em` datetime(3) DEFAULT NULL,
  `criado_em` datetime(3) NOT NULL DEFAULT current_timestamp(3),
  PRIMARY KEY (`id`),
  UNIQUE KEY `ponto_convites_code_key` (`code`),
  KEY `ponto_convites_funcionario_id_idx` (`funcionario_id`),
  CONSTRAINT `ponto_convites_funcionario_id_fkey` FOREIGN KEY (`funcionario_id`) REFERENCES `funcionarios` (`id`) ON DELETE CASCADE ON UPDATE CASCADE
) ENGINE=InnoDB AUTO_INCREMENT=34 DEFAULT CHARSET=utf8mb4 COLLATE=utf8mb4_unicode_ci;
/*!40101 SET character_set_client = @saved_cs_client */;

--
-- Dumping data for table `ponto_convites`
--

LOCK TABLES `ponto_convites` WRITE;
/*!40000 ALTER TABLE `ponto_convites` DISABLE KEYS */;
INSERT INTO `ponto_convites` VALUES (1,1,'C4012F1CB66D','2026-02-03 15:06:40.573','2026-02-03 14:08:03.680','2026-02-03 14:06:40.574'),(2,1,'E992BCE9E28E','2026-02-03 15:18:57.424','2026-02-03 14:19:19.917','2026-02-03 14:18:57.440'),(3,4,'3B93CC0DBF03','2026-02-03 15:19:32.487',NULL,'2026-02-03 14:19:32.487'),(4,1,'F1C463972C42','2026-02-07 00:58:42.472',NULL,'2026-02-06 23:58:42.473'),(8,1,'2F9E6D406684','2026-02-10 00:44:02.168',NULL,'2026-02-09 23:44:02.169'),(9,1,'18B9E1ADC1BC','2026-02-10 13:11:20.944',NULL,'2026-02-10 12:11:20.945'),(10,1,'D7803630D524','2026-02-10 14:55:29.446',NULL,'2026-02-10 13:55:29.447'),(11,1,'E7C62C0DC2B2','2026-02-12 12:09:31.745',NULL,'2026-02-12 11:09:31.746'),(12,1,'6909CDAF2942','2026-02-12 12:48:39.964',NULL,'2026-02-12 11:48:39.965'),(13,1,'B49537AB7A8F','2026-02-12 13:14:33.067',NULL,'2026-02-12 12:14:33.068'),(14,1,'3D2FC1F08AED','2026-02-12 14:49:32.855',NULL,'2026-02-12 13:49:32.856'),(15,1,'5C0121CA1D17','2026-02-12 17:42:57.250',NULL,'2026-02-12 16:42:57.251'),(16,1,'0EF395B25383','2026-02-15 00:43:44.107','2026-02-14 23:46:38.666','2026-02-14 23:43:44.108'),(17,1,'F59C7A3D6081','2026-02-16 18:16:32.100',NULL,'2026-02-16 17:16:32.101'),(18,1,'547B44EA06EE','2026-02-16 18:17:16.005',NULL,'2026-02-16 17:17:16.006'),(19,1,'517659766861','2026-02-16 18:47:39.300',NULL,'2026-02-16 17:47:39.301'),(20,1,'6153779B1981','2026-02-16 19:47:03.515',NULL,'2026-02-16 18:47:03.518'),(21,1,'40389BC8809D','2026-02-16 20:33:42.419',NULL,'2026-02-16 19:33:42.420'),(22,1,'6A98CD661E0E','2026-02-17 16:32:31.597',NULL,'2026-02-17 15:32:31.598'),(23,3,'51AF4959E776','2026-02-17 16:58:00.828',NULL,'2026-02-17 15:58:00.829'),(24,5,'A43C1F1AECA3','2026-02-17 16:58:24.700',NULL,'2026-02-17 15:58:24.701'),(25,4,'78BFFEF5D99A','2026-02-17 16:59:07.757',NULL,'2026-02-17 15:59:07.758'),(26,2,'3B7E808636F5','2026-02-17 16:59:26.801',NULL,'2026-02-17 15:59:26.801'),(27,2,'5A44FD2CD1C8','2026-02-17 22:52:48.951','2026-02-17 22:22:55.497','2026-02-17 21:52:48.952'),(28,3,'31F0D9110F9F','2026-02-18 12:08:43.099','2026-02-18 11:14:37.328','2026-02-18 11:08:43.100'),(29,4,'7A7859BDCD4C','2026-02-18 12:09:21.874','2026-02-18 11:12:52.907','2026-02-18 11:09:21.874'),(30,5,'C967A0E7DC91','2026-02-18 12:09:36.183','2026-02-18 11:14:59.967','2026-02-18 11:09:36.184'),(31,1,'7D408884C6A7','2026-02-18 18:58:56.997',NULL,'2026-02-18 17:58:56.998'),(32,9,'2CAE876111FF','2026-03-05 20:40:32.005',NULL,'2026-03-05 19:40:32.006'),(33,9,'ABA78E005FA8','2026-03-09 12:00:38.725',NULL,'2026-03-09 11:00:38.727');
/*!40000 ALTER TABLE `ponto_convites` ENABLE KEYS */;
UNLOCK TABLES;

--
-- Table structure for table `ponto_dispositivos`
--

DROP TABLE IF EXISTS `ponto_dispositivos`;
/*!40101 SET @saved_cs_client     = @@character_set_client */;
/*!40101 SET character_set_client = utf8mb4 */;
CREATE TABLE `ponto_dispositivos` (
  `id` int(11) NOT NULL AUTO_INCREMENT,
  `funcionario_id` int(11) NOT NULL,
  `device_uuid` varchar(80) NOT NULL,
  `device_nome` varchar(120) DEFAULT NULL,
  `plataforma` varchar(20) DEFAULT NULL,
  `token_hash` varchar(255) NOT NULL,
  `status` varchar(20) NOT NULL DEFAULT 'ATIVO',
  `ultimo_uso_em` datetime(3) DEFAULT NULL,
  `criado_em` datetime(3) NOT NULL DEFAULT current_timestamp(3),
  `atualizado_em` datetime(3) NOT NULL,
  `language` varchar(20) DEFAULT NULL,
  `pixel_ratio` double DEFAULT NULL,
  `screen` varchar(20) DEFAULT NULL,
  `standalone` tinyint(1) DEFAULT 0,
  `timezone` varchar(80) DEFAULT NULL,
  `user_agent` varchar(255) DEFAULT NULL,
  PRIMARY KEY (`id`),
  UNIQUE KEY `ponto_dispositivos_device_uuid_key` (`device_uuid`),
  UNIQUE KEY `ponto_dispositivos_token_hash_key` (`token_hash`),
  KEY `ponto_dispositivos_funcionario_id_idx` (`funcionario_id`),
  KEY `ponto_dispositivos_status_idx` (`status`),
  CONSTRAINT `ponto_dispositivos_funcionario_id_fkey` FOREIGN KEY (`funcionario_id`) REFERENCES `funcionarios` (`id`) ON DELETE CASCADE ON UPDATE CASCADE
) ENGINE=InnoDB AUTO_INCREMENT=9 DEFAULT CHARSET=utf8mb4 COLLATE=utf8mb4_unicode_ci;
/*!40101 SET character_set_client = @saved_cs_client */;

--
-- Dumping data for table `ponto_dispositivos`
--

LOCK TABLES `ponto_dispositivos` WRITE;
/*!40000 ALTER TABLE `ponto_dispositivos` DISABLE KEYS */;
INSERT INTO `ponto_dispositivos` VALUES (1,1,'7F61EC70-7022-44B5-9F49-1EBC16F0F418',NULL,'PWA','833f88d482ab465d35330e757f81d838d81738f113d5244d54e1355b797c7b67','ATIVO','2026-02-12 12:15:12.999','2026-02-03 14:08:03.643','2026-02-12 12:15:13.000',NULL,NULL,NULL,0,NULL,NULL),(2,1,'785505FD-38D0-43FE-9B06-F737F1ED6C54',NULL,'PWA','0c4925a261aaa2dd52404056ab0242880adb6d67076fb1e8582b81b0c351130b','ATIVO','2026-02-03 14:19:20.088','2026-02-03 14:19:19.886','2026-02-03 14:19:20.089',NULL,NULL,NULL,0,NULL,NULL),(4,1,'0BC57476-C07C-4277-90C9-5AF93DE56DE3',NULL,'PWA','55de4377094f4d54c1d31c74a8f2fe7bd5c411bba3781d8ffc0a7deb834b6a32','ATIVO','2026-03-09 13:35:04.523','2026-02-14 23:46:38.627','2026-03-09 13:35:04.524',NULL,NULL,NULL,0,NULL,NULL),(5,2,'199B6377-9B55-4ECD-9B51-866A812DF62C',NULL,'PWA','6d49541679f545bd865c652e5299077647c986be748072822639a4b37347010b','ATIVO','2026-03-09 15:59:59.154','2026-02-17 22:22:55.471','2026-03-09 15:59:59.155',NULL,NULL,NULL,0,NULL,NULL),(6,4,'43245557-FFE7-479C-A43B-FEF9D2477BC1',NULL,'PWA','d3d533d4f2463db8b589b34a48d23610078e042ceb1fdd0f38b479e574ab0bf7','ATIVO','2026-03-09 10:49:49.704','2026-02-18 11:12:52.893','2026-03-09 10:49:49.705',NULL,NULL,NULL,0,NULL,NULL),(7,3,'8E6CAEB0-3B67-40CA-BBA5-56BB38FAF892',NULL,'PWA','085de8c4e17f248772e23feebc77b066b8dc92d46c1fe13fb601e9f8a2ae0adb','ATIVO','2026-03-09 15:50:01.881','2026-02-18 11:14:37.316','2026-03-09 15:50:01.882',NULL,NULL,NULL,0,NULL,NULL),(8,5,'D3F87DF6-08F5-4BCE-90BE-2989B768746E',NULL,'PWA','1914f36a0e6586a8ec2d1cfe96d9996aae4e700a747d20623029a4fa3e8619de','ATIVO','2026-03-09 10:28:09.579','2026-02-18 11:14:59.958','2026-03-09 10:28:09.580',NULL,NULL,NULL,0,NULL,NULL);
/*!40000 ALTER TABLE `ponto_dispositivos` ENABLE KEYS */;
UNLOCK TABLES;

--
-- Table structure for table `ponto_feriados_config`
--

DROP TABLE IF EXISTS `ponto_feriados_config`;
/*!40101 SET @saved_cs_client     = @@character_set_client */;
/*!40101 SET character_set_client = utf8mb4 */;
CREATE TABLE `ponto_feriados_config` (
  `id` int(11) NOT NULL AUTO_INCREMENT,
  `data` date NOT NULL,
  `nome` varchar(191) DEFAULT NULL,
  `tipo` varchar(60) DEFAULT NULL,
  `trabalha` tinyint(1) NOT NULL DEFAULT 0,
  `criado_em` datetime(3) NOT NULL DEFAULT current_timestamp(3),
  `atualizado_em` datetime(3) NOT NULL,
  PRIMARY KEY (`id`),
  UNIQUE KEY `ponto_feriados_config_data_key` (`data`),
  KEY `ponto_feriados_config_trabalha_data_idx` (`trabalha`,`data`)
) ENGINE=InnoDB DEFAULT CHARSET=utf8mb4 COLLATE=utf8mb4_unicode_ci;
/*!40101 SET character_set_client = @saved_cs_client */;

--
-- Dumping data for table `ponto_feriados_config`
--

LOCK TABLES `ponto_feriados_config` WRITE;
/*!40000 ALTER TABLE `ponto_feriados_config` DISABLE KEYS */;
/*!40000 ALTER TABLE `ponto_feriados_config` ENABLE KEYS */;
UNLOCK TABLES;

--
-- Table structure for table `ponto_justificativas`
--

DROP TABLE IF EXISTS `ponto_justificativas`;
/*!40101 SET @saved_cs_client     = @@character_set_client */;
/*!40101 SET character_set_client = utf8mb4 */;
CREATE TABLE `ponto_justificativas` (
  `id` int(11) NOT NULL AUTO_INCREMENT,
  `funcionario_id` int(11) NOT NULL,
  `data` datetime(3) NOT NULL,
  `tipo` varchar(40) NOT NULL,
  `descricao` varchar(255) DEFAULT NULL,
  `criado_em` datetime(3) NOT NULL DEFAULT current_timestamp(3),
  `atualizado_em` datetime(3) NOT NULL,
  `arquivo_id` int(11) DEFAULT NULL,
  PRIMARY KEY (`id`),
  UNIQUE KEY `ponto_justificativas_funcionario_id_data_key` (`funcionario_id`,`data`),
  KEY `ponto_justificativas_funcionario_id_idx` (`funcionario_id`),
  KEY `ponto_justificativas_data_idx` (`data`),
  KEY `ponto_justificativas_tipo_idx` (`tipo`),
  KEY `ponto_justificativas_arquivo_id_fkey` (`arquivo_id`),
  CONSTRAINT `ponto_justificativas_arquivo_id_fkey` FOREIGN KEY (`arquivo_id`) REFERENCES `arquivos` (`id`) ON DELETE SET NULL ON UPDATE CASCADE,
  CONSTRAINT `ponto_justificativas_funcionario_id_fkey` FOREIGN KEY (`funcionario_id`) REFERENCES `funcionarios` (`id`) ON DELETE CASCADE ON UPDATE CASCADE
) ENGINE=InnoDB AUTO_INCREMENT=4 DEFAULT CHARSET=utf8mb4 COLLATE=utf8mb4_unicode_ci;
/*!40101 SET character_set_client = @saved_cs_client */;

--
-- Dumping data for table `ponto_justificativas`
--

LOCK TABLES `ponto_justificativas` WRITE;
/*!40000 ALTER TABLE `ponto_justificativas` DISABLE KEYS */;
INSERT INTO `ponto_justificativas` VALUES (1,5,'2026-01-20 00:00:00.000','feriado',NULL,'2026-02-04 01:32:18.886','2026-02-05 18:14:52.063',NULL),(2,5,'2026-02-17 00:00:00.000','',NULL,'2026-03-05 11:40:10.252','2026-03-05 11:40:10.252',NULL),(3,3,'2026-02-17 00:00:00.000','feriado ',NULL,'2026-03-05 13:57:15.702','2026-03-05 13:57:15.702',NULL);
/*!40000 ALTER TABLE `ponto_justificativas` ENABLE KEYS */;
UNLOCK TABLES;

--
-- Table structure for table `ponto_registros`
--

DROP TABLE IF EXISTS `ponto_registros`;
/*!40101 SET @saved_cs_client     = @@character_set_client */;
/*!40101 SET character_set_client = utf8mb4 */;
CREATE TABLE `ponto_registros` (
  `id` int(11) NOT NULL AUTO_INCREMENT,
  `funcionario_id` int(11) NOT NULL,
  `dispositivo_id` int(11) DEFAULT NULL,
  `tipo` enum('ENTRADA','SAIDA') NOT NULL,
  `origem` enum('PWA','WEB','ADMIN') NOT NULL DEFAULT 'PWA',
  `data_hora` datetime(3) NOT NULL DEFAULT current_timestamp(3),
  `latitude` decimal(10,7) DEFAULT NULL,
  `longitude` decimal(10,7) DEFAULT NULL,
  `precisao_metros` int(11) DEFAULT NULL,
  `ip` varchar(45) DEFAULT NULL,
  `user_agent` varchar(255) DEFAULT NULL,
  `status` varchar(20) NOT NULL DEFAULT 'ATIVO',
  `observacao` varchar(255) DEFAULT NULL,
  `criado_em` datetime(3) NOT NULL DEFAULT current_timestamp(3),
  `cep` varchar(10) DEFAULT NULL,
  `bairro` varchar(120) DEFAULT NULL,
  `cidade` varchar(120) DEFAULT NULL,
  `estado` varchar(2) DEFAULT NULL,
  `rua` varchar(150) DEFAULT NULL,
  PRIMARY KEY (`id`),
  KEY `ponto_registros_funcionario_id_data_hora_idx` (`funcionario_id`,`data_hora`),
  KEY `ponto_registros_data_hora_idx` (`data_hora`),
  KEY `ponto_registros_tipo_idx` (`tipo`),
  KEY `ponto_registros_dispositivo_id_idx` (`dispositivo_id`),
  CONSTRAINT `ponto_registros_dispositivo_id_fkey` FOREIGN KEY (`dispositivo_id`) REFERENCES `ponto_dispositivos` (`id`) ON DELETE SET NULL ON UPDATE CASCADE,
  CONSTRAINT `ponto_registros_funcionario_id_fkey` FOREIGN KEY (`funcionario_id`) REFERENCES `funcionarios` (`id`) ON DELETE CASCADE ON UPDATE CASCADE
) ENGINE=InnoDB AUTO_INCREMENT=2435 DEFAULT CHARSET=utf8mb4 COLLATE=utf8mb4_unicode_ci;
/*!40101 SET character_set_client = @saved_cs_client */;

--
-- Dumping data for table `ponto_registros`
--

LOCK TABLES `ponto_registros` WRITE;
/*!40000 ALTER TABLE `ponto_registros` DISABLE KEYS */;
INSERT INTO `ponto_registros` VALUES (3,5,NULL,'ENTRADA','PWA','2025-10-20 07:28:42.000',NULL,NULL,NULL,NULL,NULL,'ATIVO',NULL,'2026-02-03 16:28:06.000',NULL,NULL,NULL,NULL,NULL),(4,5,NULL,'SAIDA','PWA','2025-10-20 12:00:05.000',NULL,NULL,NULL,NULL,NULL,'ATIVO',NULL,'2026-02-03 16:28:06.000',NULL,NULL,NULL,NULL,NULL),(5,5,NULL,'ENTRADA','PWA','2025-10-20 13:30:00.000',NULL,NULL,NULL,NULL,NULL,'ATIVO',NULL,'2026-02-03 16:28:06.000',NULL,NULL,NULL,NULL,NULL),(6,5,NULL,'SAIDA','PWA','2025-10-20 17:40:20.000',NULL,NULL,NULL,NULL,NULL,'ATIVO',NULL,'2026-02-03 16:28:06.000',NULL,NULL,NULL,NULL,NULL),(7,5,NULL,'ENTRADA','PWA','2025-10-20 17:45:52.000',NULL,NULL,NULL,NULL,NULL,'ATIVO',NULL,'2026-02-03 16:28:06.000',NULL,NULL,NULL,NULL,NULL),(8,5,NULL,'SAIDA','PWA','2025-10-20 17:46:33.000',NULL,NULL,NULL,NULL,NULL,'ATIVO',NULL,'2026-02-03 16:28:06.000',NULL,NULL,NULL,NULL,NULL),(9,2,NULL,'ENTRADA','PWA','2025-10-20 07:25:00.000',NULL,NULL,NULL,NULL,NULL,'ATIVO',NULL,'2026-02-03 16:28:06.000',NULL,NULL,NULL,NULL,NULL),(10,2,NULL,'SAIDA','PWA','2025-10-20 12:02:36.000',NULL,NULL,NULL,NULL,NULL,'ATIVO',NULL,'2026-02-03 16:28:06.000',NULL,NULL,NULL,NULL,NULL),(11,2,NULL,'ENTRADA','PWA','2025-10-20 13:32:17.000',NULL,NULL,NULL,NULL,NULL,'ATIVO',NULL,'2026-02-03 16:28:06.000',NULL,NULL,NULL,NULL,NULL),(12,2,NULL,'SAIDA','PWA','2025-10-20 17:40:23.000',NULL,NULL,NULL,NULL,NULL,'ATIVO',NULL,'2026-02-03 16:28:06.000',NULL,NULL,NULL,NULL,NULL),(13,3,NULL,'ENTRADA','PWA','2025-10-20 07:27:42.000',NULL,NULL,NULL,NULL,NULL,'ATIVO',NULL,'2026-02-03 16:28:06.000',NULL,NULL,NULL,NULL,NULL),(14,3,NULL,'SAIDA','PWA','2025-10-20 16:15:25.000',NULL,NULL,NULL,NULL,NULL,'ATIVO',NULL,'2026-02-03 16:28:06.000',NULL,NULL,NULL,NULL,NULL),(15,4,NULL,'ENTRADA','PWA','2025-10-20 07:39:00.000',NULL,NULL,NULL,NULL,NULL,'ATIVO',NULL,'2026-02-03 16:28:06.000',NULL,NULL,NULL,NULL,NULL),(16,4,NULL,'SAIDA','PWA','2025-10-20 12:00:36.000',NULL,NULL,NULL,NULL,NULL,'ATIVO',NULL,'2026-02-03 16:28:06.000',NULL,NULL,NULL,NULL,NULL),(17,4,NULL,'ENTRADA','PWA','2025-10-20 13:27:15.000',NULL,NULL,NULL,NULL,NULL,'ATIVO',NULL,'2026-02-03 16:28:06.000',NULL,NULL,NULL,NULL,NULL),(18,4,NULL,'SAIDA','PWA','2025-10-20 17:38:45.000',NULL,NULL,NULL,NULL,NULL,'ATIVO',NULL,'2026-02-03 16:28:06.000',NULL,NULL,NULL,NULL,NULL),(19,1,NULL,'ENTRADA','PWA','2025-10-20 07:57:35.000',NULL,NULL,NULL,NULL,NULL,'ATIVO',NULL,'2026-02-03 16:28:06.000',NULL,NULL,NULL,NULL,NULL),(20,1,NULL,'SAIDA','PWA','2025-10-20 12:36:17.000',NULL,NULL,NULL,NULL,NULL,'ATIVO',NULL,'2026-02-03 16:28:06.000',NULL,NULL,NULL,NULL,NULL),(21,1,NULL,'ENTRADA','PWA','2025-10-20 13:16:53.000',NULL,NULL,NULL,NULL,NULL,'ATIVO',NULL,'2026-02-03 16:28:06.000',NULL,NULL,NULL,NULL,NULL),(22,1,NULL,'SAIDA','PWA','2025-10-20 17:38:59.000',NULL,NULL,NULL,NULL,NULL,'ATIVO',NULL,'2026-02-03 16:28:06.000',NULL,NULL,NULL,NULL,NULL),(23,5,NULL,'ENTRADA','PWA','2025-10-21 07:28:42.000',NULL,NULL,NULL,NULL,NULL,'ATIVO',NULL,'2026-02-03 16:28:06.000',NULL,NULL,NULL,NULL,NULL),(24,5,NULL,'SAIDA','PWA','2025-10-21 12:00:05.000',NULL,NULL,NULL,NULL,NULL,'ATIVO',NULL,'2026-02-03 16:28:06.000',NULL,NULL,NULL,NULL,NULL),(25,5,NULL,'ENTRADA','PWA','2025-10-21 13:30:00.000',NULL,NULL,NULL,NULL,NULL,'ATIVO',NULL,'2026-02-03 16:28:06.000',NULL,NULL,NULL,NULL,NULL),(26,5,NULL,'SAIDA','PWA','2025-10-21 17:38:38.000',NULL,NULL,NULL,NULL,NULL,'ATIVO',NULL,'2026-02-03 16:28:06.000',NULL,NULL,NULL,NULL,NULL),(27,3,NULL,'ENTRADA','PWA','2025-10-21 07:28:03.000',NULL,NULL,NULL,NULL,NULL,'ATIVO',NULL,'2026-02-03 16:28:06.000',NULL,NULL,NULL,NULL,NULL),(28,3,NULL,'SAIDA','PWA','2025-10-21 16:30:07.000',NULL,NULL,NULL,NULL,NULL,'ATIVO',NULL,'2026-02-03 16:28:06.000',NULL,NULL,NULL,NULL,NULL),(29,4,NULL,'ENTRADA','PWA','2025-10-21 07:28:25.000',NULL,NULL,NULL,NULL,NULL,'ATIVO',NULL,'2026-02-03 16:28:06.000',NULL,NULL,NULL,NULL,NULL),(30,4,NULL,'SAIDA','PWA','2025-10-21 16:09:03.000',NULL,NULL,NULL,NULL,NULL,'ATIVO',NULL,'2026-02-03 16:28:06.000',NULL,NULL,NULL,NULL,NULL),(31,2,NULL,'ENTRADA','PWA','2025-10-21 07:34:08.000',NULL,NULL,NULL,NULL,NULL,'ATIVO',NULL,'2026-02-03 16:28:06.000',NULL,NULL,NULL,NULL,NULL),(32,2,NULL,'SAIDA','PWA','2025-10-21 12:08:21.000',NULL,NULL,NULL,NULL,NULL,'ATIVO',NULL,'2026-02-03 16:28:06.000',NULL,NULL,NULL,NULL,NULL),(33,2,NULL,'ENTRADA','PWA','2025-10-21 12:40:13.000',NULL,NULL,NULL,NULL,NULL,'ATIVO',NULL,'2026-02-03 16:28:06.000',NULL,NULL,NULL,NULL,NULL),(34,2,NULL,'SAIDA','PWA','2025-10-21 17:30:00.000',NULL,NULL,NULL,NULL,NULL,'ATIVO',NULL,'2026-02-03 16:28:06.000',NULL,NULL,NULL,NULL,NULL),(35,1,NULL,'ENTRADA','PWA','2025-10-21 07:54:52.000',NULL,NULL,NULL,NULL,NULL,'ATIVO',NULL,'2026-02-03 16:28:06.000',NULL,NULL,NULL,NULL,NULL),(36,1,NULL,'SAIDA','PWA','2025-10-21 12:13:32.000',NULL,NULL,NULL,NULL,NULL,'ATIVO',NULL,'2026-02-03 16:28:06.000',NULL,NULL,NULL,NULL,NULL),(37,1,NULL,'ENTRADA','PWA','2025-10-21 12:47:24.000',NULL,NULL,NULL,NULL,NULL,'ATIVO',NULL,'2026-02-03 16:28:06.000',NULL,NULL,NULL,NULL,NULL),(38,1,NULL,'SAIDA','PWA','2025-10-21 17:34:44.000',NULL,NULL,NULL,NULL,NULL,'ATIVO',NULL,'2026-02-03 16:28:06.000',NULL,NULL,NULL,NULL,NULL),(39,4,NULL,'ENTRADA','PWA','2025-10-22 07:29:28.000',NULL,NULL,NULL,NULL,NULL,'ATIVO',NULL,'2026-02-03 16:28:06.000',NULL,NULL,NULL,NULL,NULL),(40,4,NULL,'SAIDA','PWA','2025-10-22 12:00:26.000',NULL,NULL,NULL,NULL,NULL,'ATIVO',NULL,'2026-02-03 16:28:06.000',NULL,NULL,NULL,NULL,NULL),(41,4,NULL,'ENTRADA','PWA','2025-10-22 13:27:01.000',NULL,NULL,NULL,NULL,NULL,'ATIVO',NULL,'2026-02-03 16:28:06.000',NULL,NULL,NULL,NULL,NULL),(42,3,NULL,'ENTRADA','PWA','2025-10-22 07:29:43.000',NULL,NULL,NULL,NULL,NULL,'ATIVO',NULL,'2026-02-03 16:28:06.000',NULL,NULL,NULL,NULL,NULL),(43,3,NULL,'SAIDA','PWA','2025-10-22 12:00:26.000',NULL,NULL,NULL,NULL,NULL,'ATIVO',NULL,'2026-02-03 16:28:06.000',NULL,NULL,NULL,NULL,NULL),(44,3,NULL,'ENTRADA','PWA','2025-10-22 13:28:45.000',NULL,NULL,NULL,NULL,NULL,'ATIVO',NULL,'2026-02-03 16:28:06.000',NULL,NULL,NULL,NULL,NULL),(45,3,NULL,'SAIDA','PWA','2025-10-22 17:30:51.000',NULL,NULL,NULL,NULL,NULL,'ATIVO',NULL,'2026-02-03 16:28:06.000',NULL,NULL,NULL,NULL,NULL),(46,2,NULL,'ENTRADA','PWA','2025-10-22 07:33:25.000',NULL,NULL,NULL,NULL,NULL,'ATIVO',NULL,'2026-02-03 16:28:06.000',NULL,NULL,NULL,NULL,NULL),(47,2,NULL,'SAIDA','PWA','2025-10-22 12:02:31.000',NULL,NULL,NULL,NULL,NULL,'ATIVO',NULL,'2026-02-03 16:28:06.000',NULL,NULL,NULL,NULL,NULL),(48,2,NULL,'ENTRADA','PWA','2025-10-22 13:27:53.000',NULL,NULL,NULL,NULL,NULL,'ATIVO',NULL,'2026-02-03 16:28:06.000',NULL,NULL,NULL,NULL,NULL),(49,2,NULL,'SAIDA','PWA','2025-10-22 18:33:31.000',NULL,NULL,NULL,NULL,NULL,'ATIVO',NULL,'2026-02-03 16:28:06.000',NULL,NULL,NULL,NULL,NULL),(50,1,NULL,'ENTRADA','PWA','2025-10-22 08:00:48.000',NULL,NULL,NULL,NULL,NULL,'ATIVO',NULL,'2026-02-03 16:28:06.000',NULL,NULL,NULL,NULL,NULL),(51,1,NULL,'SAIDA','PWA','2025-10-22 12:42:08.000',NULL,NULL,NULL,NULL,NULL,'ATIVO',NULL,'2026-02-03 16:28:06.000',NULL,NULL,NULL,NULL,NULL),(52,1,NULL,'ENTRADA','PWA','2025-10-22 13:34:10.000',NULL,NULL,NULL,NULL,NULL,'ATIVO',NULL,'2026-02-03 16:28:06.000',NULL,NULL,NULL,NULL,NULL),(53,1,NULL,'SAIDA','PWA','2025-10-22 17:39:08.000',NULL,NULL,NULL,NULL,NULL,'ATIVO',NULL,'2026-02-03 16:28:06.000',NULL,NULL,NULL,NULL,NULL),(54,5,NULL,'ENTRADA','PWA','2025-10-22 07:28:42.000',NULL,NULL,NULL,NULL,NULL,'ATIVO',NULL,'2026-02-03 16:28:06.000',NULL,NULL,NULL,NULL,NULL),(55,5,NULL,'SAIDA','PWA','2025-10-22 12:00:05.000',NULL,NULL,NULL,NULL,NULL,'ATIVO',NULL,'2026-02-03 16:28:06.000',NULL,NULL,NULL,NULL,NULL),(56,5,NULL,'ENTRADA','PWA','2025-10-22 13:30:00.000',NULL,NULL,NULL,NULL,NULL,'ATIVO',NULL,'2026-02-03 16:28:06.000',NULL,NULL,NULL,NULL,NULL),(57,5,NULL,'SAIDA','PWA','2025-10-22 17:39:00.000',NULL,NULL,NULL,NULL,NULL,'ATIVO',NULL,'2026-02-03 16:28:06.000',NULL,NULL,NULL,NULL,NULL),(58,5,NULL,'ENTRADA','PWA','2025-10-23 07:27:49.000',NULL,NULL,NULL,NULL,NULL,'ATIVO',NULL,'2026-02-03 16:28:06.000',NULL,NULL,NULL,NULL,NULL),(59,5,NULL,'SAIDA','PWA','2025-10-23 12:00:00.000',NULL,NULL,NULL,NULL,NULL,'ATIVO',NULL,'2026-02-03 16:28:06.000',NULL,NULL,NULL,NULL,NULL),(60,5,NULL,'ENTRADA','PWA','2025-10-23 13:19:33.000',NULL,NULL,NULL,NULL,NULL,'ATIVO',NULL,'2026-02-03 16:28:06.000',NULL,NULL,NULL,NULL,NULL),(61,5,NULL,'SAIDA','PWA','2025-10-23 17:39:08.000',NULL,NULL,NULL,NULL,NULL,'ATIVO',NULL,'2026-02-03 16:28:06.000',NULL,NULL,NULL,NULL,NULL),(62,3,NULL,'ENTRADA','PWA','2025-10-23 07:28:27.000',NULL,NULL,NULL,NULL,NULL,'ATIVO',NULL,'2026-02-03 16:28:06.000',NULL,NULL,NULL,NULL,NULL),(63,3,NULL,'SAIDA','PWA','2025-10-23 13:04:31.000',NULL,NULL,NULL,NULL,NULL,'ATIVO',NULL,'2026-02-03 16:28:06.000',NULL,NULL,NULL,NULL,NULL),(64,3,NULL,'ENTRADA','PWA','2025-10-23 14:37:50.000',NULL,NULL,NULL,NULL,NULL,'ATIVO',NULL,'2026-02-03 16:28:06.000',NULL,NULL,NULL,NULL,NULL),(65,3,NULL,'SAIDA','PWA','2025-10-23 17:31:14.000',NULL,NULL,NULL,NULL,NULL,'ATIVO',NULL,'2026-02-03 16:28:06.000',NULL,NULL,NULL,NULL,NULL),(66,2,NULL,'ENTRADA','PWA','2025-10-23 07:29:23.000',NULL,NULL,NULL,NULL,NULL,'ATIVO',NULL,'2026-02-03 16:28:06.000',NULL,NULL,NULL,NULL,NULL),(67,2,NULL,'SAIDA','PWA','2025-10-23 12:58:36.000',NULL,NULL,NULL,NULL,NULL,'ATIVO',NULL,'2026-02-03 16:28:06.000',NULL,NULL,NULL,NULL,NULL),(68,2,NULL,'ENTRADA','PWA','2025-10-23 13:19:08.000',NULL,NULL,NULL,NULL,NULL,'ATIVO',NULL,'2026-02-03 16:28:06.000',NULL,NULL,NULL,NULL,NULL),(69,2,NULL,'SAIDA','PWA','2025-10-23 17:33:35.000',NULL,NULL,NULL,NULL,NULL,'ATIVO',NULL,'2026-02-03 16:28:06.000',NULL,NULL,NULL,NULL,NULL),(70,4,NULL,'ENTRADA','PWA','2025-10-23 07:31:35.000',NULL,NULL,NULL,NULL,NULL,'ATIVO',NULL,'2026-02-03 16:28:06.000',NULL,NULL,NULL,NULL,NULL),(71,4,NULL,'SAIDA','PWA','2025-10-23 13:17:48.000',NULL,NULL,NULL,NULL,NULL,'ATIVO',NULL,'2026-02-03 16:28:06.000',NULL,NULL,NULL,NULL,NULL),(72,4,NULL,'ENTRADA','PWA','2025-10-23 14:39:02.000',NULL,NULL,NULL,NULL,NULL,'ATIVO',NULL,'2026-02-03 16:28:07.000',NULL,NULL,NULL,NULL,NULL),(73,4,NULL,'SAIDA','PWA','2025-10-23 17:38:16.000',NULL,NULL,NULL,NULL,NULL,'ATIVO',NULL,'2026-02-03 16:28:07.000',NULL,NULL,NULL,NULL,NULL),(74,1,NULL,'ENTRADA','PWA','2025-10-23 07:58:01.000',NULL,NULL,NULL,NULL,NULL,'ATIVO',NULL,'2026-02-03 16:28:07.000',NULL,NULL,NULL,NULL,NULL),(75,1,NULL,'SAIDA','PWA','2025-10-23 14:03:27.000',NULL,NULL,NULL,NULL,NULL,'ATIVO',NULL,'2026-02-03 16:28:07.000',NULL,NULL,NULL,NULL,NULL),(76,1,NULL,'ENTRADA','PWA','2025-10-23 14:46:12.000',NULL,NULL,NULL,NULL,NULL,'ATIVO',NULL,'2026-02-03 16:28:07.000',NULL,NULL,NULL,NULL,NULL),(77,1,NULL,'SAIDA','PWA','2025-10-23 17:38:24.000',NULL,NULL,NULL,NULL,NULL,'ATIVO',NULL,'2026-02-03 16:28:07.000',NULL,NULL,NULL,NULL,NULL),(78,4,NULL,'ENTRADA','PWA','2025-10-24 07:24:36.000',NULL,NULL,NULL,NULL,NULL,'ATIVO',NULL,'2026-02-03 16:28:07.000',NULL,NULL,NULL,NULL,NULL),(79,4,NULL,'SAIDA','PWA','2025-10-24 12:13:08.000',NULL,NULL,NULL,NULL,NULL,'ATIVO',NULL,'2026-02-03 16:28:07.000',NULL,NULL,NULL,NULL,NULL),(80,4,NULL,'ENTRADA','PWA','2025-10-24 12:57:39.000',NULL,NULL,NULL,NULL,NULL,'ATIVO',NULL,'2026-02-03 16:28:07.000',NULL,NULL,NULL,NULL,NULL),(81,4,NULL,'SAIDA','PWA','2025-10-24 18:16:26.000',NULL,NULL,NULL,NULL,NULL,'ATIVO',NULL,'2026-02-03 16:28:07.000',NULL,NULL,NULL,NULL,NULL),(82,3,NULL,'ENTRADA','PWA','2025-10-24 07:29:58.000',NULL,NULL,NULL,NULL,NULL,'ATIVO',NULL,'2026-02-03 16:28:07.000',NULL,NULL,NULL,NULL,NULL),(83,3,NULL,'SAIDA','PWA','2025-10-24 11:57:37.000',NULL,NULL,NULL,NULL,NULL,'ATIVO',NULL,'2026-02-03 16:28:07.000',NULL,NULL,NULL,NULL,NULL),(84,2,NULL,'ENTRADA','PWA','2025-10-24 07:31:03.000',NULL,NULL,NULL,NULL,NULL,'ATIVO',NULL,'2026-02-03 16:28:07.000',NULL,NULL,NULL,NULL,NULL),(85,2,NULL,'SAIDA','PWA','2025-10-24 18:03:28.000',NULL,NULL,NULL,NULL,NULL,'ATIVO',NULL,'2026-02-03 16:28:07.000',NULL,NULL,NULL,NULL,NULL),(86,5,NULL,'ENTRADA','PWA','2025-10-24 07:34:08.000',NULL,NULL,NULL,NULL,NULL,'ATIVO',NULL,'2026-02-03 16:28:07.000',NULL,NULL,NULL,NULL,NULL),(87,5,NULL,'SAIDA','PWA','2025-10-24 17:53:11.000',NULL,NULL,NULL,NULL,NULL,'ATIVO',NULL,'2026-02-03 16:28:07.000',NULL,NULL,NULL,NULL,NULL),(88,5,NULL,'ENTRADA','PWA','2025-10-24 17:53:26.000',NULL,NULL,NULL,NULL,NULL,'ATIVO',NULL,'2026-02-03 16:28:07.000',NULL,NULL,NULL,NULL,NULL),(89,1,NULL,'ENTRADA','PWA','2025-10-24 08:07:20.000',NULL,NULL,NULL,NULL,NULL,'ATIVO',NULL,'2026-02-03 16:28:07.000',NULL,NULL,NULL,NULL,NULL),(90,1,NULL,'SAIDA','PWA','2025-10-24 12:08:44.000',NULL,NULL,NULL,NULL,NULL,'ATIVO',NULL,'2026-02-03 16:28:07.000',NULL,NULL,NULL,NULL,NULL),(91,1,NULL,'ENTRADA','PWA','2025-10-24 13:11:11.000',NULL,NULL,NULL,NULL,NULL,'ATIVO',NULL,'2026-02-03 16:28:07.000',NULL,NULL,NULL,NULL,NULL),(92,1,NULL,'SAIDA','PWA','2025-10-24 17:58:32.000',NULL,NULL,NULL,NULL,NULL,'ATIVO',NULL,'2026-02-03 16:28:07.000',NULL,NULL,NULL,NULL,NULL),(93,4,NULL,'ENTRADA','PWA','2025-10-27 07:29:54.000',NULL,NULL,NULL,NULL,NULL,'ATIVO',NULL,'2026-02-03 16:28:07.000',NULL,NULL,NULL,NULL,NULL),(94,4,NULL,'SAIDA','PWA','2025-10-27 12:00:51.000',NULL,NULL,NULL,NULL,NULL,'ATIVO',NULL,'2026-02-03 16:28:07.000',NULL,NULL,NULL,NULL,NULL),(95,4,NULL,'ENTRADA','PWA','2025-10-27 13:25:23.000',NULL,NULL,NULL,NULL,NULL,'ATIVO',NULL,'2026-02-03 16:28:07.000',NULL,NULL,NULL,NULL,NULL),(96,4,NULL,'SAIDA','PWA','2025-10-27 07:34:02.000',NULL,NULL,NULL,NULL,NULL,'ATIVO',NULL,'2026-02-03 16:28:07.000',NULL,NULL,NULL,NULL,NULL),(97,3,NULL,'ENTRADA','PWA','2025-10-27 07:32:00.000',NULL,NULL,NULL,NULL,NULL,'ATIVO',NULL,'2026-02-03 16:28:07.000',NULL,NULL,NULL,NULL,NULL),(98,3,NULL,'SAIDA','PWA','2025-10-27 12:00:28.000',NULL,NULL,NULL,NULL,NULL,'ATIVO',NULL,'2026-02-03 16:28:07.000',NULL,NULL,NULL,NULL,NULL),(99,3,NULL,'ENTRADA','PWA','2025-10-27 13:30:42.000',NULL,NULL,NULL,NULL,NULL,'ATIVO',NULL,'2026-02-03 16:28:07.000',NULL,NULL,NULL,NULL,NULL),(100,3,NULL,'SAIDA','PWA','2025-10-27 17:36:32.000',NULL,NULL,NULL,NULL,NULL,'ATIVO',NULL,'2026-02-03 16:28:07.000',NULL,NULL,NULL,NULL,NULL),(101,2,NULL,'ENTRADA','PWA','2025-10-27 07:36:32.000',NULL,NULL,NULL,NULL,NULL,'ATIVO',NULL,'2026-02-03 16:28:07.000',NULL,NULL,NULL,NULL,NULL),(102,2,NULL,'SAIDA','PWA','2025-10-27 12:17:07.000',NULL,NULL,NULL,NULL,NULL,'ATIVO',NULL,'2026-02-03 16:28:07.000',NULL,NULL,NULL,NULL,NULL),(103,2,NULL,'ENTRADA','PWA','2025-10-27 12:40:38.000',NULL,NULL,NULL,NULL,NULL,'ATIVO',NULL,'2026-02-03 16:28:07.000',NULL,NULL,NULL,NULL,NULL),(104,2,NULL,'SAIDA','PWA','2025-10-27 18:11:50.000',NULL,NULL,NULL,NULL,NULL,'ATIVO',NULL,'2026-02-03 16:28:07.000',NULL,NULL,NULL,NULL,NULL),(105,2,NULL,'ENTRADA','PWA','2025-10-27 07:32:50.000',NULL,NULL,NULL,NULL,NULL,'ATIVO',NULL,'2026-02-03 16:28:07.000',NULL,NULL,NULL,NULL,NULL),(106,1,NULL,'ENTRADA','PWA','2025-10-27 07:56:57.000',NULL,NULL,NULL,NULL,NULL,'ATIVO',NULL,'2026-02-03 16:28:07.000',NULL,NULL,NULL,NULL,NULL),(107,1,NULL,'SAIDA','PWA','2025-10-27 13:07:10.000',NULL,NULL,NULL,NULL,NULL,'ATIVO',NULL,'2026-02-03 16:28:07.000',NULL,NULL,NULL,NULL,NULL),(108,1,NULL,'ENTRADA','PWA','2025-10-27 13:39:23.000',NULL,NULL,NULL,NULL,NULL,'ATIVO',NULL,'2026-02-03 16:28:07.000',NULL,NULL,NULL,NULL,NULL),(109,1,NULL,'SAIDA','PWA','2025-10-27 17:38:40.000',NULL,NULL,NULL,NULL,NULL,'ATIVO',NULL,'2026-02-03 16:28:07.000',NULL,NULL,NULL,NULL,NULL),(110,5,NULL,'ENTRADA','PWA','2025-10-27 07:30:00.000',NULL,NULL,NULL,NULL,NULL,'ATIVO',NULL,'2026-02-03 16:28:07.000',NULL,NULL,NULL,NULL,NULL),(111,5,NULL,'SAIDA','PWA','2025-10-27 12:09:31.000',NULL,NULL,NULL,NULL,NULL,'ATIVO',NULL,'2026-02-03 16:28:07.000',NULL,NULL,NULL,NULL,NULL),(112,5,NULL,'ENTRADA','PWA','2025-10-27 13:28:39.000',NULL,NULL,NULL,NULL,NULL,'ATIVO',NULL,'2026-02-03 16:28:07.000',NULL,NULL,NULL,NULL,NULL),(113,5,NULL,'SAIDA','PWA','2025-10-27 13:28:53.000',NULL,NULL,NULL,NULL,NULL,'ATIVO',NULL,'2026-02-03 16:28:07.000',NULL,NULL,NULL,NULL,NULL),(114,5,NULL,'ENTRADA','PWA','2025-10-27 17:48:28.000',NULL,NULL,NULL,NULL,NULL,'ATIVO',NULL,'2026-02-03 16:28:07.000',NULL,NULL,NULL,NULL,NULL),(115,5,NULL,'SAIDA','PWA','2025-10-27 17:48:46.000',NULL,NULL,NULL,NULL,NULL,'ATIVO',NULL,'2026-02-03 16:28:07.000',NULL,NULL,NULL,NULL,NULL),(116,2,NULL,'ENTRADA','PWA','2025-10-28 07:33:20.000',NULL,NULL,NULL,NULL,NULL,'ATIVO',NULL,'2026-02-03 16:28:07.000',NULL,NULL,NULL,NULL,NULL),(117,2,NULL,'SAIDA','PWA','2025-10-28 12:07:52.000',NULL,NULL,NULL,NULL,NULL,'ATIVO',NULL,'2026-02-03 16:28:07.000',NULL,NULL,NULL,NULL,NULL),(118,2,NULL,'ENTRADA','PWA','2025-10-28 12:32:35.000',NULL,NULL,NULL,NULL,NULL,'ATIVO',NULL,'2026-02-03 16:28:07.000',NULL,NULL,NULL,NULL,NULL),(119,2,NULL,'SAIDA','PWA','2025-10-28 18:00:23.000',NULL,NULL,NULL,NULL,NULL,'ATIVO',NULL,'2026-02-03 16:28:07.000',NULL,NULL,NULL,NULL,NULL),(120,3,NULL,'ENTRADA','PWA','2025-10-28 07:33:48.000',NULL,NULL,NULL,NULL,NULL,'ATIVO',NULL,'2026-02-03 16:28:07.000',NULL,NULL,NULL,NULL,NULL),(121,3,NULL,'SAIDA','PWA','2025-10-28 16:02:05.000',NULL,NULL,NULL,NULL,NULL,'ATIVO',NULL,'2026-02-03 16:28:07.000',NULL,NULL,NULL,NULL,NULL),(122,3,NULL,'ENTRADA','PWA','2025-10-28 17:40:30.000',NULL,NULL,NULL,NULL,NULL,'ATIVO',NULL,'2026-02-03 16:28:07.000',NULL,NULL,NULL,NULL,NULL),(123,3,NULL,'SAIDA','PWA','2025-10-28 17:40:33.000',NULL,NULL,NULL,NULL,NULL,'ATIVO',NULL,'2026-02-03 16:28:07.000',NULL,NULL,NULL,NULL,NULL),(124,4,NULL,'ENTRADA','PWA','2025-10-28 07:34:11.000',NULL,NULL,NULL,NULL,NULL,'ATIVO',NULL,'2026-02-03 16:28:07.000',NULL,NULL,NULL,NULL,NULL),(125,4,NULL,'SAIDA','PWA','2025-10-28 16:01:49.000',NULL,NULL,NULL,NULL,NULL,'ATIVO',NULL,'2026-02-03 16:28:07.000',NULL,NULL,NULL,NULL,NULL),(126,4,NULL,'ENTRADA','PWA','2025-10-28 17:01:49.000',NULL,NULL,NULL,NULL,NULL,'ATIVO',NULL,'2026-02-03 16:28:07.000',NULL,NULL,NULL,NULL,NULL),(127,1,NULL,'ENTRADA','PWA','2025-10-28 08:00:16.000',NULL,NULL,NULL,NULL,NULL,'ATIVO',NULL,'2026-02-03 16:28:07.000',NULL,NULL,NULL,NULL,NULL),(128,1,NULL,'SAIDA','PWA','2025-10-28 12:58:23.000',NULL,NULL,NULL,NULL,NULL,'ATIVO',NULL,'2026-02-03 16:28:07.000',NULL,NULL,NULL,NULL,NULL),(129,1,NULL,'ENTRADA','PWA','2025-10-28 14:00:04.000',NULL,NULL,NULL,NULL,NULL,'ATIVO',NULL,'2026-02-03 16:28:07.000',NULL,NULL,NULL,NULL,NULL),(130,1,NULL,'SAIDA','PWA','2025-10-28 17:41:32.000',NULL,NULL,NULL,NULL,NULL,'ATIVO',NULL,'2026-02-03 16:28:07.000',NULL,NULL,NULL,NULL,NULL),(131,3,NULL,'ENTRADA','PWA','2025-10-29 07:29:34.000',NULL,NULL,NULL,NULL,NULL,'ATIVO',NULL,'2026-02-03 16:28:07.000',NULL,NULL,NULL,NULL,NULL),(132,3,NULL,'SAIDA','PWA','2025-10-29 16:00:27.000',NULL,NULL,NULL,NULL,NULL,'ATIVO',NULL,'2026-02-03 16:28:07.000',NULL,NULL,NULL,NULL,NULL),(133,3,NULL,'ENTRADA','PWA','2025-10-29 16:23:50.000',NULL,NULL,NULL,NULL,NULL,'ATIVO',NULL,'2026-02-03 16:28:07.000',NULL,NULL,NULL,NULL,NULL),(134,3,NULL,'SAIDA','PWA','2025-10-29 16:23:54.000',NULL,NULL,NULL,NULL,NULL,'ATIVO',NULL,'2026-02-03 16:28:07.000',NULL,NULL,NULL,NULL,NULL),(135,4,NULL,'ENTRADA','PWA','2025-10-29 07:33:16.000',NULL,NULL,NULL,NULL,NULL,'ATIVO',NULL,'2026-02-03 16:28:07.000',NULL,NULL,NULL,NULL,NULL),(136,4,NULL,'SAIDA','PWA','2025-10-29 16:06:58.000',NULL,NULL,NULL,NULL,NULL,'ATIVO',NULL,'2026-02-03 16:28:07.000',NULL,NULL,NULL,NULL,NULL),(137,5,NULL,'ENTRADA','PWA','2025-10-29 07:33:57.000',NULL,NULL,NULL,NULL,NULL,'ATIVO',NULL,'2026-02-03 16:28:07.000',NULL,NULL,NULL,NULL,NULL),(138,5,NULL,'SAIDA','PWA','2025-10-29 12:00:35.000',NULL,NULL,NULL,NULL,NULL,'ATIVO',NULL,'2026-02-03 16:28:07.000',NULL,NULL,NULL,NULL,NULL),(139,5,NULL,'ENTRADA','PWA','2025-10-29 13:30:06.000',NULL,NULL,NULL,NULL,NULL,'ATIVO',NULL,'2026-02-03 16:28:07.000',NULL,NULL,NULL,NULL,NULL),(140,5,NULL,'SAIDA','PWA','2025-10-29 17:49:23.000',NULL,NULL,NULL,NULL,NULL,'ATIVO',NULL,'2026-02-03 16:28:07.000',NULL,NULL,NULL,NULL,NULL),(141,2,NULL,'ENTRADA','PWA','2025-10-29 07:40:28.000',NULL,NULL,NULL,NULL,NULL,'ATIVO',NULL,'2026-02-03 16:28:07.000',NULL,NULL,NULL,NULL,NULL),(142,2,NULL,'SAIDA','PWA','2025-10-29 12:00:49.000',NULL,NULL,NULL,NULL,NULL,'ATIVO',NULL,'2026-02-03 16:28:07.000',NULL,NULL,NULL,NULL,NULL),(143,2,NULL,'ENTRADA','PWA','2025-10-29 13:29:25.000',NULL,NULL,NULL,NULL,NULL,'ATIVO',NULL,'2026-02-03 16:28:07.000',NULL,NULL,NULL,NULL,NULL),(144,1,NULL,'ENTRADA','PWA','2025-10-29 07:57:31.000',NULL,NULL,NULL,NULL,NULL,'ATIVO',NULL,'2026-02-03 16:28:07.000',NULL,NULL,NULL,NULL,NULL),(145,1,NULL,'SAIDA','PWA','2025-10-29 11:59:13.000',NULL,NULL,NULL,NULL,NULL,'ATIVO',NULL,'2026-02-03 16:28:07.000',NULL,NULL,NULL,NULL,NULL),(146,1,NULL,'ENTRADA','PWA','2025-10-29 12:40:57.000',NULL,NULL,NULL,NULL,NULL,'ATIVO',NULL,'2026-02-03 16:28:07.000',NULL,NULL,NULL,NULL,NULL),(147,1,NULL,'SAIDA','PWA','2025-10-29 18:02:11.000',NULL,NULL,NULL,NULL,NULL,'ATIVO',NULL,'2026-02-03 16:28:07.000',NULL,NULL,NULL,NULL,NULL),(148,4,NULL,'ENTRADA','PWA','2025-10-30 07:29:20.000',NULL,NULL,NULL,NULL,NULL,'ATIVO',NULL,'2026-02-03 16:28:07.000',NULL,NULL,NULL,NULL,NULL),(149,4,NULL,'SAIDA','PWA','2025-10-30 16:10:05.000',NULL,NULL,NULL,NULL,NULL,'ATIVO',NULL,'2026-02-03 16:28:07.000',NULL,NULL,NULL,NULL,NULL),(150,4,NULL,'ENTRADA','PWA','2025-10-30 17:15:17.000',NULL,NULL,NULL,NULL,NULL,'ATIVO',NULL,'2026-02-03 16:28:07.000',NULL,NULL,NULL,NULL,NULL),(151,3,NULL,'ENTRADA','PWA','2025-10-30 07:30:40.000',NULL,NULL,NULL,NULL,NULL,'ATIVO',NULL,'2026-02-03 16:28:07.000',NULL,NULL,NULL,NULL,NULL),(152,3,NULL,'SAIDA','PWA','2025-10-30 15:45:19.000',NULL,NULL,NULL,NULL,NULL,'ATIVO',NULL,'2026-02-03 16:28:07.000',NULL,NULL,NULL,NULL,NULL),(153,3,NULL,'ENTRADA','PWA','2025-10-30 16:34:02.000',NULL,NULL,NULL,NULL,NULL,'ATIVO',NULL,'2026-02-03 16:28:07.000',NULL,NULL,NULL,NULL,NULL),(154,3,NULL,'SAIDA','PWA','2025-10-30 16:34:03.000',NULL,NULL,NULL,NULL,NULL,'ATIVO',NULL,'2026-02-03 16:28:07.000',NULL,NULL,NULL,NULL,NULL),(155,2,NULL,'ENTRADA','PWA','2025-10-30 07:31:20.000',NULL,NULL,NULL,NULL,NULL,'ATIVO',NULL,'2026-02-03 16:28:07.000',NULL,NULL,NULL,NULL,NULL),(156,2,NULL,'SAIDA','PWA','2025-10-30 12:10:33.000',NULL,NULL,NULL,NULL,NULL,'ATIVO',NULL,'2026-02-03 16:28:07.000',NULL,NULL,NULL,NULL,NULL),(157,2,NULL,'ENTRADA','PWA','2025-10-30 12:57:03.000',NULL,NULL,NULL,NULL,NULL,'ATIVO',NULL,'2026-02-03 16:28:07.000',NULL,NULL,NULL,NULL,NULL),(158,2,NULL,'SAIDA','PWA','2025-10-30 17:46:23.000',NULL,NULL,NULL,NULL,NULL,'ATIVO',NULL,'2026-02-03 16:28:07.000',NULL,NULL,NULL,NULL,NULL),(159,5,NULL,'ENTRADA','PWA','2025-10-30 07:53:39.000',NULL,NULL,NULL,NULL,NULL,'ATIVO',NULL,'2026-02-03 16:28:07.000',NULL,NULL,NULL,NULL,NULL),(160,5,NULL,'SAIDA','PWA','2025-10-30 12:04:22.000',NULL,NULL,NULL,NULL,NULL,'ATIVO',NULL,'2026-02-03 16:28:07.000',NULL,NULL,NULL,NULL,NULL),(161,5,NULL,'ENTRADA','PWA','2025-10-30 13:27:25.000',NULL,NULL,NULL,NULL,NULL,'ATIVO',NULL,'2026-02-03 16:28:07.000',NULL,NULL,NULL,NULL,NULL),(162,1,NULL,'ENTRADA','PWA','2025-10-30 08:06:57.000',NULL,NULL,NULL,NULL,NULL,'ATIVO',NULL,'2026-02-03 16:28:07.000',NULL,NULL,NULL,NULL,NULL),(163,1,NULL,'SAIDA','PWA','2025-10-30 12:09:41.000',NULL,NULL,NULL,NULL,NULL,'ATIVO',NULL,'2026-02-03 16:28:07.000',NULL,NULL,NULL,NULL,NULL),(164,1,NULL,'ENTRADA','PWA','2025-10-30 12:48:59.000',NULL,NULL,NULL,NULL,NULL,'ATIVO',NULL,'2026-02-03 16:28:07.000',NULL,NULL,NULL,NULL,NULL),(165,1,NULL,'SAIDA','PWA','2025-10-30 17:50:00.000',NULL,NULL,NULL,NULL,NULL,'ATIVO',NULL,'2026-02-03 16:28:07.000',NULL,NULL,NULL,NULL,NULL),(166,4,NULL,'ENTRADA','PWA','2025-10-31 07:21:23.000',NULL,NULL,NULL,NULL,NULL,'ATIVO',NULL,'2026-02-03 16:28:07.000',NULL,NULL,NULL,NULL,NULL),(167,4,NULL,'SAIDA','PWA','2025-10-31 11:58:18.000',NULL,NULL,NULL,NULL,NULL,'ATIVO',NULL,'2026-02-03 16:28:07.000',NULL,NULL,NULL,NULL,NULL),(168,4,NULL,'ENTRADA','PWA','2025-10-31 13:31:38.000',NULL,NULL,NULL,NULL,NULL,'ATIVO',NULL,'2026-02-03 16:28:07.000',NULL,NULL,NULL,NULL,NULL),(169,3,NULL,'ENTRADA','PWA','2025-10-31 07:24:59.000',NULL,NULL,NULL,NULL,NULL,'ATIVO',NULL,'2026-02-03 16:28:07.000',NULL,NULL,NULL,NULL,NULL),(170,3,NULL,'SAIDA','PWA','2025-10-31 11:44:20.000',NULL,NULL,NULL,NULL,NULL,'ATIVO',NULL,'2026-02-03 16:28:07.000',NULL,NULL,NULL,NULL,NULL),(171,3,NULL,'ENTRADA','PWA','2025-10-31 13:31:01.000',NULL,NULL,NULL,NULL,NULL,'ATIVO',NULL,'2026-02-03 16:28:07.000',NULL,NULL,NULL,NULL,NULL),(172,5,NULL,'ENTRADA','PWA','2025-10-31 07:25:59.000',NULL,NULL,NULL,NULL,NULL,'ATIVO',NULL,'2026-02-03 16:28:07.000',NULL,NULL,NULL,NULL,NULL),(173,5,NULL,'SAIDA','PWA','2025-10-31 12:03:35.000',NULL,NULL,NULL,NULL,NULL,'ATIVO',NULL,'2026-02-03 16:28:07.000',NULL,NULL,NULL,NULL,NULL),(174,2,NULL,'ENTRADA','PWA','2025-10-31 07:32:41.000',NULL,NULL,NULL,NULL,NULL,'ATIVO',NULL,'2026-02-03 16:28:07.000',NULL,NULL,NULL,NULL,NULL),(175,2,NULL,'SAIDA','PWA','2025-10-31 12:00:14.000',NULL,NULL,NULL,NULL,NULL,'ATIVO',NULL,'2026-02-03 16:28:07.000',NULL,NULL,NULL,NULL,NULL),(176,2,NULL,'ENTRADA','PWA','2025-10-31 13:30:17.000',NULL,NULL,NULL,NULL,NULL,'ATIVO',NULL,'2026-02-03 16:28:07.000',NULL,NULL,NULL,NULL,NULL),(177,2,NULL,'SAIDA','PWA','2025-10-31 17:58:09.000',NULL,NULL,NULL,NULL,NULL,'ATIVO',NULL,'2026-02-03 16:28:07.000',NULL,NULL,NULL,NULL,NULL),(178,1,NULL,'ENTRADA','PWA','2025-10-31 07:59:05.000',NULL,NULL,NULL,NULL,NULL,'ATIVO',NULL,'2026-02-03 16:28:07.000',NULL,NULL,NULL,NULL,NULL),(179,1,NULL,'SAIDA','PWA','2025-10-31 11:29:51.000',NULL,NULL,NULL,NULL,NULL,'ATIVO',NULL,'2026-02-03 16:28:07.000',NULL,NULL,NULL,NULL,NULL),(180,1,NULL,'ENTRADA','PWA','2025-10-31 13:13:47.000',NULL,NULL,NULL,NULL,NULL,'ATIVO',NULL,'2026-02-03 16:28:07.000',NULL,NULL,NULL,NULL,NULL),(181,1,NULL,'SAIDA','PWA','2025-10-31 17:35:15.000',NULL,NULL,NULL,NULL,NULL,'ATIVO',NULL,'2026-02-03 16:28:07.000',NULL,NULL,NULL,NULL,NULL),(182,3,NULL,'ENTRADA','PWA','2025-11-03 07:22:40.000',NULL,NULL,NULL,NULL,NULL,'ATIVO',NULL,'2026-02-03 16:28:07.000',NULL,NULL,NULL,NULL,NULL),(183,3,NULL,'SAIDA','PWA','2025-11-03 16:16:28.000',NULL,NULL,NULL,NULL,NULL,'ATIVO',NULL,'2026-02-03 16:28:07.000',NULL,NULL,NULL,NULL,NULL),(184,3,NULL,'ENTRADA','PWA','2025-11-03 16:32:42.000',NULL,NULL,NULL,NULL,NULL,'ATIVO',NULL,'2026-02-03 16:28:07.000',NULL,NULL,NULL,NULL,NULL),(185,3,NULL,'SAIDA','PWA','2025-11-03 16:32:43.000',NULL,NULL,NULL,NULL,NULL,'ATIVO',NULL,'2026-02-03 16:28:07.000',NULL,NULL,NULL,NULL,NULL),(186,4,NULL,'ENTRADA','PWA','2025-11-03 07:30:48.000',NULL,NULL,NULL,NULL,NULL,'ATIVO',NULL,'2026-02-03 16:28:07.000',NULL,NULL,NULL,NULL,NULL),(187,4,NULL,'SAIDA','PWA','2025-11-03 12:00:00.000',NULL,NULL,NULL,NULL,NULL,'ATIVO',NULL,'2026-02-03 16:28:07.000',NULL,NULL,NULL,NULL,NULL),(188,4,NULL,'ENTRADA','PWA','2025-11-03 13:30:00.000',NULL,NULL,NULL,NULL,NULL,'ATIVO',NULL,'2026-02-03 16:28:07.000',NULL,NULL,NULL,NULL,NULL),(189,4,NULL,'SAIDA','PWA','2025-11-03 17:19:01.000',NULL,NULL,NULL,NULL,NULL,'ATIVO',NULL,'2026-02-03 16:28:07.000',NULL,NULL,NULL,NULL,NULL),(190,2,NULL,'ENTRADA','PWA','2025-11-03 07:31:58.000',NULL,NULL,NULL,NULL,NULL,'ATIVO',NULL,'2026-02-03 16:28:07.000',NULL,NULL,NULL,NULL,NULL),(191,2,NULL,'SAIDA','PWA','2025-11-03 12:37:02.000',NULL,NULL,NULL,NULL,NULL,'ATIVO',NULL,'2026-02-03 16:28:07.000',NULL,NULL,NULL,NULL,NULL),(192,2,NULL,'ENTRADA','PWA','2025-11-03 13:58:24.000',NULL,NULL,NULL,NULL,NULL,'ATIVO',NULL,'2026-02-03 16:28:07.000',NULL,NULL,NULL,NULL,NULL),(193,2,NULL,'SAIDA','PWA','2025-11-03 07:32:32.000',NULL,NULL,NULL,NULL,NULL,'ATIVO',NULL,'2026-02-03 16:28:07.000',NULL,NULL,NULL,NULL,NULL),(194,5,NULL,'ENTRADA','PWA','2025-11-03 07:33:16.000',NULL,NULL,NULL,NULL,NULL,'ATIVO',NULL,'2026-02-03 16:28:07.000',NULL,NULL,NULL,NULL,NULL),(195,5,NULL,'SAIDA','PWA','2025-11-03 12:00:00.000',NULL,NULL,NULL,NULL,NULL,'ATIVO',NULL,'2026-02-03 16:28:07.000',NULL,NULL,NULL,NULL,NULL),(196,5,NULL,'ENTRADA','PWA','2025-11-03 13:30:00.000',NULL,NULL,NULL,NULL,NULL,'ATIVO',NULL,'2026-02-03 16:28:07.000',NULL,NULL,NULL,NULL,NULL),(197,5,NULL,'SAIDA','PWA','2025-11-03 17:18:40.000',NULL,NULL,NULL,NULL,NULL,'ATIVO',NULL,'2026-02-03 16:28:07.000',NULL,NULL,NULL,NULL,NULL),(198,1,NULL,'ENTRADA','PWA','2025-11-03 08:17:57.000',NULL,NULL,NULL,NULL,NULL,'ATIVO',NULL,'2026-02-03 16:28:07.000',NULL,NULL,NULL,NULL,NULL),(199,1,NULL,'SAIDA','PWA','2025-11-03 12:00:26.000',NULL,NULL,NULL,NULL,NULL,'ATIVO',NULL,'2026-02-03 16:28:07.000',NULL,NULL,NULL,NULL,NULL),(200,1,NULL,'ENTRADA','PWA','2025-11-03 12:54:28.000',NULL,NULL,NULL,NULL,NULL,'ATIVO',NULL,'2026-02-03 16:28:07.000',NULL,NULL,NULL,NULL,NULL),(201,1,NULL,'SAIDA','PWA','2025-11-03 17:30:00.000',NULL,NULL,NULL,NULL,NULL,'ATIVO',NULL,'2026-02-03 16:28:07.000',NULL,NULL,NULL,NULL,NULL),(202,4,NULL,'ENTRADA','PWA','2025-11-04 07:27:30.000',NULL,NULL,NULL,NULL,NULL,'ATIVO',NULL,'2026-02-03 16:28:07.000',NULL,NULL,NULL,NULL,NULL),(203,4,NULL,'SAIDA','PWA','2025-11-04 12:00:00.000',NULL,NULL,NULL,NULL,NULL,'ATIVO',NULL,'2026-02-03 16:28:07.000',NULL,NULL,NULL,NULL,NULL),(204,4,NULL,'ENTRADA','PWA','2025-11-04 13:30:00.000',NULL,NULL,NULL,NULL,NULL,'ATIVO',NULL,'2026-02-03 16:28:07.000',NULL,NULL,NULL,NULL,NULL),(205,4,NULL,'SAIDA','PWA','2025-11-04 17:30:00.000',NULL,NULL,NULL,NULL,NULL,'ATIVO',NULL,'2026-02-03 16:28:07.000',NULL,NULL,NULL,NULL,NULL),(206,3,NULL,'ENTRADA','PWA','2025-11-04 07:27:33.000',NULL,NULL,NULL,NULL,NULL,'ATIVO',NULL,'2026-02-03 16:28:07.000',NULL,NULL,NULL,NULL,NULL),(207,3,NULL,'SAIDA','PWA','2025-11-04 15:51:11.000',NULL,NULL,NULL,NULL,NULL,'ATIVO',NULL,'2026-02-03 16:28:07.000',NULL,NULL,NULL,NULL,NULL),(208,3,NULL,'ENTRADA','PWA','2025-11-04 16:21:38.000',NULL,NULL,NULL,NULL,NULL,'ATIVO',NULL,'2026-02-03 16:28:07.000',NULL,NULL,NULL,NULL,NULL),(209,3,NULL,'SAIDA','PWA','2025-11-04 16:33:43.000',NULL,NULL,NULL,NULL,NULL,'ATIVO',NULL,'2026-02-03 16:28:07.000',NULL,NULL,NULL,NULL,NULL),(210,2,NULL,'ENTRADA','PWA','2025-11-04 07:32:26.000',NULL,NULL,NULL,NULL,NULL,'ATIVO',NULL,'2026-02-03 16:28:07.000',NULL,NULL,NULL,NULL,NULL),(211,2,NULL,'SAIDA','PWA','2025-11-04 12:04:51.000',NULL,NULL,NULL,NULL,NULL,'ATIVO',NULL,'2026-02-03 16:28:07.000',NULL,NULL,NULL,NULL,NULL),(212,2,NULL,'ENTRADA','PWA','2025-11-04 13:28:52.000',NULL,NULL,NULL,NULL,NULL,'ATIVO',NULL,'2026-02-03 16:28:07.000',NULL,NULL,NULL,NULL,NULL),(213,2,NULL,'SAIDA','PWA','2025-11-04 17:30:00.000',NULL,NULL,NULL,NULL,NULL,'ATIVO',NULL,'2026-02-03 16:28:07.000',NULL,NULL,NULL,NULL,NULL),(214,1,NULL,'ENTRADA','PWA','2025-11-04 07:55:01.000',NULL,NULL,NULL,NULL,NULL,'ATIVO',NULL,'2026-02-03 16:28:07.000',NULL,NULL,NULL,NULL,NULL),(215,1,NULL,'SAIDA','PWA','2025-11-04 12:30:03.000',NULL,NULL,NULL,NULL,NULL,'ATIVO',NULL,'2026-02-03 16:28:07.000',NULL,NULL,NULL,NULL,NULL),(216,1,NULL,'ENTRADA','PWA','2025-11-04 13:20:08.000',NULL,NULL,NULL,NULL,NULL,'ATIVO',NULL,'2026-02-03 16:28:07.000',NULL,NULL,NULL,NULL,NULL),(217,1,NULL,'SAIDA','PWA','2025-11-04 17:33:36.000',NULL,NULL,NULL,NULL,NULL,'ATIVO',NULL,'2026-02-03 16:28:07.000',NULL,NULL,NULL,NULL,NULL),(218,5,NULL,'ENTRADA','PWA','2025-11-04 07:27:48.000',NULL,NULL,NULL,NULL,NULL,'ATIVO',NULL,'2026-02-03 16:28:07.000',NULL,NULL,NULL,NULL,NULL),(219,5,NULL,'SAIDA','PWA','2025-11-04 12:04:28.000',NULL,NULL,NULL,NULL,NULL,'ATIVO',NULL,'2026-02-03 16:28:07.000',NULL,NULL,NULL,NULL,NULL),(220,5,NULL,'ENTRADA','PWA','2025-11-04 13:26:33.000',NULL,NULL,NULL,NULL,NULL,'ATIVO',NULL,'2026-02-03 16:28:07.000',NULL,NULL,NULL,NULL,NULL),(221,5,NULL,'SAIDA','PWA','2025-11-04 17:33:12.000',NULL,NULL,NULL,NULL,NULL,'ATIVO',NULL,'2026-02-03 16:28:07.000',NULL,NULL,NULL,NULL,NULL),(222,5,NULL,'ENTRADA','PWA','2025-11-05 07:30:14.000',NULL,NULL,NULL,NULL,NULL,'ATIVO',NULL,'2026-02-03 16:28:07.000',NULL,NULL,NULL,NULL,NULL),(223,5,NULL,'SAIDA','PWA','2025-11-05 12:00:00.000',NULL,NULL,NULL,NULL,NULL,'ATIVO',NULL,'2026-02-03 16:28:07.000',NULL,NULL,NULL,NULL,NULL),(224,5,NULL,'ENTRADA','PWA','2025-11-05 13:30:00.000',NULL,NULL,NULL,NULL,NULL,'ATIVO',NULL,'2026-02-03 16:28:07.000',NULL,NULL,NULL,NULL,NULL),(225,5,NULL,'SAIDA','PWA','2025-11-05 17:53:44.000',NULL,NULL,NULL,NULL,NULL,'ATIVO',NULL,'2026-02-03 16:28:07.000',NULL,NULL,NULL,NULL,NULL),(226,3,NULL,'ENTRADA','PWA','2025-11-05 07:31:24.000',NULL,NULL,NULL,NULL,NULL,'ATIVO',NULL,'2026-02-03 16:28:07.000',NULL,NULL,NULL,NULL,NULL),(227,3,NULL,'SAIDA','PWA','2025-11-05 12:00:00.000',NULL,NULL,NULL,NULL,NULL,'ATIVO',NULL,'2026-02-03 16:28:07.000',NULL,NULL,NULL,NULL,NULL),(228,3,NULL,'ENTRADA','PWA','2025-11-05 13:30:00.000',NULL,NULL,NULL,NULL,NULL,'ATIVO',NULL,'2026-02-03 16:28:07.000',NULL,NULL,NULL,NULL,NULL),(229,3,NULL,'SAIDA','PWA','2025-11-05 17:39:49.000',NULL,NULL,NULL,NULL,NULL,'ATIVO',NULL,'2026-02-03 16:28:07.000',NULL,NULL,NULL,NULL,NULL),(230,4,NULL,'ENTRADA','PWA','2025-11-05 07:33:02.000',NULL,NULL,NULL,NULL,NULL,'ATIVO',NULL,'2026-02-03 16:28:07.000',NULL,NULL,NULL,NULL,NULL),(231,4,NULL,'SAIDA','PWA','2025-11-05 12:00:00.000',NULL,NULL,NULL,NULL,NULL,'ATIVO',NULL,'2026-02-03 16:28:07.000',NULL,NULL,NULL,NULL,NULL),(232,4,NULL,'ENTRADA','PWA','2025-11-05 13:30:00.000',NULL,NULL,NULL,NULL,NULL,'ATIVO',NULL,'2026-02-03 16:28:07.000',NULL,NULL,NULL,NULL,NULL),(233,4,NULL,'SAIDA','PWA','2025-11-05 17:53:02.000',NULL,NULL,NULL,NULL,NULL,'ATIVO',NULL,'2026-02-03 16:28:07.000',NULL,NULL,NULL,NULL,NULL),(234,2,NULL,'ENTRADA','PWA','2025-11-05 07:33:37.000',NULL,NULL,NULL,NULL,NULL,'ATIVO',NULL,'2026-02-03 16:28:07.000',NULL,NULL,NULL,NULL,NULL),(235,2,NULL,'SAIDA','PWA','2025-11-05 12:37:33.000',NULL,NULL,NULL,NULL,NULL,'ATIVO',NULL,'2026-02-03 16:28:07.000',NULL,NULL,NULL,NULL,NULL),(236,2,NULL,'ENTRADA','PWA','2025-11-05 13:30:00.000',NULL,NULL,NULL,NULL,NULL,'ATIVO',NULL,'2026-02-03 16:28:07.000',NULL,NULL,NULL,NULL,NULL),(237,2,NULL,'SAIDA','PWA','2025-11-05 17:30:00.000',NULL,NULL,NULL,NULL,NULL,'ATIVO',NULL,'2026-02-03 16:28:07.000',NULL,NULL,NULL,NULL,NULL),(238,1,NULL,'ENTRADA','PWA','2025-11-05 08:02:45.000',NULL,NULL,NULL,NULL,NULL,'ATIVO',NULL,'2026-02-03 16:28:07.000',NULL,NULL,NULL,NULL,NULL),(239,1,NULL,'SAIDA','PWA','2025-11-05 13:07:50.000',NULL,NULL,NULL,NULL,NULL,'ATIVO',NULL,'2026-02-03 16:28:07.000',NULL,NULL,NULL,NULL,NULL),(240,1,NULL,'ENTRADA','PWA','2025-11-05 14:05:29.000',NULL,NULL,NULL,NULL,NULL,'ATIVO',NULL,'2026-02-03 16:28:07.000',NULL,NULL,NULL,NULL,NULL),(241,1,NULL,'SAIDA','PWA','2025-11-05 17:32:14.000',NULL,NULL,NULL,NULL,NULL,'ATIVO',NULL,'2026-02-03 16:28:07.000',NULL,NULL,NULL,NULL,NULL),(242,4,NULL,'ENTRADA','PWA','2025-11-06 07:26:38.000',NULL,NULL,NULL,NULL,NULL,'ATIVO',NULL,'2026-02-03 16:28:07.000',NULL,NULL,NULL,NULL,NULL),(243,4,NULL,'SAIDA','PWA','2025-11-06 15:04:31.000',NULL,NULL,NULL,NULL,NULL,'ATIVO',NULL,'2026-02-03 16:28:07.000',NULL,NULL,NULL,NULL,NULL),(244,4,NULL,'ENTRADA','PWA','2025-11-06 15:54:30.000',NULL,NULL,NULL,NULL,NULL,'ATIVO',NULL,'2026-02-03 16:28:07.000',NULL,NULL,NULL,NULL,NULL),(245,4,NULL,'SAIDA','PWA','2025-11-06 17:30:00.000',NULL,NULL,NULL,NULL,NULL,'ATIVO',NULL,'2026-02-03 16:28:07.000',NULL,NULL,NULL,NULL,NULL),(246,2,NULL,'ENTRADA','PWA','2025-11-06 07:26:57.000',NULL,NULL,NULL,NULL,NULL,'ATIVO',NULL,'2026-02-03 16:28:07.000',NULL,NULL,NULL,NULL,NULL),(247,2,NULL,'SAIDA','PWA','2025-11-06 12:00:00.000',NULL,NULL,NULL,NULL,NULL,'ATIVO',NULL,'2026-02-03 16:28:07.000',NULL,NULL,NULL,NULL,NULL),(248,2,NULL,'ENTRADA','PWA','2025-11-06 13:30:00.000',NULL,NULL,NULL,NULL,NULL,'ATIVO',NULL,'2026-02-03 16:28:07.000',NULL,NULL,NULL,NULL,NULL),(249,2,NULL,'SAIDA','PWA','2025-11-06 17:30:00.000',NULL,NULL,NULL,NULL,NULL,'ATIVO',NULL,'2026-02-03 16:28:07.000',NULL,NULL,NULL,NULL,NULL),(250,5,NULL,'ENTRADA','PWA','2025-11-06 07:27:20.000',NULL,NULL,NULL,NULL,NULL,'ATIVO',NULL,'2026-02-03 16:28:07.000',NULL,NULL,NULL,NULL,NULL),(251,5,NULL,'SAIDA','PWA','2025-11-06 12:00:00.000',NULL,NULL,NULL,NULL,NULL,'ATIVO',NULL,'2026-02-03 16:28:07.000',NULL,NULL,NULL,NULL,NULL),(252,5,NULL,'ENTRADA','PWA','2025-11-06 13:30:00.000',NULL,NULL,NULL,NULL,NULL,'ATIVO',NULL,'2026-02-03 16:28:07.000',NULL,NULL,NULL,NULL,NULL),(253,5,NULL,'SAIDA','PWA','2025-11-06 17:36:00.000',NULL,NULL,NULL,NULL,NULL,'ATIVO',NULL,'2026-02-03 16:28:07.000',NULL,NULL,NULL,NULL,NULL),(254,1,NULL,'ENTRADA','PWA','2025-11-06 08:05:09.000',NULL,NULL,NULL,NULL,NULL,'ATIVO',NULL,'2026-02-03 16:28:07.000',NULL,NULL,NULL,NULL,NULL),(255,1,NULL,'SAIDA','PWA','2025-11-06 12:33:14.000',NULL,NULL,NULL,NULL,NULL,'ATIVO',NULL,'2026-02-03 16:28:07.000',NULL,NULL,NULL,NULL,NULL),(256,1,NULL,'ENTRADA','PWA','2025-11-06 13:52:27.000',NULL,NULL,NULL,NULL,NULL,'ATIVO',NULL,'2026-02-03 16:28:07.000',NULL,NULL,NULL,NULL,NULL),(257,1,NULL,'SAIDA','PWA','2025-11-06 17:45:30.000',NULL,NULL,NULL,NULL,NULL,'ATIVO',NULL,'2026-02-03 16:28:07.000',NULL,NULL,NULL,NULL,NULL),(258,4,NULL,'ENTRADA','PWA','2025-11-07 07:26:45.000',NULL,NULL,NULL,NULL,NULL,'ATIVO',NULL,'2026-02-03 16:28:07.000',NULL,NULL,NULL,NULL,NULL),(259,4,NULL,'SAIDA','PWA','2025-11-07 12:00:00.000',NULL,NULL,NULL,NULL,NULL,'ATIVO',NULL,'2026-02-03 16:28:07.000',NULL,NULL,NULL,NULL,NULL),(260,4,NULL,'ENTRADA','PWA','2025-11-07 13:28:40.000',NULL,NULL,NULL,NULL,NULL,'ATIVO',NULL,'2026-02-03 16:28:07.000',NULL,NULL,NULL,NULL,NULL),(261,4,NULL,'SAIDA','PWA','2025-11-07 17:30:00.000',NULL,NULL,NULL,NULL,NULL,'ATIVO',NULL,'2026-02-03 16:28:07.000',NULL,NULL,NULL,NULL,NULL),(262,1,NULL,'ENTRADA','PWA','2025-11-07 08:04:49.000',NULL,NULL,NULL,NULL,NULL,'ATIVO',NULL,'2026-02-03 16:28:07.000',NULL,NULL,NULL,NULL,NULL),(263,1,NULL,'SAIDA','PWA','2025-11-07 13:29:23.000',NULL,NULL,NULL,NULL,NULL,'ATIVO',NULL,'2026-02-03 16:28:07.000',NULL,NULL,NULL,NULL,NULL),(264,1,NULL,'ENTRADA','PWA','2025-11-07 14:24:33.000',NULL,NULL,NULL,NULL,NULL,'ATIVO',NULL,'2026-02-03 16:28:07.000',NULL,NULL,NULL,NULL,NULL),(265,1,NULL,'SAIDA','PWA','2025-11-07 17:30:00.000',NULL,NULL,NULL,NULL,NULL,'ATIVO',NULL,'2026-02-03 16:28:07.000',NULL,NULL,NULL,NULL,NULL),(266,5,NULL,'ENTRADA','PWA','2025-11-07 07:32:52.000',NULL,NULL,NULL,NULL,NULL,'ATIVO',NULL,'2026-02-03 16:28:07.000',NULL,NULL,NULL,NULL,NULL),(267,5,NULL,'SAIDA','PWA','2025-11-07 12:00:00.000',NULL,NULL,NULL,NULL,NULL,'ATIVO',NULL,'2026-02-03 16:28:07.000',NULL,NULL,NULL,NULL,NULL),(268,5,NULL,'ENTRADA','PWA','2025-11-07 13:30:00.000',NULL,NULL,NULL,NULL,NULL,'ATIVO',NULL,'2026-02-03 16:28:07.000',NULL,NULL,NULL,NULL,NULL),(269,5,NULL,'SAIDA','PWA','2025-11-07 17:29:00.000',NULL,NULL,NULL,NULL,NULL,'ATIVO',NULL,'2026-02-03 16:28:07.000',NULL,NULL,NULL,NULL,NULL),(270,5,NULL,'ENTRADA','PWA','2025-11-10 07:27:37.000',NULL,NULL,NULL,NULL,NULL,'ATIVO',NULL,'2026-02-03 16:28:07.000',NULL,NULL,NULL,NULL,NULL),(271,5,NULL,'SAIDA','PWA','2025-11-10 12:00:00.000',NULL,NULL,NULL,NULL,NULL,'ATIVO',NULL,'2026-02-03 16:28:07.000',NULL,NULL,NULL,NULL,NULL),(272,5,NULL,'ENTRADA','PWA','2025-11-10 13:30:00.000',NULL,NULL,NULL,NULL,NULL,'ATIVO',NULL,'2026-02-03 16:28:07.000',NULL,NULL,NULL,NULL,NULL),(273,5,NULL,'SAIDA','PWA','2025-11-10 17:30:00.000',NULL,NULL,NULL,NULL,NULL,'ATIVO',NULL,'2026-02-03 16:28:07.000',NULL,NULL,NULL,NULL,NULL),(274,2,NULL,'ENTRADA','PWA','2025-11-10 07:29:25.000',NULL,NULL,NULL,NULL,NULL,'ATIVO',NULL,'2026-02-03 16:28:07.000',NULL,NULL,NULL,NULL,NULL),(275,2,NULL,'SAIDA','PWA','2025-11-10 12:35:14.000',NULL,NULL,NULL,NULL,NULL,'ATIVO',NULL,'2026-02-03 16:28:07.000',NULL,NULL,NULL,NULL,NULL),(276,2,NULL,'ENTRADA','PWA','2025-11-10 12:47:50.000',NULL,NULL,NULL,NULL,NULL,'ATIVO',NULL,'2026-02-03 16:28:07.000',NULL,NULL,NULL,NULL,NULL),(277,2,NULL,'SAIDA','PWA','2025-11-10 17:59:03.000',NULL,NULL,NULL,NULL,NULL,'ATIVO',NULL,'2026-02-03 16:28:07.000',NULL,NULL,NULL,NULL,NULL),(278,1,NULL,'ENTRADA','PWA','2025-11-10 08:04:36.000',NULL,NULL,NULL,NULL,NULL,'ATIVO',NULL,'2026-02-03 16:28:07.000',NULL,NULL,NULL,NULL,NULL),(279,1,NULL,'SAIDA','PWA','2025-11-10 13:50:11.000',NULL,NULL,NULL,NULL,NULL,'ATIVO',NULL,'2026-02-03 16:28:07.000',NULL,NULL,NULL,NULL,NULL),(280,1,NULL,'ENTRADA','PWA','2025-11-10 14:59:20.000',NULL,NULL,NULL,NULL,NULL,'ATIVO',NULL,'2026-02-03 16:28:07.000',NULL,NULL,NULL,NULL,NULL),(281,1,NULL,'SAIDA','PWA','2025-11-10 18:34:34.000',NULL,NULL,NULL,NULL,NULL,'ATIVO',NULL,'2026-02-03 16:28:07.000',NULL,NULL,NULL,NULL,NULL),(282,4,NULL,'ENTRADA','PWA','2025-11-11 07:21:39.000',NULL,NULL,NULL,NULL,NULL,'ATIVO',NULL,'2026-02-03 16:28:07.000',NULL,NULL,NULL,NULL,NULL),(283,4,NULL,'SAIDA','PWA','2025-11-11 11:59:54.000',NULL,NULL,NULL,NULL,NULL,'ATIVO',NULL,'2026-02-03 16:28:07.000',NULL,NULL,NULL,NULL,NULL),(284,4,NULL,'ENTRADA','PWA','2025-11-11 13:29:45.000',NULL,NULL,NULL,NULL,NULL,'ATIVO',NULL,'2026-02-03 16:28:07.000',NULL,NULL,NULL,NULL,NULL),(285,4,NULL,'SAIDA','PWA','2025-11-11 17:30:00.000',NULL,NULL,NULL,NULL,NULL,'ATIVO',NULL,'2026-02-03 16:28:07.000',NULL,NULL,NULL,NULL,NULL),(286,2,NULL,'ENTRADA','PWA','2025-11-11 07:33:20.000',NULL,NULL,NULL,NULL,NULL,'ATIVO',NULL,'2026-02-03 16:28:07.000',NULL,NULL,NULL,NULL,NULL),(287,2,NULL,'SAIDA','PWA','2025-11-11 12:02:43.000',NULL,NULL,NULL,NULL,NULL,'ATIVO',NULL,'2026-02-03 16:28:07.000',NULL,NULL,NULL,NULL,NULL),(288,2,NULL,'ENTRADA','PWA','2025-11-11 13:09:32.000',NULL,NULL,NULL,NULL,NULL,'ATIVO',NULL,'2026-02-03 16:28:07.000',NULL,NULL,NULL,NULL,NULL),(289,2,NULL,'SAIDA','PWA','2025-11-11 17:49:59.000',NULL,NULL,NULL,NULL,NULL,'ATIVO',NULL,'2026-02-03 16:28:07.000',NULL,NULL,NULL,NULL,NULL),(290,1,NULL,'ENTRADA','PWA','2025-11-11 08:13:18.000',NULL,NULL,NULL,NULL,NULL,'ATIVO',NULL,'2026-02-03 16:28:07.000',NULL,NULL,NULL,NULL,NULL),(291,1,NULL,'SAIDA','PWA','2025-11-11 12:09:00.000',NULL,NULL,NULL,NULL,NULL,'ATIVO',NULL,'2026-02-03 16:28:07.000',NULL,NULL,NULL,NULL,NULL),(292,1,NULL,'ENTRADA','PWA','2025-11-11 13:21:52.000',NULL,NULL,NULL,NULL,NULL,'ATIVO',NULL,'2026-02-03 16:28:07.000',NULL,NULL,NULL,NULL,NULL),(293,1,NULL,'SAIDA','PWA','2025-11-11 17:30:00.000',NULL,NULL,NULL,NULL,NULL,'ATIVO',NULL,'2026-02-03 16:28:07.000',NULL,NULL,NULL,NULL,NULL),(294,5,NULL,'ENTRADA','PWA','2025-11-11 07:29:10.000',NULL,NULL,NULL,NULL,NULL,'ATIVO',NULL,'2026-02-03 16:28:07.000',NULL,NULL,NULL,NULL,NULL),(295,5,NULL,'SAIDA','PWA','2025-11-11 12:01:17.000',NULL,NULL,NULL,NULL,NULL,'ATIVO',NULL,'2026-02-03 16:28:07.000',NULL,NULL,NULL,NULL,NULL),(296,5,NULL,'ENTRADA','PWA','2025-11-11 13:27:00.000',NULL,NULL,NULL,NULL,NULL,'ATIVO',NULL,'2026-02-03 16:28:07.000',NULL,NULL,NULL,NULL,NULL),(297,5,NULL,'SAIDA','PWA','2025-11-11 17:35:52.000',NULL,NULL,NULL,NULL,NULL,'ATIVO',NULL,'2026-02-03 16:28:07.000',NULL,NULL,NULL,NULL,NULL),(298,2,NULL,'ENTRADA','PWA','2025-11-12 07:35:05.000',NULL,NULL,NULL,NULL,NULL,'ATIVO',NULL,'2026-02-03 16:28:07.000',NULL,NULL,NULL,NULL,NULL),(299,2,NULL,'SAIDA','PWA','2025-11-12 13:15:46.000',NULL,NULL,NULL,NULL,NULL,'ATIVO',NULL,'2026-02-03 16:28:07.000',NULL,NULL,NULL,NULL,NULL),(300,2,NULL,'ENTRADA','PWA','2025-11-12 17:48:14.000',NULL,NULL,NULL,NULL,NULL,'ATIVO',NULL,'2026-02-03 16:28:07.000',NULL,NULL,NULL,NULL,NULL),(301,4,NULL,'ENTRADA','PWA','2025-11-12 07:36:12.000',NULL,NULL,NULL,NULL,NULL,'ATIVO',NULL,'2026-02-03 16:28:07.000',NULL,NULL,NULL,NULL,NULL),(302,4,NULL,'SAIDA','PWA','2025-11-12 18:13:42.000',NULL,NULL,NULL,NULL,NULL,'ATIVO',NULL,'2026-02-03 16:28:07.000',NULL,NULL,NULL,NULL,NULL),(303,4,NULL,'ENTRADA','PWA','2025-11-12 18:13:42.000',NULL,NULL,NULL,NULL,NULL,'ATIVO',NULL,'2026-02-03 16:28:07.000',NULL,NULL,NULL,NULL,NULL),(304,4,NULL,'SAIDA','PWA','2025-11-12 18:13:43.000',NULL,NULL,NULL,NULL,NULL,'ATIVO',NULL,'2026-02-03 16:28:07.000',NULL,NULL,NULL,NULL,NULL),(305,1,NULL,'ENTRADA','PWA','2025-11-12 08:10:56.000',NULL,NULL,NULL,NULL,NULL,'ATIVO',NULL,'2026-02-03 16:28:07.000',NULL,NULL,NULL,NULL,NULL),(306,1,NULL,'SAIDA','PWA','2025-11-12 12:14:56.000',NULL,NULL,NULL,NULL,NULL,'ATIVO',NULL,'2026-02-03 16:28:07.000',NULL,NULL,NULL,NULL,NULL),(307,1,NULL,'ENTRADA','PWA','2025-11-12 13:04:44.000',NULL,NULL,NULL,NULL,NULL,'ATIVO',NULL,'2026-02-03 16:28:07.000',NULL,NULL,NULL,NULL,NULL),(308,1,NULL,'SAIDA','PWA','2025-11-12 18:15:22.000',NULL,NULL,NULL,NULL,NULL,'ATIVO',NULL,'2026-02-03 16:28:07.000',NULL,NULL,NULL,NULL,NULL),(309,5,NULL,'ENTRADA','PWA','2025-11-12 07:33:15.000',NULL,NULL,NULL,NULL,NULL,'ATIVO',NULL,'2026-02-03 16:28:07.000',NULL,NULL,NULL,NULL,NULL),(310,5,NULL,'SAIDA','PWA','2025-11-12 12:10:18.000',NULL,NULL,NULL,NULL,NULL,'ATIVO',NULL,'2026-02-03 16:28:07.000',NULL,NULL,NULL,NULL,NULL),(311,5,NULL,'ENTRADA','PWA','2025-11-12 12:10:21.000',NULL,NULL,NULL,NULL,NULL,'ATIVO',NULL,'2026-02-03 16:28:07.000',NULL,NULL,NULL,NULL,NULL),(312,5,NULL,'SAIDA','PWA','2025-11-12 13:26:49.000',NULL,NULL,NULL,NULL,NULL,'ATIVO',NULL,'2026-02-03 16:28:07.000',NULL,NULL,NULL,NULL,NULL),(313,2,NULL,'ENTRADA','PWA','2025-11-13 07:30:11.000',NULL,NULL,NULL,NULL,NULL,'ATIVO',NULL,'2026-02-03 16:28:07.000',NULL,NULL,NULL,NULL,NULL),(314,2,NULL,'SAIDA','PWA','2025-11-13 13:04:25.000',NULL,NULL,NULL,NULL,NULL,'ATIVO',NULL,'2026-02-03 16:28:07.000',NULL,NULL,NULL,NULL,NULL),(315,2,NULL,'ENTRADA','PWA','2025-11-13 13:34:58.000',NULL,NULL,NULL,NULL,NULL,'ATIVO',NULL,'2026-02-03 16:28:07.000',NULL,NULL,NULL,NULL,NULL),(316,2,NULL,'SAIDA','PWA','2025-11-13 17:48:30.000',NULL,NULL,NULL,NULL,NULL,'ATIVO',NULL,'2026-02-03 16:28:07.000',NULL,NULL,NULL,NULL,NULL),(317,4,NULL,'ENTRADA','PWA','2025-11-13 07:38:18.000',NULL,NULL,NULL,NULL,NULL,'ATIVO',NULL,'2026-02-03 16:28:07.000',NULL,NULL,NULL,NULL,NULL),(318,4,NULL,'SAIDA','PWA','2025-11-13 15:46:14.000',NULL,NULL,NULL,NULL,NULL,'ATIVO',NULL,'2026-02-03 16:28:07.000',NULL,NULL,NULL,NULL,NULL),(319,4,NULL,'ENTRADA','PWA','2025-11-13 16:27:46.000',NULL,NULL,NULL,NULL,NULL,'ATIVO',NULL,'2026-02-03 16:28:07.000',NULL,NULL,NULL,NULL,NULL),(320,1,NULL,'ENTRADA','PWA','2025-11-13 08:00:47.000',NULL,NULL,NULL,NULL,NULL,'ATIVO',NULL,'2026-02-03 16:28:07.000',NULL,NULL,NULL,NULL,NULL),(321,1,NULL,'SAIDA','PWA','2025-11-13 12:09:24.000',NULL,NULL,NULL,NULL,NULL,'ATIVO',NULL,'2026-02-03 16:28:07.000',NULL,NULL,NULL,NULL,NULL),(322,1,NULL,'ENTRADA','PWA','2025-11-13 13:17:35.000',NULL,NULL,NULL,NULL,NULL,'ATIVO',NULL,'2026-02-03 16:28:07.000',NULL,NULL,NULL,NULL,NULL),(323,1,NULL,'SAIDA','PWA','2025-11-13 18:01:17.000',NULL,NULL,NULL,NULL,NULL,'ATIVO',NULL,'2026-02-03 16:28:07.000',NULL,NULL,NULL,NULL,NULL),(324,5,NULL,'ENTRADA','PWA','2025-11-13 07:27:06.000',NULL,NULL,NULL,NULL,NULL,'ATIVO',NULL,'2026-02-03 16:28:07.000',NULL,NULL,NULL,NULL,NULL),(325,5,NULL,'SAIDA','PWA','2025-11-13 12:00:26.000',NULL,NULL,NULL,NULL,NULL,'ATIVO',NULL,'2026-02-03 16:28:07.000',NULL,NULL,NULL,NULL,NULL),(326,5,NULL,'ENTRADA','PWA','2025-11-13 13:29:21.000',NULL,NULL,NULL,NULL,NULL,'ATIVO',NULL,'2026-02-03 16:28:07.000',NULL,NULL,NULL,NULL,NULL),(327,5,NULL,'SAIDA','PWA','2025-11-13 17:37:19.000',NULL,NULL,NULL,NULL,NULL,'ATIVO',NULL,'2026-02-03 16:28:07.000',NULL,NULL,NULL,NULL,NULL),(328,4,NULL,'ENTRADA','PWA','2025-11-14 07:30:51.000',NULL,NULL,NULL,NULL,NULL,'ATIVO',NULL,'2026-02-03 16:28:07.000',NULL,NULL,NULL,NULL,NULL),(329,4,NULL,'SAIDA','PWA','2025-11-14 13:30:29.000',NULL,NULL,NULL,NULL,NULL,'ATIVO',NULL,'2026-02-03 16:28:07.000',NULL,NULL,NULL,NULL,NULL),(330,4,NULL,'ENTRADA','PWA','2025-11-14 13:30:29.000',NULL,NULL,NULL,NULL,NULL,'ATIVO',NULL,'2026-02-03 16:28:07.000',NULL,NULL,NULL,NULL,NULL),(331,4,NULL,'SAIDA','PWA','2025-11-14 18:10:50.000',NULL,NULL,NULL,NULL,NULL,'ATIVO',NULL,'2026-02-03 16:28:07.000',NULL,NULL,NULL,NULL,NULL),(332,2,NULL,'ENTRADA','PWA','2025-11-14 07:37:35.000',NULL,NULL,NULL,NULL,NULL,'ATIVO',NULL,'2026-02-03 16:28:07.000',NULL,NULL,NULL,NULL,NULL),(333,2,NULL,'SAIDA','PWA','2025-11-14 12:14:55.000',NULL,NULL,NULL,NULL,NULL,'ATIVO',NULL,'2026-02-03 16:28:07.000',NULL,NULL,NULL,NULL,NULL),(334,2,NULL,'ENTRADA','PWA','2025-11-14 12:37:58.000',NULL,NULL,NULL,NULL,NULL,'ATIVO',NULL,'2026-02-03 16:28:07.000',NULL,NULL,NULL,NULL,NULL),(335,2,NULL,'SAIDA','PWA','2025-11-14 18:00:02.000',NULL,NULL,NULL,NULL,NULL,'ATIVO',NULL,'2026-02-03 16:28:07.000',NULL,NULL,NULL,NULL,NULL),(336,1,NULL,'ENTRADA','PWA','2025-11-14 08:05:26.000',NULL,NULL,NULL,NULL,NULL,'ATIVO',NULL,'2026-02-03 16:28:07.000',NULL,NULL,NULL,NULL,NULL),(337,1,NULL,'SAIDA','PWA','2025-11-14 12:37:32.000',NULL,NULL,NULL,NULL,NULL,'ATIVO',NULL,'2026-02-03 16:28:07.000',NULL,NULL,NULL,NULL,NULL),(338,1,NULL,'ENTRADA','PWA','2025-11-14 14:08:53.000',NULL,NULL,NULL,NULL,NULL,'ATIVO',NULL,'2026-02-03 16:28:07.000',NULL,NULL,NULL,NULL,NULL),(339,1,NULL,'SAIDA','PWA','2025-11-14 17:30:00.000',NULL,NULL,NULL,NULL,NULL,'ATIVO',NULL,'2026-02-03 16:28:07.000',NULL,NULL,NULL,NULL,NULL),(340,5,NULL,'ENTRADA','PWA','2025-11-14 07:55:36.000',NULL,NULL,NULL,NULL,NULL,'ATIVO',NULL,'2026-02-03 16:28:07.000',NULL,NULL,NULL,NULL,NULL),(341,5,NULL,'SAIDA','PWA','2025-11-14 12:11:07.000',NULL,NULL,NULL,NULL,NULL,'ATIVO',NULL,'2026-02-03 16:28:07.000',NULL,NULL,NULL,NULL,NULL),(342,5,NULL,'ENTRADA','PWA','2025-11-14 13:27:00.000',NULL,NULL,NULL,NULL,NULL,'ATIVO',NULL,'2026-02-03 16:28:07.000',NULL,NULL,NULL,NULL,NULL),(343,5,NULL,'SAIDA','PWA','2025-11-14 17:58:00.000',NULL,NULL,NULL,NULL,NULL,'ATIVO',NULL,'2026-02-03 16:28:07.000',NULL,NULL,NULL,NULL,NULL),(344,5,NULL,'ENTRADA','PWA','2025-11-17 07:28:41.000',NULL,NULL,NULL,NULL,NULL,'ATIVO',NULL,'2026-02-03 16:28:07.000',NULL,NULL,NULL,NULL,NULL),(345,5,NULL,'SAIDA','PWA','2025-11-17 12:00:00.000',NULL,NULL,NULL,NULL,NULL,'ATIVO',NULL,'2026-02-03 16:28:07.000',NULL,NULL,NULL,NULL,NULL),(346,5,NULL,'ENTRADA','PWA','2025-11-17 13:30:00.000',NULL,NULL,NULL,NULL,NULL,'ATIVO',NULL,'2026-02-03 16:28:07.000',NULL,NULL,NULL,NULL,NULL),(347,5,NULL,'SAIDA','PWA','2025-11-17 17:30:00.000',NULL,NULL,NULL,NULL,NULL,'ATIVO',NULL,'2026-02-03 16:28:08.000',NULL,NULL,NULL,NULL,NULL),(348,3,NULL,'ENTRADA','PWA','2025-11-17 07:30:48.000',NULL,NULL,NULL,NULL,NULL,'ATIVO',NULL,'2026-02-03 16:28:08.000',NULL,NULL,NULL,NULL,NULL),(349,3,NULL,'SAIDA','PWA','2025-11-17 16:42:34.000',NULL,NULL,NULL,NULL,NULL,'ATIVO',NULL,'2026-02-03 16:28:08.000',NULL,NULL,NULL,NULL,NULL),(350,4,NULL,'ENTRADA','PWA','2025-11-17 07:37:13.000',NULL,NULL,NULL,NULL,NULL,'ATIVO',NULL,'2026-02-03 16:28:08.000',NULL,NULL,NULL,NULL,NULL),(351,4,NULL,'SAIDA','PWA','2025-11-17 16:52:35.000',NULL,NULL,NULL,NULL,NULL,'ATIVO',NULL,'2026-02-03 16:28:08.000',NULL,NULL,NULL,NULL,NULL),(352,4,NULL,'ENTRADA','PWA','2025-11-17 17:30:28.000',NULL,NULL,NULL,NULL,NULL,'ATIVO',NULL,'2026-02-03 16:28:08.000',NULL,NULL,NULL,NULL,NULL),(353,4,NULL,'SAIDA','PWA','2025-11-17 17:30:29.000',NULL,NULL,NULL,NULL,NULL,'ATIVO',NULL,'2026-02-03 16:28:08.000',NULL,NULL,NULL,NULL,NULL),(354,2,NULL,'ENTRADA','PWA','2025-11-17 07:40:01.000',NULL,NULL,NULL,NULL,NULL,'ATIVO',NULL,'2026-02-03 16:28:08.000',NULL,NULL,NULL,NULL,NULL),(355,2,NULL,'SAIDA','PWA','2025-11-17 12:05:21.000',NULL,NULL,NULL,NULL,NULL,'ATIVO',NULL,'2026-02-03 16:28:08.000',NULL,NULL,NULL,NULL,NULL),(356,2,NULL,'ENTRADA','PWA','2025-11-17 13:24:34.000',NULL,NULL,NULL,NULL,NULL,'ATIVO',NULL,'2026-02-03 16:28:08.000',NULL,NULL,NULL,NULL,NULL),(357,1,NULL,'ENTRADA','PWA','2025-11-17 08:06:59.000',NULL,NULL,NULL,NULL,NULL,'ATIVO',NULL,'2026-02-03 16:28:08.000',NULL,NULL,NULL,NULL,NULL),(358,1,NULL,'SAIDA','PWA','2025-11-17 12:04:50.000',NULL,NULL,NULL,NULL,NULL,'ATIVO',NULL,'2026-02-03 16:28:08.000',NULL,NULL,NULL,NULL,NULL),(359,1,NULL,'ENTRADA','PWA','2025-11-17 13:10:38.000',NULL,NULL,NULL,NULL,NULL,'ATIVO',NULL,'2026-02-03 16:28:08.000',NULL,NULL,NULL,NULL,NULL),(360,1,NULL,'SAIDA','PWA','2025-11-17 17:30:00.000',NULL,NULL,NULL,NULL,NULL,'ATIVO',NULL,'2026-02-03 16:28:08.000',NULL,NULL,NULL,NULL,NULL),(361,3,NULL,'ENTRADA','PWA','2025-11-18 07:28:54.000',NULL,NULL,NULL,NULL,NULL,'ATIVO',NULL,'2026-02-03 16:28:08.000',NULL,NULL,NULL,NULL,NULL),(362,3,NULL,'SAIDA','PWA','2025-11-18 16:28:23.000',NULL,NULL,NULL,NULL,NULL,'ATIVO',NULL,'2026-02-03 16:28:08.000',NULL,NULL,NULL,NULL,NULL),(363,5,NULL,'ENTRADA','PWA','2025-11-18 07:29:12.000',NULL,NULL,NULL,NULL,NULL,'ATIVO',NULL,'2026-02-03 16:28:08.000',NULL,NULL,NULL,NULL,NULL),(364,5,NULL,'SAIDA','PWA','2025-11-18 12:06:32.000',NULL,NULL,NULL,NULL,NULL,'ATIVO',NULL,'2026-02-03 16:28:08.000',NULL,NULL,NULL,NULL,NULL),(365,5,NULL,'ENTRADA','PWA','2025-11-18 13:29:00.000',NULL,NULL,NULL,NULL,NULL,'ATIVO',NULL,'2026-02-03 16:28:08.000',NULL,NULL,NULL,NULL,NULL),(366,5,NULL,'SAIDA','PWA','2025-11-18 17:30:00.000',NULL,NULL,NULL,NULL,NULL,'ATIVO',NULL,'2026-02-03 16:28:08.000',NULL,NULL,NULL,NULL,NULL),(367,2,NULL,'ENTRADA','PWA','2025-11-18 07:31:18.000',NULL,NULL,NULL,NULL,NULL,'ATIVO',NULL,'2026-02-03 16:28:08.000',NULL,NULL,NULL,NULL,NULL),(368,2,NULL,'SAIDA','PWA','2025-11-18 13:09:04.000',NULL,NULL,NULL,NULL,NULL,'ATIVO',NULL,'2026-02-03 16:28:08.000',NULL,NULL,NULL,NULL,NULL),(369,2,NULL,'ENTRADA','PWA','2025-11-18 13:33:32.000',NULL,NULL,NULL,NULL,NULL,'ATIVO',NULL,'2026-02-03 16:28:08.000',NULL,NULL,NULL,NULL,NULL),(370,2,NULL,'SAIDA','PWA','2025-11-18 17:30:13.000',NULL,NULL,NULL,NULL,NULL,'ATIVO',NULL,'2026-02-03 16:28:08.000',NULL,NULL,NULL,NULL,NULL),(371,4,NULL,'ENTRADA','PWA','2025-11-18 07:31:49.000',NULL,NULL,NULL,NULL,NULL,'ATIVO',NULL,'2026-02-03 16:28:08.000',NULL,NULL,NULL,NULL,NULL),(372,4,NULL,'SAIDA','PWA','2025-11-18 13:18:10.000',NULL,NULL,NULL,NULL,NULL,'ATIVO',NULL,'2026-02-03 16:28:08.000',NULL,NULL,NULL,NULL,NULL),(373,4,NULL,'ENTRADA','PWA','2025-11-18 14:04:43.000',NULL,NULL,NULL,NULL,NULL,'ATIVO',NULL,'2026-02-03 16:28:08.000',NULL,NULL,NULL,NULL,NULL),(374,4,NULL,'SAIDA','PWA','2025-11-18 17:30:37.000',NULL,NULL,NULL,NULL,NULL,'ATIVO',NULL,'2026-02-03 16:28:08.000',NULL,NULL,NULL,NULL,NULL),(375,1,NULL,'ENTRADA','PWA','2025-11-18 08:09:24.000',NULL,NULL,NULL,NULL,NULL,'ATIVO',NULL,'2026-02-03 16:28:08.000',NULL,NULL,NULL,NULL,NULL),(376,1,NULL,'SAIDA','PWA','2025-11-18 13:07:48.000',NULL,NULL,NULL,NULL,NULL,'ATIVO',NULL,'2026-02-03 16:28:08.000',NULL,NULL,NULL,NULL,NULL),(377,1,NULL,'ENTRADA','PWA','2025-11-18 14:08:33.000',NULL,NULL,NULL,NULL,NULL,'ATIVO',NULL,'2026-02-03 16:28:08.000',NULL,NULL,NULL,NULL,NULL),(378,1,NULL,'SAIDA','PWA','2025-11-18 17:26:21.000',NULL,NULL,NULL,NULL,NULL,'ATIVO',NULL,'2026-02-03 16:28:08.000',NULL,NULL,NULL,NULL,NULL),(379,3,NULL,'ENTRADA','PWA','2025-11-19 07:27:38.000',NULL,NULL,NULL,NULL,NULL,'ATIVO',NULL,'2026-02-03 16:28:08.000',NULL,NULL,NULL,NULL,NULL),(380,3,NULL,'SAIDA','PWA','2025-11-19 16:31:55.000',NULL,NULL,NULL,NULL,NULL,'ATIVO',NULL,'2026-02-03 16:28:08.000',NULL,NULL,NULL,NULL,NULL),(381,4,NULL,'ENTRADA','PWA','2025-11-19 07:29:56.000',NULL,NULL,NULL,NULL,NULL,'ATIVO',NULL,'2026-02-03 16:28:08.000',NULL,NULL,NULL,NULL,NULL),(382,4,NULL,'SAIDA','PWA','2025-11-19 15:39:40.000',NULL,NULL,NULL,NULL,NULL,'ATIVO',NULL,'2026-02-03 16:28:08.000',NULL,NULL,NULL,NULL,NULL),(383,4,NULL,'ENTRADA','PWA','2025-11-19 16:42:21.000',NULL,NULL,NULL,NULL,NULL,'ATIVO',NULL,'2026-02-03 16:28:08.000',NULL,NULL,NULL,NULL,NULL),(384,2,NULL,'ENTRADA','PWA','2025-11-19 07:33:57.000',NULL,NULL,NULL,NULL,NULL,'ATIVO',NULL,'2026-02-03 16:28:08.000',NULL,NULL,NULL,NULL,NULL),(385,2,NULL,'SAIDA','PWA','2025-11-19 12:11:59.000',NULL,NULL,NULL,NULL,NULL,'ATIVO',NULL,'2026-02-03 16:28:08.000',NULL,NULL,NULL,NULL,NULL),(386,2,NULL,'ENTRADA','PWA','2025-11-19 13:31:52.000',NULL,NULL,NULL,NULL,NULL,'ATIVO',NULL,'2026-02-03 16:28:08.000',NULL,NULL,NULL,NULL,NULL),(387,2,NULL,'SAIDA','PWA','2025-11-19 17:30:00.000',NULL,NULL,NULL,NULL,NULL,'ATIVO',NULL,'2026-02-03 16:28:08.000',NULL,NULL,NULL,NULL,NULL),(388,1,NULL,'ENTRADA','PWA','2025-11-19 08:06:38.000',NULL,NULL,NULL,NULL,NULL,'ATIVO',NULL,'2026-02-03 16:28:08.000',NULL,NULL,NULL,NULL,NULL),(389,1,NULL,'SAIDA','PWA','2025-11-19 12:56:47.000',NULL,NULL,NULL,NULL,NULL,'ATIVO',NULL,'2026-02-03 16:28:08.000',NULL,NULL,NULL,NULL,NULL),(390,1,NULL,'ENTRADA','PWA','2025-11-19 14:15:48.000',NULL,NULL,NULL,NULL,NULL,'ATIVO',NULL,'2026-02-03 16:28:08.000',NULL,NULL,NULL,NULL,NULL),(391,1,NULL,'SAIDA','PWA','2025-11-19 17:43:13.000',NULL,NULL,NULL,NULL,NULL,'ATIVO',NULL,'2026-02-03 16:28:08.000',NULL,NULL,NULL,NULL,NULL),(392,5,NULL,'ENTRADA','PWA','2025-11-19 07:27:25.000',NULL,NULL,NULL,NULL,NULL,'ATIVO',NULL,'2026-02-03 16:28:08.000',NULL,NULL,NULL,NULL,NULL),(393,5,NULL,'SAIDA','PWA','2025-11-19 13:28:10.000',NULL,NULL,NULL,NULL,NULL,'ATIVO',NULL,'2026-02-03 16:28:08.000',NULL,NULL,NULL,NULL,NULL),(394,5,NULL,'ENTRADA','PWA','2025-11-19 13:46:04.000',NULL,NULL,NULL,NULL,NULL,'ATIVO',NULL,'2026-02-03 16:28:08.000',NULL,NULL,NULL,NULL,NULL),(395,5,NULL,'SAIDA','PWA','2025-11-19 17:38:20.000',NULL,NULL,NULL,NULL,NULL,'ATIVO',NULL,'2026-02-03 16:28:08.000',NULL,NULL,NULL,NULL,NULL),(396,4,NULL,'ENTRADA','PWA','2025-11-20 07:25:51.000',NULL,NULL,NULL,NULL,NULL,'ATIVO',NULL,'2026-02-03 16:28:08.000',NULL,NULL,NULL,NULL,NULL),(397,4,NULL,'SAIDA','PWA','2025-11-20 12:00:00.000',NULL,NULL,NULL,NULL,NULL,'ATIVO',NULL,'2026-02-03 16:28:08.000',NULL,NULL,NULL,NULL,NULL),(398,4,NULL,'ENTRADA','PWA','2025-11-20 13:30:42.000',NULL,NULL,NULL,NULL,NULL,'ATIVO',NULL,'2026-02-03 16:28:08.000',NULL,NULL,NULL,NULL,NULL),(399,4,NULL,'SAIDA','PWA','2025-11-20 17:30:00.000',NULL,NULL,NULL,NULL,NULL,'ATIVO',NULL,'2026-02-03 16:28:08.000',NULL,NULL,NULL,NULL,NULL),(400,2,NULL,'ENTRADA','PWA','2025-11-20 07:34:04.000',NULL,NULL,NULL,NULL,NULL,'ATIVO',NULL,'2026-02-03 16:28:08.000',NULL,NULL,NULL,NULL,NULL),(401,2,NULL,'SAIDA','PWA','2025-11-20 12:14:28.000',NULL,NULL,NULL,NULL,NULL,'ATIVO',NULL,'2026-02-03 16:28:08.000',NULL,NULL,NULL,NULL,NULL),(402,2,NULL,'ENTRADA','PWA','2025-11-20 12:49:49.000',NULL,NULL,NULL,NULL,NULL,'ATIVO',NULL,'2026-02-03 16:28:08.000',NULL,NULL,NULL,NULL,NULL),(403,2,NULL,'SAIDA','PWA','2025-11-20 17:30:00.000',NULL,NULL,NULL,NULL,NULL,'ATIVO',NULL,'2026-02-03 16:28:08.000',NULL,NULL,NULL,NULL,NULL),(404,3,NULL,'ENTRADA','PWA','2025-11-20 07:40:54.000',NULL,NULL,NULL,NULL,NULL,'ATIVO',NULL,'2026-02-03 16:28:08.000',NULL,NULL,NULL,NULL,NULL),(405,3,NULL,'SAIDA','PWA','2025-11-20 12:27:27.000',NULL,NULL,NULL,NULL,NULL,'ATIVO',NULL,'2026-02-03 16:28:08.000',NULL,NULL,NULL,NULL,NULL),(406,3,NULL,'ENTRADA','PWA','2025-11-20 13:55:21.000',NULL,NULL,NULL,NULL,NULL,'ATIVO',NULL,'2026-02-03 16:28:08.000',NULL,NULL,NULL,NULL,NULL),(407,3,NULL,'SAIDA','PWA','2025-11-20 17:46:40.000',NULL,NULL,NULL,NULL,NULL,'ATIVO',NULL,'2026-02-03 16:28:08.000',NULL,NULL,NULL,NULL,NULL),(408,1,NULL,'ENTRADA','PWA','2025-11-20 08:00:57.000',NULL,NULL,NULL,NULL,NULL,'ATIVO',NULL,'2026-02-03 16:28:08.000',NULL,NULL,NULL,NULL,NULL),(409,1,NULL,'SAIDA','PWA','2025-11-20 12:55:34.000',NULL,NULL,NULL,NULL,NULL,'ATIVO',NULL,'2026-02-03 16:28:08.000',NULL,NULL,NULL,NULL,NULL),(410,1,NULL,'ENTRADA','PWA','2025-11-20 14:10:46.000',NULL,NULL,NULL,NULL,NULL,'ATIVO',NULL,'2026-02-03 16:28:08.000',NULL,NULL,NULL,NULL,NULL),(411,1,NULL,'SAIDA','PWA','2025-11-20 18:49:09.000',NULL,NULL,NULL,NULL,NULL,'ATIVO',NULL,'2026-02-03 16:28:08.000',NULL,NULL,NULL,NULL,NULL),(412,5,NULL,'ENTRADA','PWA','2025-11-20 07:30:09.000',NULL,NULL,NULL,NULL,NULL,'ATIVO',NULL,'2026-02-03 16:28:08.000',NULL,NULL,NULL,NULL,NULL),(413,5,NULL,'SAIDA','PWA','2025-11-20 12:21:36.000',NULL,NULL,NULL,NULL,NULL,'ATIVO',NULL,'2026-02-03 16:28:08.000',NULL,NULL,NULL,NULL,NULL),(414,5,NULL,'ENTRADA','PWA','2025-11-20 13:30:24.000',NULL,NULL,NULL,NULL,NULL,'ATIVO',NULL,'2026-02-03 16:28:08.000',NULL,NULL,NULL,NULL,NULL),(415,3,NULL,'ENTRADA','PWA','2025-11-24 07:31:45.000',NULL,NULL,NULL,NULL,NULL,'ATIVO',NULL,'2026-02-03 16:28:08.000',NULL,NULL,NULL,NULL,NULL),(416,3,NULL,'SAIDA','PWA','2025-11-24 15:50:00.000',NULL,NULL,NULL,NULL,NULL,'ATIVO',NULL,'2026-02-03 16:28:08.000',NULL,NULL,NULL,NULL,NULL),(417,1,NULL,'ENTRADA','PWA','2025-11-24 08:43:06.000',NULL,NULL,NULL,NULL,NULL,'ATIVO',NULL,'2026-02-03 16:28:08.000',NULL,NULL,NULL,NULL,NULL),(418,1,NULL,'SAIDA','PWA','2025-11-24 12:31:32.000',NULL,NULL,NULL,NULL,NULL,'ATIVO',NULL,'2026-02-03 16:28:08.000',NULL,NULL,NULL,NULL,NULL),(419,1,NULL,'ENTRADA','PWA','2025-11-24 13:32:33.000',NULL,NULL,NULL,NULL,NULL,'ATIVO',NULL,'2026-02-03 16:28:08.000',NULL,NULL,NULL,NULL,NULL),(420,1,NULL,'SAIDA','PWA','2025-11-24 17:46:02.000',NULL,NULL,NULL,NULL,NULL,'ATIVO',NULL,'2026-02-03 16:28:08.000',NULL,NULL,NULL,NULL,NULL),(421,2,NULL,'ENTRADA','PWA','2025-11-24 12:15:02.000',NULL,NULL,NULL,NULL,NULL,'ATIVO',NULL,'2026-02-03 16:28:08.000',NULL,NULL,NULL,NULL,NULL),(422,2,NULL,'SAIDA','PWA','2025-11-24 12:15:04.000',NULL,NULL,NULL,NULL,NULL,'ATIVO',NULL,'2026-02-03 16:28:08.000',NULL,NULL,NULL,NULL,NULL),(423,2,NULL,'ENTRADA','PWA','2025-11-24 13:50:21.000',NULL,NULL,NULL,NULL,NULL,'ATIVO',NULL,'2026-02-03 16:28:08.000',NULL,NULL,NULL,NULL,NULL),(424,2,NULL,'SAIDA','PWA','2025-11-24 17:45:00.000',NULL,NULL,NULL,NULL,NULL,'ATIVO',NULL,'2026-02-03 16:28:08.000',NULL,NULL,NULL,NULL,NULL),(425,5,NULL,'ENTRADA','PWA','2025-11-24 07:32:10.000',NULL,NULL,NULL,NULL,NULL,'ATIVO',NULL,'2026-02-03 16:28:08.000',NULL,NULL,NULL,NULL,NULL),(426,5,NULL,'SAIDA','PWA','2025-11-24 13:27:32.000',NULL,NULL,NULL,NULL,NULL,'ATIVO',NULL,'2026-02-03 16:28:08.000',NULL,NULL,NULL,NULL,NULL),(427,5,NULL,'ENTRADA','PWA','2025-11-24 13:27:34.000',NULL,NULL,NULL,NULL,NULL,'ATIVO',NULL,'2026-02-03 16:28:08.000',NULL,NULL,NULL,NULL,NULL),(428,5,NULL,'SAIDA','PWA','2025-11-24 17:30:58.000',NULL,NULL,NULL,NULL,NULL,'ATIVO',NULL,'2026-02-03 16:28:08.000',NULL,NULL,NULL,NULL,NULL),(429,5,NULL,'ENTRADA','PWA','2025-11-25 07:27:54.000',NULL,NULL,NULL,NULL,NULL,'ATIVO',NULL,'2026-02-03 16:28:08.000',NULL,NULL,NULL,NULL,NULL),(430,5,NULL,'SAIDA','PWA','2025-11-25 07:28:01.000',NULL,NULL,NULL,NULL,NULL,'ATIVO',NULL,'2026-02-03 16:28:08.000',NULL,NULL,NULL,NULL,NULL),(431,5,NULL,'ENTRADA','PWA','2025-11-25 12:12:44.000',NULL,NULL,NULL,NULL,NULL,'ATIVO',NULL,'2026-02-03 16:28:08.000',NULL,NULL,NULL,NULL,NULL),(432,5,NULL,'SAIDA','PWA','2025-11-25 13:26:21.000',NULL,NULL,NULL,NULL,NULL,'ATIVO',NULL,'2026-02-03 16:28:08.000',NULL,NULL,NULL,NULL,NULL),(433,2,NULL,'ENTRADA','PWA','2025-11-25 07:31:24.000',NULL,NULL,NULL,NULL,NULL,'ATIVO',NULL,'2026-02-03 16:28:08.000',NULL,NULL,NULL,NULL,NULL),(434,2,NULL,'SAIDA','PWA','2025-11-25 12:09:33.000',NULL,NULL,NULL,NULL,NULL,'ATIVO',NULL,'2026-02-03 16:28:08.000',NULL,NULL,NULL,NULL,NULL),(435,2,NULL,'ENTRADA','PWA','2025-11-25 13:16:51.000',NULL,NULL,NULL,NULL,NULL,'ATIVO',NULL,'2026-02-03 16:28:08.000',NULL,NULL,NULL,NULL,NULL),(436,2,NULL,'SAIDA','PWA','2025-11-25 17:27:38.000',NULL,NULL,NULL,NULL,NULL,'ATIVO',NULL,'2026-02-03 16:28:08.000',NULL,NULL,NULL,NULL,NULL),(437,3,NULL,'ENTRADA','PWA','2025-11-25 07:33:24.000',NULL,NULL,NULL,NULL,NULL,'ATIVO',NULL,'2026-02-03 16:28:08.000',NULL,NULL,NULL,NULL,NULL),(438,3,NULL,'SAIDA','PWA','2025-11-25 16:26:53.000',NULL,NULL,NULL,NULL,NULL,'ATIVO',NULL,'2026-02-03 16:28:08.000',NULL,NULL,NULL,NULL,NULL),(439,1,NULL,'ENTRADA','PWA','2025-11-25 08:01:09.000',NULL,NULL,NULL,NULL,NULL,'ATIVO',NULL,'2026-02-03 16:28:08.000',NULL,NULL,NULL,NULL,NULL),(440,1,NULL,'SAIDA','PWA','2025-11-25 12:44:15.000',NULL,NULL,NULL,NULL,NULL,'ATIVO',NULL,'2026-02-03 16:28:08.000',NULL,NULL,NULL,NULL,NULL),(441,1,NULL,'ENTRADA','PWA','2025-11-25 13:37:16.000',NULL,NULL,NULL,NULL,NULL,'ATIVO',NULL,'2026-02-03 16:28:08.000',NULL,NULL,NULL,NULL,NULL),(442,1,NULL,'SAIDA','PWA','2025-11-25 17:36:19.000',NULL,NULL,NULL,NULL,NULL,'ATIVO',NULL,'2026-02-03 16:28:08.000',NULL,NULL,NULL,NULL,NULL),(443,3,NULL,'ENTRADA','PWA','2025-11-26 07:31:55.000',NULL,NULL,NULL,NULL,NULL,'ATIVO',NULL,'2026-02-03 16:28:08.000',NULL,NULL,NULL,NULL,NULL),(444,3,NULL,'SAIDA','PWA','2025-11-26 14:14:09.000',NULL,NULL,NULL,NULL,NULL,'ATIVO',NULL,'2026-02-03 16:28:08.000',NULL,NULL,NULL,NULL,NULL),(445,3,NULL,'ENTRADA','PWA','2025-11-26 14:31:16.000',NULL,NULL,NULL,NULL,NULL,'ATIVO',NULL,'2026-02-03 16:28:08.000',NULL,NULL,NULL,NULL,NULL),(446,3,NULL,'SAIDA','PWA','2025-11-26 16:25:20.000',NULL,NULL,NULL,NULL,NULL,'ATIVO',NULL,'2026-02-03 16:28:08.000',NULL,NULL,NULL,NULL,NULL),(447,2,NULL,'ENTRADA','PWA','2025-11-26 07:40:29.000',NULL,NULL,NULL,NULL,NULL,'ATIVO',NULL,'2026-02-03 16:28:08.000',NULL,NULL,NULL,NULL,NULL),(448,2,NULL,'SAIDA','PWA','2025-11-26 14:15:02.000',NULL,NULL,NULL,NULL,NULL,'ATIVO',NULL,'2026-02-03 16:28:08.000',NULL,NULL,NULL,NULL,NULL),(449,2,NULL,'ENTRADA','PWA','2025-11-26 14:33:38.000',NULL,NULL,NULL,NULL,NULL,'ATIVO',NULL,'2026-02-03 16:28:08.000',NULL,NULL,NULL,NULL,NULL),(450,2,NULL,'SAIDA','PWA','2025-11-26 17:57:07.000',NULL,NULL,NULL,NULL,NULL,'ATIVO',NULL,'2026-02-03 16:28:08.000',NULL,NULL,NULL,NULL,NULL),(451,1,NULL,'ENTRADA','PWA','2025-11-26 08:03:55.000',NULL,NULL,NULL,NULL,NULL,'ATIVO',NULL,'2026-02-03 16:28:08.000',NULL,NULL,NULL,NULL,NULL),(452,1,NULL,'SAIDA','PWA','2025-11-26 12:36:32.000',NULL,NULL,NULL,NULL,NULL,'ATIVO',NULL,'2026-02-03 16:28:08.000',NULL,NULL,NULL,NULL,NULL),(453,1,NULL,'ENTRADA','PWA','2025-11-26 13:21:34.000',NULL,NULL,NULL,NULL,NULL,'ATIVO',NULL,'2026-02-03 16:28:08.000',NULL,NULL,NULL,NULL,NULL),(454,1,NULL,'SAIDA','PWA','2025-11-26 17:57:51.000',NULL,NULL,NULL,NULL,NULL,'ATIVO',NULL,'2026-02-03 16:28:08.000',NULL,NULL,NULL,NULL,NULL),(455,5,NULL,'ENTRADA','PWA','2025-11-26 07:29:21.000',NULL,NULL,NULL,NULL,NULL,'ATIVO',NULL,'2026-02-03 16:28:08.000',NULL,NULL,NULL,NULL,NULL),(456,5,NULL,'SAIDA','PWA','2025-11-26 12:07:00.000',NULL,NULL,NULL,NULL,NULL,'ATIVO',NULL,'2026-02-03 16:28:08.000',NULL,NULL,NULL,NULL,NULL),(457,5,NULL,'ENTRADA','PWA','2025-11-26 13:21:55.000',NULL,NULL,NULL,NULL,NULL,'ATIVO',NULL,'2026-02-03 16:28:08.000',NULL,NULL,NULL,NULL,NULL),(458,5,NULL,'SAIDA','PWA','2025-11-26 17:44:23.000',NULL,NULL,NULL,NULL,NULL,'ATIVO',NULL,'2026-02-03 16:28:08.000',NULL,NULL,NULL,NULL,NULL),(459,3,NULL,'ENTRADA','PWA','2025-11-27 07:29:25.000',NULL,NULL,NULL,NULL,NULL,'ATIVO',NULL,'2026-02-03 16:28:08.000',NULL,NULL,NULL,NULL,NULL),(460,3,NULL,'SAIDA','PWA','2025-11-27 12:59:04.000',NULL,NULL,NULL,NULL,NULL,'ATIVO',NULL,'2026-02-03 16:28:08.000',NULL,NULL,NULL,NULL,NULL),(461,3,NULL,'ENTRADA','PWA','2025-11-27 13:20:20.000',NULL,NULL,NULL,NULL,NULL,'ATIVO',NULL,'2026-02-03 16:28:08.000',NULL,NULL,NULL,NULL,NULL),(462,3,NULL,'SAIDA','PWA','2025-11-27 16:27:42.000',NULL,NULL,NULL,NULL,NULL,'ATIVO',NULL,'2026-02-03 16:28:08.000',NULL,NULL,NULL,NULL,NULL),(463,2,NULL,'ENTRADA','PWA','2025-11-27 07:31:44.000',NULL,NULL,NULL,NULL,NULL,'ATIVO',NULL,'2026-02-03 16:28:08.000',NULL,NULL,NULL,NULL,NULL),(464,2,NULL,'SAIDA','PWA','2025-11-27 12:02:56.000',NULL,NULL,NULL,NULL,NULL,'ATIVO',NULL,'2026-02-03 16:28:08.000',NULL,NULL,NULL,NULL,NULL),(465,2,NULL,'ENTRADA','PWA','2025-11-27 13:32:51.000',NULL,NULL,NULL,NULL,NULL,'ATIVO',NULL,'2026-02-03 16:28:08.000',NULL,NULL,NULL,NULL,NULL),(466,1,NULL,'ENTRADA','PWA','2025-11-27 08:06:36.000',NULL,NULL,NULL,NULL,NULL,'ATIVO',NULL,'2026-02-03 16:28:08.000',NULL,NULL,NULL,NULL,NULL),(467,1,NULL,'SAIDA','PWA','2025-11-27 12:05:18.000',NULL,NULL,NULL,NULL,NULL,'ATIVO',NULL,'2026-02-03 16:28:08.000',NULL,NULL,NULL,NULL,NULL),(468,1,NULL,'ENTRADA','PWA','2025-11-27 13:14:33.000',NULL,NULL,NULL,NULL,NULL,'ATIVO',NULL,'2026-02-03 16:28:08.000',NULL,NULL,NULL,NULL,NULL),(469,1,NULL,'SAIDA','PWA','2025-11-27 17:47:21.000',NULL,NULL,NULL,NULL,NULL,'ATIVO',NULL,'2026-02-03 16:28:08.000',NULL,NULL,NULL,NULL,NULL),(470,5,NULL,'ENTRADA','PWA','2025-11-27 07:28:56.000',NULL,NULL,NULL,NULL,NULL,'ATIVO',NULL,'2026-02-03 16:28:08.000',NULL,NULL,NULL,NULL,NULL),(471,5,NULL,'SAIDA','PWA','2025-11-27 12:02:30.000',NULL,NULL,NULL,NULL,NULL,'ATIVO',NULL,'2026-02-03 16:28:08.000',NULL,NULL,NULL,NULL,NULL),(472,5,NULL,'ENTRADA','PWA','2025-11-27 13:27:41.000',NULL,NULL,NULL,NULL,NULL,'ATIVO',NULL,'2026-02-03 16:28:08.000',NULL,NULL,NULL,NULL,NULL),(473,5,NULL,'SAIDA','PWA','2025-11-27 17:32:18.000',NULL,NULL,NULL,NULL,NULL,'ATIVO',NULL,'2026-02-03 16:28:08.000',NULL,NULL,NULL,NULL,NULL),(474,2,NULL,'ENTRADA','PWA','2025-11-28 07:30:46.000',NULL,NULL,NULL,NULL,NULL,'ATIVO',NULL,'2026-02-03 16:28:08.000',NULL,NULL,NULL,NULL,NULL),(475,2,NULL,'SAIDA','PWA','2025-11-28 12:32:56.000',NULL,NULL,NULL,NULL,NULL,'ATIVO',NULL,'2026-02-03 16:28:08.000',NULL,NULL,NULL,NULL,NULL),(476,2,NULL,'ENTRADA','PWA','2025-11-28 13:14:12.000',NULL,NULL,NULL,NULL,NULL,'ATIVO',NULL,'2026-02-03 16:28:08.000',NULL,NULL,NULL,NULL,NULL),(477,3,NULL,'ENTRADA','PWA','2025-11-28 07:42:42.000',NULL,NULL,NULL,NULL,NULL,'ATIVO',NULL,'2026-02-03 16:28:08.000',NULL,NULL,NULL,NULL,NULL),(478,3,NULL,'SAIDA','PWA','2025-11-28 12:21:28.000',NULL,NULL,NULL,NULL,NULL,'ATIVO',NULL,'2026-02-03 16:28:08.000',NULL,NULL,NULL,NULL,NULL),(479,3,NULL,'ENTRADA','PWA','2025-11-28 12:50:16.000',NULL,NULL,NULL,NULL,NULL,'ATIVO',NULL,'2026-02-03 16:28:08.000',NULL,NULL,NULL,NULL,NULL),(480,3,NULL,'SAIDA','PWA','2025-11-28 17:25:06.000',NULL,NULL,NULL,NULL,NULL,'ATIVO',NULL,'2026-02-03 16:28:08.000',NULL,NULL,NULL,NULL,NULL),(481,1,NULL,'ENTRADA','PWA','2025-11-28 08:07:54.000',NULL,NULL,NULL,NULL,NULL,'ATIVO',NULL,'2026-02-03 16:28:08.000',NULL,NULL,NULL,NULL,NULL),(482,1,NULL,'SAIDA','PWA','2025-11-28 13:18:40.000',NULL,NULL,NULL,NULL,NULL,'ATIVO',NULL,'2026-02-03 16:28:08.000',NULL,NULL,NULL,NULL,NULL),(483,1,NULL,'ENTRADA','PWA','2025-11-28 13:59:35.000',NULL,NULL,NULL,NULL,NULL,'ATIVO',NULL,'2026-02-03 16:28:08.000',NULL,NULL,NULL,NULL,NULL),(484,1,NULL,'SAIDA','PWA','2025-11-28 17:27:30.000',NULL,NULL,NULL,NULL,NULL,'ATIVO',NULL,'2026-02-03 16:28:08.000',NULL,NULL,NULL,NULL,NULL),(485,5,NULL,'ENTRADA','PWA','2025-11-28 07:30:33.000',NULL,NULL,NULL,NULL,NULL,'ATIVO',NULL,'2026-02-03 16:28:08.000',NULL,NULL,NULL,NULL,NULL),(486,5,NULL,'SAIDA','PWA','2025-11-28 13:30:36.000',NULL,NULL,NULL,NULL,NULL,'ATIVO',NULL,'2026-02-03 16:28:08.000',NULL,NULL,NULL,NULL,NULL),(487,5,NULL,'ENTRADA','PWA','2025-11-28 17:51:46.000',NULL,NULL,NULL,NULL,NULL,'ATIVO',NULL,'2026-02-03 16:28:08.000',NULL,NULL,NULL,NULL,NULL),(488,2,NULL,'ENTRADA','PWA','2025-11-29 07:34:07.000',NULL,NULL,NULL,NULL,NULL,'ATIVO',NULL,'2026-02-03 16:28:08.000',NULL,NULL,NULL,NULL,NULL),(489,2,NULL,'SAIDA','PWA','2025-11-29 12:17:53.000',NULL,NULL,NULL,NULL,NULL,'ATIVO',NULL,'2026-02-03 16:28:08.000',NULL,NULL,NULL,NULL,NULL),(490,2,NULL,'ENTRADA','PWA','2025-11-29 12:18:02.000',NULL,NULL,NULL,NULL,NULL,'ATIVO',NULL,'2026-02-03 16:28:08.000',NULL,NULL,NULL,NULL,NULL),(491,2,NULL,'SAIDA','PWA','2025-11-29 12:18:15.000',NULL,NULL,NULL,NULL,NULL,'ATIVO',NULL,'2026-02-03 16:28:08.000',NULL,NULL,NULL,NULL,NULL),(492,3,NULL,'ENTRADA','PWA','2025-11-29 07:42:45.000',NULL,NULL,NULL,NULL,NULL,'ATIVO',NULL,'2026-02-03 16:28:08.000',NULL,NULL,NULL,NULL,NULL),(493,3,NULL,'SAIDA','PWA','2025-11-29 12:00:00.000',NULL,NULL,NULL,NULL,NULL,'ATIVO',NULL,'2026-02-03 16:28:08.000',NULL,NULL,NULL,NULL,NULL),(494,5,NULL,'ENTRADA','PWA','2025-11-29 07:38:35.000',NULL,NULL,NULL,NULL,NULL,'ATIVO',NULL,'2026-02-03 16:28:08.000',NULL,NULL,NULL,NULL,NULL),(495,5,NULL,'SAIDA','PWA','2025-11-29 12:00:00.000',NULL,NULL,NULL,NULL,NULL,'ATIVO',NULL,'2026-02-03 16:28:08.000',NULL,NULL,NULL,NULL,NULL),(496,2,NULL,'ENTRADA','PWA','2025-12-01 07:29:47.000',NULL,NULL,NULL,NULL,NULL,'ATIVO',NULL,'2026-02-03 16:28:08.000',NULL,NULL,NULL,NULL,NULL),(497,2,NULL,'SAIDA','PWA','2025-12-01 12:00:00.000',NULL,NULL,NULL,NULL,NULL,'ATIVO',NULL,'2026-02-03 16:28:08.000',NULL,NULL,NULL,NULL,NULL),(498,2,NULL,'ENTRADA','PWA','2025-12-01 13:35:29.000',NULL,NULL,NULL,NULL,NULL,'ATIVO',NULL,'2026-02-03 16:28:08.000',NULL,NULL,NULL,NULL,NULL),(499,2,NULL,'SAIDA','PWA','2025-12-01 17:50:53.000',NULL,NULL,NULL,NULL,NULL,'ATIVO',NULL,'2026-02-03 16:28:08.000',NULL,NULL,NULL,NULL,NULL),(500,4,NULL,'ENTRADA','PWA','2025-12-01 07:31:16.000',NULL,NULL,NULL,NULL,NULL,'ATIVO',NULL,'2026-02-03 16:28:08.000',NULL,NULL,NULL,NULL,NULL),(501,4,NULL,'SAIDA','PWA','2025-12-01 12:00:00.000',NULL,NULL,NULL,NULL,NULL,'ATIVO',NULL,'2026-02-03 16:28:08.000',NULL,NULL,NULL,NULL,NULL),(502,4,NULL,'ENTRADA','PWA','2025-12-01 13:32:58.000',NULL,NULL,NULL,NULL,NULL,'ATIVO',NULL,'2026-02-03 16:28:08.000',NULL,NULL,NULL,NULL,NULL),(503,4,NULL,'SAIDA','PWA','2025-12-01 17:30:00.000',NULL,NULL,NULL,NULL,NULL,'ATIVO',NULL,'2026-02-03 16:28:08.000',NULL,NULL,NULL,NULL,NULL),(504,3,NULL,'ENTRADA','PWA','2025-12-01 07:33:01.000',NULL,NULL,NULL,NULL,NULL,'ATIVO',NULL,'2026-02-03 16:28:08.000',NULL,NULL,NULL,NULL,NULL),(505,3,NULL,'SAIDA','PWA','2025-12-01 16:30:52.000',NULL,NULL,NULL,NULL,NULL,'ATIVO',NULL,'2026-02-03 16:28:08.000',NULL,NULL,NULL,NULL,NULL),(506,3,NULL,'ENTRADA','PWA','2025-12-01 16:30:52.000',NULL,NULL,NULL,NULL,NULL,'ATIVO',NULL,'2026-02-03 16:28:08.000',NULL,NULL,NULL,NULL,NULL),(507,3,NULL,'SAIDA','PWA','2025-12-01 16:30:54.000',NULL,NULL,NULL,NULL,NULL,'ATIVO',NULL,'2026-02-03 16:28:08.000',NULL,NULL,NULL,NULL,NULL),(508,1,NULL,'ENTRADA','PWA','2025-12-01 07:58:42.000',NULL,NULL,NULL,NULL,NULL,'ATIVO',NULL,'2026-02-03 16:28:08.000',NULL,NULL,NULL,NULL,NULL),(509,1,NULL,'SAIDA','PWA','2025-12-01 12:07:45.000',NULL,NULL,NULL,NULL,NULL,'ATIVO',NULL,'2026-02-03 16:28:08.000',NULL,NULL,NULL,NULL,NULL),(510,1,NULL,'ENTRADA','PWA','2025-12-01 13:16:24.000',NULL,NULL,NULL,NULL,NULL,'ATIVO',NULL,'2026-02-03 16:28:08.000',NULL,NULL,NULL,NULL,NULL),(511,1,NULL,'SAIDA','PWA','2025-12-01 18:35:46.000',NULL,NULL,NULL,NULL,NULL,'ATIVO',NULL,'2026-02-03 16:28:08.000',NULL,NULL,NULL,NULL,NULL),(512,5,NULL,'ENTRADA','PWA','2025-12-01 07:35:37.000',NULL,NULL,NULL,NULL,NULL,'ATIVO',NULL,'2026-02-03 16:28:08.000',NULL,NULL,NULL,NULL,NULL),(513,5,NULL,'SAIDA','PWA','2025-12-01 12:11:24.000',NULL,NULL,NULL,NULL,NULL,'ATIVO',NULL,'2026-02-03 16:28:08.000',NULL,NULL,NULL,NULL,NULL),(514,5,NULL,'ENTRADA','PWA','2025-12-01 13:32:00.000',NULL,NULL,NULL,NULL,NULL,'ATIVO',NULL,'2026-02-03 16:28:08.000',NULL,NULL,NULL,NULL,NULL),(515,5,NULL,'SAIDA','PWA','2025-12-01 17:30:00.000',NULL,NULL,NULL,NULL,NULL,'ATIVO',NULL,'2026-02-03 16:28:08.000',NULL,NULL,NULL,NULL,NULL),(516,3,NULL,'ENTRADA','PWA','2025-12-02 07:30:21.000',NULL,NULL,NULL,NULL,NULL,'ATIVO',NULL,'2026-02-03 16:28:08.000',NULL,NULL,NULL,NULL,NULL),(517,3,NULL,'SAIDA','PWA','2025-12-02 12:25:08.000',NULL,NULL,NULL,NULL,NULL,'ATIVO',NULL,'2026-02-03 16:28:08.000',NULL,NULL,NULL,NULL,NULL),(518,3,NULL,'ENTRADA','PWA','2025-12-02 12:53:42.000',NULL,NULL,NULL,NULL,NULL,'ATIVO',NULL,'2026-02-03 16:28:08.000',NULL,NULL,NULL,NULL,NULL),(519,3,NULL,'SAIDA','PWA','2025-12-02 16:47:21.000',NULL,NULL,NULL,NULL,NULL,'ATIVO',NULL,'2026-02-03 16:28:08.000',NULL,NULL,NULL,NULL,NULL),(520,4,NULL,'ENTRADA','PWA','2025-12-02 07:32:38.000',NULL,NULL,NULL,NULL,NULL,'ATIVO',NULL,'2026-02-03 16:28:08.000',NULL,NULL,NULL,NULL,NULL),(521,4,NULL,'SAIDA','PWA','2025-12-02 12:00:15.000',NULL,NULL,NULL,NULL,NULL,'ATIVO',NULL,'2026-02-03 16:28:08.000',NULL,NULL,NULL,NULL,NULL),(522,4,NULL,'ENTRADA','PWA','2025-12-02 13:32:28.000',NULL,NULL,NULL,NULL,NULL,'ATIVO',NULL,'2026-02-03 16:28:08.000',NULL,NULL,NULL,NULL,NULL),(523,4,NULL,'SAIDA','PWA','2025-12-02 17:59:08.000',NULL,NULL,NULL,NULL,NULL,'ATIVO',NULL,'2026-02-03 16:28:08.000',NULL,NULL,NULL,NULL,NULL),(524,2,NULL,'ENTRADA','PWA','2025-12-02 07:33:39.000',NULL,NULL,NULL,NULL,NULL,'ATIVO',NULL,'2026-02-03 16:28:08.000',NULL,NULL,NULL,NULL,NULL),(525,2,NULL,'SAIDA','PWA','2025-12-02 12:04:40.000',NULL,NULL,NULL,NULL,NULL,'ATIVO',NULL,'2026-02-03 16:28:08.000',NULL,NULL,NULL,NULL,NULL),(526,2,NULL,'ENTRADA','PWA','2025-12-02 13:33:45.000',NULL,NULL,NULL,NULL,NULL,'ATIVO',NULL,'2026-02-03 16:28:08.000',NULL,NULL,NULL,NULL,NULL),(527,2,NULL,'SAIDA','PWA','2025-12-02 17:30:00.000',NULL,NULL,NULL,NULL,NULL,'ATIVO',NULL,'2026-02-03 16:28:08.000',NULL,NULL,NULL,NULL,NULL),(528,1,NULL,'ENTRADA','PWA','2025-12-02 07:49:49.000',NULL,NULL,NULL,NULL,NULL,'ATIVO',NULL,'2026-02-03 16:28:08.000',NULL,NULL,NULL,NULL,NULL),(529,1,NULL,'SAIDA','PWA','2025-12-02 12:07:26.000',NULL,NULL,NULL,NULL,NULL,'ATIVO',NULL,'2026-02-03 16:28:08.000',NULL,NULL,NULL,NULL,NULL),(530,1,NULL,'ENTRADA','PWA','2025-12-02 13:03:49.000',NULL,NULL,NULL,NULL,NULL,'ATIVO',NULL,'2026-02-03 16:28:08.000',NULL,NULL,NULL,NULL,NULL),(531,1,NULL,'SAIDA','PWA','2025-12-02 17:46:00.000',NULL,NULL,NULL,NULL,NULL,'ATIVO',NULL,'2026-02-03 16:28:08.000',NULL,NULL,NULL,NULL,NULL),(532,5,NULL,'ENTRADA','PWA','2025-12-02 12:05:14.000',NULL,NULL,NULL,NULL,NULL,'ATIVO',NULL,'2026-02-03 16:28:08.000',NULL,NULL,NULL,NULL,NULL),(533,5,NULL,'SAIDA','PWA','2025-12-02 13:29:12.000',NULL,NULL,NULL,NULL,NULL,'ATIVO',NULL,'2026-02-03 16:28:08.000',NULL,NULL,NULL,NULL,NULL),(534,5,NULL,'ENTRADA','PWA','2025-12-02 13:30:00.000',NULL,NULL,NULL,NULL,NULL,'ATIVO',NULL,'2026-02-03 16:28:08.000',NULL,NULL,NULL,NULL,NULL),(535,5,NULL,'SAIDA','PWA','2025-12-02 17:30:00.000',NULL,NULL,NULL,NULL,NULL,'ATIVO',NULL,'2026-02-03 16:28:08.000',NULL,NULL,NULL,NULL,NULL),(536,3,NULL,'ENTRADA','PWA','2025-12-03 07:33:06.000',NULL,NULL,NULL,NULL,NULL,'ATIVO',NULL,'2026-02-03 16:28:08.000',NULL,NULL,NULL,NULL,NULL),(537,3,NULL,'SAIDA','PWA','2025-12-03 14:41:10.000',NULL,NULL,NULL,NULL,NULL,'ATIVO',NULL,'2026-02-03 16:28:08.000',NULL,NULL,NULL,NULL,NULL),(538,3,NULL,'ENTRADA','PWA','2025-12-03 15:10:06.000',NULL,NULL,NULL,NULL,NULL,'ATIVO',NULL,'2026-02-03 16:28:08.000',NULL,NULL,NULL,NULL,NULL),(539,3,NULL,'SAIDA','PWA','2025-12-03 16:27:51.000',NULL,NULL,NULL,NULL,NULL,'ATIVO',NULL,'2026-02-03 16:28:08.000',NULL,NULL,NULL,NULL,NULL),(540,2,NULL,'ENTRADA','PWA','2025-12-03 07:33:42.000',NULL,NULL,NULL,NULL,NULL,'ATIVO',NULL,'2026-02-03 16:28:08.000',NULL,NULL,NULL,NULL,NULL),(541,2,NULL,'SAIDA','PWA','2025-12-03 14:41:01.000',NULL,NULL,NULL,NULL,NULL,'ATIVO',NULL,'2026-02-03 16:28:08.000',NULL,NULL,NULL,NULL,NULL),(542,2,NULL,'ENTRADA','PWA','2025-12-03 15:42:42.000',NULL,NULL,NULL,NULL,NULL,'ATIVO',NULL,'2026-02-03 16:28:08.000',NULL,NULL,NULL,NULL,NULL),(543,2,NULL,'SAIDA','PWA','2025-12-03 17:35:57.000',NULL,NULL,NULL,NULL,NULL,'ATIVO',NULL,'2026-02-03 16:28:08.000',NULL,NULL,NULL,NULL,NULL),(544,4,NULL,'ENTRADA','PWA','2025-12-03 07:43:42.000',NULL,NULL,NULL,NULL,NULL,'ATIVO',NULL,'2026-02-03 16:28:08.000',NULL,NULL,NULL,NULL,NULL),(545,4,NULL,'SAIDA','PWA','2025-12-03 14:57:02.000',NULL,NULL,NULL,NULL,NULL,'ATIVO',NULL,'2026-02-03 16:28:08.000',NULL,NULL,NULL,NULL,NULL),(546,4,NULL,'ENTRADA','PWA','2025-12-03 17:38:30.000',NULL,NULL,NULL,NULL,NULL,'ATIVO',NULL,'2026-02-03 16:28:08.000',NULL,NULL,NULL,NULL,NULL),(547,4,NULL,'SAIDA','PWA','2025-12-03 17:38:30.000',NULL,NULL,NULL,NULL,NULL,'ATIVO',NULL,'2026-02-03 16:28:08.000',NULL,NULL,NULL,NULL,NULL),(548,1,NULL,'ENTRADA','PWA','2025-12-03 08:00:36.000',NULL,NULL,NULL,NULL,NULL,'ATIVO',NULL,'2026-02-03 16:28:08.000',NULL,NULL,NULL,NULL,NULL),(549,1,NULL,'SAIDA','PWA','2025-12-03 13:07:50.000',NULL,NULL,NULL,NULL,NULL,'ATIVO',NULL,'2026-02-03 16:28:08.000',NULL,NULL,NULL,NULL,NULL),(550,1,NULL,'ENTRADA','PWA','2025-12-03 13:54:30.000',NULL,NULL,NULL,NULL,NULL,'ATIVO',NULL,'2026-02-03 16:28:08.000',NULL,NULL,NULL,NULL,NULL),(551,1,NULL,'SAIDA','PWA','2025-12-03 17:38:54.000',NULL,NULL,NULL,NULL,NULL,'ATIVO',NULL,'2026-02-03 16:28:08.000',NULL,NULL,NULL,NULL,NULL),(552,5,NULL,'ENTRADA','PWA','2025-12-03 07:29:15.000',NULL,NULL,NULL,NULL,NULL,'ATIVO',NULL,'2026-02-03 16:28:08.000',NULL,NULL,NULL,NULL,NULL),(553,5,NULL,'SAIDA','PWA','2025-12-03 14:40:25.000',NULL,NULL,NULL,NULL,NULL,'ATIVO',NULL,'2026-02-03 16:28:08.000',NULL,NULL,NULL,NULL,NULL),(554,5,NULL,'ENTRADA','PWA','2025-12-03 15:39:05.000',NULL,NULL,NULL,NULL,NULL,'ATIVO',NULL,'2026-02-03 16:28:08.000',NULL,NULL,NULL,NULL,NULL),(555,5,NULL,'SAIDA','PWA','2025-12-03 17:42:58.000',NULL,NULL,NULL,NULL,NULL,'ATIVO',NULL,'2026-02-03 16:28:08.000',NULL,NULL,NULL,NULL,NULL),(556,5,NULL,'ENTRADA','PWA','2025-12-04 07:28:15.000',NULL,NULL,NULL,NULL,NULL,'ATIVO',NULL,'2026-02-03 16:28:08.000',NULL,NULL,NULL,NULL,NULL),(557,5,NULL,'SAIDA','PWA','2025-12-04 12:04:41.000',NULL,NULL,NULL,NULL,NULL,'ATIVO',NULL,'2026-02-03 16:28:08.000',NULL,NULL,NULL,NULL,NULL),(558,5,NULL,'ENTRADA','PWA','2025-12-04 13:29:04.000',NULL,NULL,NULL,NULL,NULL,'ATIVO',NULL,'2026-02-03 16:28:08.000',NULL,NULL,NULL,NULL,NULL),(559,5,NULL,'SAIDA','PWA','2025-12-04 17:34:05.000',NULL,NULL,NULL,NULL,NULL,'ATIVO',NULL,'2026-02-03 16:28:08.000',NULL,NULL,NULL,NULL,NULL),(560,4,NULL,'ENTRADA','PWA','2025-12-04 07:30:16.000',NULL,NULL,NULL,NULL,NULL,'ATIVO',NULL,'2026-02-03 16:28:08.000',NULL,NULL,NULL,NULL,NULL),(561,4,NULL,'SAIDA','PWA','2025-12-04 12:02:40.000',NULL,NULL,NULL,NULL,NULL,'ATIVO',NULL,'2026-02-03 16:28:08.000',NULL,NULL,NULL,NULL,NULL),(562,4,NULL,'ENTRADA','PWA','2025-12-04 13:31:14.000',NULL,NULL,NULL,NULL,NULL,'ATIVO',NULL,'2026-02-03 16:28:08.000',NULL,NULL,NULL,NULL,NULL),(563,4,NULL,'SAIDA','PWA','2025-12-04 17:34:36.000',NULL,NULL,NULL,NULL,NULL,'ATIVO',NULL,'2026-02-03 16:28:08.000',NULL,NULL,NULL,NULL,NULL),(564,2,NULL,'ENTRADA','PWA','2025-12-04 07:34:32.000',NULL,NULL,NULL,NULL,NULL,'ATIVO',NULL,'2026-02-03 16:28:08.000',NULL,NULL,NULL,NULL,NULL),(565,2,NULL,'SAIDA','PWA','2025-12-04 12:04:07.000',NULL,NULL,NULL,NULL,NULL,'ATIVO',NULL,'2026-02-03 16:28:08.000',NULL,NULL,NULL,NULL,NULL),(566,2,NULL,'ENTRADA','PWA','2025-12-04 13:33:03.000',NULL,NULL,NULL,NULL,NULL,'ATIVO',NULL,'2026-02-03 16:28:08.000',NULL,NULL,NULL,NULL,NULL),(567,2,NULL,'SAIDA','PWA','2025-12-04 17:34:34.000',NULL,NULL,NULL,NULL,NULL,'ATIVO',NULL,'2026-02-03 16:28:08.000',NULL,NULL,NULL,NULL,NULL),(568,3,NULL,'ENTRADA','PWA','2025-12-04 07:40:08.000',NULL,NULL,NULL,NULL,NULL,'ATIVO',NULL,'2026-02-03 16:28:08.000',NULL,NULL,NULL,NULL,NULL),(569,3,NULL,'SAIDA','PWA','2025-12-04 13:00:40.000',NULL,NULL,NULL,NULL,NULL,'ATIVO',NULL,'2026-02-03 16:28:08.000',NULL,NULL,NULL,NULL,NULL),(570,3,NULL,'ENTRADA','PWA','2025-12-04 13:30:43.000',NULL,NULL,NULL,NULL,NULL,'ATIVO',NULL,'2026-02-03 16:28:08.000',NULL,NULL,NULL,NULL,NULL),(571,3,NULL,'SAIDA','PWA','2025-12-04 16:27:08.000',NULL,NULL,NULL,NULL,NULL,'ATIVO',NULL,'2026-02-03 16:28:08.000',NULL,NULL,NULL,NULL,NULL),(572,1,NULL,'ENTRADA','PWA','2025-12-04 08:01:22.000',NULL,NULL,NULL,NULL,NULL,'ATIVO',NULL,'2026-02-03 16:28:08.000',NULL,NULL,NULL,NULL,NULL),(573,1,NULL,'SAIDA','PWA','2025-12-04 12:19:30.000',NULL,NULL,NULL,NULL,NULL,'ATIVO',NULL,'2026-02-03 16:28:08.000',NULL,NULL,NULL,NULL,NULL),(574,1,NULL,'ENTRADA','PWA','2025-12-04 13:20:17.000',NULL,NULL,NULL,NULL,NULL,'ATIVO',NULL,'2026-02-03 16:28:08.000',NULL,NULL,NULL,NULL,NULL),(575,1,NULL,'SAIDA','PWA','2025-12-04 17:52:38.000',NULL,NULL,NULL,NULL,NULL,'ATIVO',NULL,'2026-02-03 16:28:08.000',NULL,NULL,NULL,NULL,NULL),(576,4,NULL,'ENTRADA','PWA','2025-12-05 07:33:04.000',NULL,NULL,NULL,NULL,NULL,'ATIVO',NULL,'2026-02-03 16:28:08.000',NULL,NULL,NULL,NULL,NULL),(577,4,NULL,'SAIDA','PWA','2025-12-05 12:06:25.000',NULL,NULL,NULL,NULL,NULL,'ATIVO',NULL,'2026-02-03 16:28:08.000',NULL,NULL,NULL,NULL,NULL),(578,4,NULL,'ENTRADA','PWA','2025-12-05 14:43:07.000',NULL,NULL,NULL,NULL,NULL,'ATIVO',NULL,'2026-02-03 16:28:08.000',NULL,NULL,NULL,NULL,NULL),(579,2,NULL,'ENTRADA','PWA','2025-12-05 07:33:34.000',NULL,NULL,NULL,NULL,NULL,'ATIVO',NULL,'2026-02-03 16:28:08.000',NULL,NULL,NULL,NULL,NULL),(580,2,NULL,'SAIDA','PWA','2025-12-05 12:06:59.000',NULL,NULL,NULL,NULL,NULL,'ATIVO',NULL,'2026-02-03 16:28:08.000',NULL,NULL,NULL,NULL,NULL),(581,2,NULL,'ENTRADA','PWA','2025-12-05 13:25:56.000',NULL,NULL,NULL,NULL,NULL,'ATIVO',NULL,'2026-02-03 16:28:08.000',NULL,NULL,NULL,NULL,NULL),(582,3,NULL,'ENTRADA','PWA','2025-12-05 07:34:14.000',NULL,NULL,NULL,NULL,NULL,'ATIVO',NULL,'2026-02-03 16:28:08.000',NULL,NULL,NULL,NULL,NULL),(583,3,NULL,'SAIDA','PWA','2025-12-05 16:12:56.000',NULL,NULL,NULL,NULL,NULL,'ATIVO',NULL,'2026-02-03 16:28:08.000',NULL,NULL,NULL,NULL,NULL),(584,1,NULL,'ENTRADA','PWA','2025-12-05 08:02:01.000',NULL,NULL,NULL,NULL,NULL,'ATIVO',NULL,'2026-02-03 16:28:08.000',NULL,NULL,NULL,NULL,NULL),(585,1,NULL,'SAIDA','PWA','2025-12-05 13:46:09.000',NULL,NULL,NULL,NULL,NULL,'ATIVO',NULL,'2026-02-03 16:28:08.000',NULL,NULL,NULL,NULL,NULL),(586,1,NULL,'ENTRADA','PWA','2025-12-05 14:27:39.000',NULL,NULL,NULL,NULL,NULL,'ATIVO',NULL,'2026-02-03 16:28:08.000',NULL,NULL,NULL,NULL,NULL),(587,5,NULL,'ENTRADA','PWA','2025-12-05 07:30:29.000',NULL,NULL,NULL,NULL,NULL,'ATIVO',NULL,'2026-02-03 16:28:08.000',NULL,NULL,NULL,NULL,NULL),(588,5,NULL,'SAIDA','PWA','2025-12-05 12:11:18.000',NULL,NULL,NULL,NULL,NULL,'ATIVO',NULL,'2026-02-03 16:28:08.000',NULL,NULL,NULL,NULL,NULL),(589,5,NULL,'ENTRADA','PWA','2025-12-05 13:28:37.000',NULL,NULL,NULL,NULL,NULL,'ATIVO',NULL,'2026-02-03 16:28:08.000',NULL,NULL,NULL,NULL,NULL),(590,5,NULL,'ENTRADA','PWA','2025-12-08 07:27:13.000',NULL,NULL,NULL,NULL,NULL,'ATIVO',NULL,'2026-02-03 16:28:08.000',NULL,NULL,NULL,NULL,NULL),(591,2,NULL,'ENTRADA','PWA','2025-12-08 07:29:46.000',NULL,NULL,NULL,NULL,NULL,'ATIVO',NULL,'2026-02-03 16:28:08.000',NULL,NULL,NULL,NULL,NULL),(592,2,NULL,'SAIDA','PWA','2025-12-08 07:33:24.000',NULL,NULL,NULL,NULL,NULL,'ATIVO',NULL,'2026-02-03 16:28:08.000',NULL,NULL,NULL,NULL,NULL),(593,3,NULL,'ENTRADA','PWA','2025-12-08 07:34:41.000',NULL,NULL,NULL,NULL,NULL,'ATIVO',NULL,'2026-02-03 16:28:08.000',NULL,NULL,NULL,NULL,NULL),(594,3,NULL,'SAIDA','PWA','2025-12-08 16:32:23.000',NULL,NULL,NULL,NULL,NULL,'ATIVO',NULL,'2026-02-03 16:28:08.000',NULL,NULL,NULL,NULL,NULL),(595,1,NULL,'ENTRADA','PWA','2025-12-08 17:39:37.000',NULL,NULL,NULL,NULL,NULL,'ATIVO',NULL,'2026-02-03 16:28:08.000',NULL,NULL,NULL,NULL,NULL),(596,2,NULL,'ENTRADA','PWA','2025-12-09 07:33:29.000',NULL,NULL,NULL,NULL,NULL,'ATIVO',NULL,'2026-02-03 16:28:08.000',NULL,NULL,NULL,NULL,NULL),(597,2,NULL,'SAIDA','PWA','2025-12-09 10:22:49.000',NULL,NULL,NULL,NULL,NULL,'ATIVO',NULL,'2026-02-03 16:28:08.000',NULL,NULL,NULL,NULL,NULL),(598,4,NULL,'ENTRADA','PWA','2025-12-09 07:37:33.000',NULL,NULL,NULL,NULL,NULL,'ATIVO',NULL,'2026-02-03 16:28:08.000',NULL,NULL,NULL,NULL,NULL),(599,4,NULL,'SAIDA','PWA','2025-12-09 12:46:59.000',NULL,NULL,NULL,NULL,NULL,'ATIVO',NULL,'2026-02-03 16:28:08.000',NULL,NULL,NULL,NULL,NULL),(600,4,NULL,'ENTRADA','PWA','2025-12-09 14:05:37.000',NULL,NULL,NULL,NULL,NULL,'ATIVO',NULL,'2026-02-03 16:28:08.000',NULL,NULL,NULL,NULL,NULL),(601,5,NULL,'ENTRADA','PWA','2025-12-09 07:41:47.000',NULL,NULL,NULL,NULL,NULL,'ATIVO',NULL,'2026-02-03 16:28:08.000',NULL,NULL,NULL,NULL,NULL),(602,5,NULL,'SAIDA','PWA','2025-12-09 12:47:04.000',NULL,NULL,NULL,NULL,NULL,'ATIVO',NULL,'2026-02-03 16:28:08.000',NULL,NULL,NULL,NULL,NULL),(603,5,NULL,'ENTRADA','PWA','2025-12-09 14:05:44.000',NULL,NULL,NULL,NULL,NULL,'ATIVO',NULL,'2026-02-03 16:28:08.000',NULL,NULL,NULL,NULL,NULL),(604,5,NULL,'SAIDA','PWA','2025-12-09 17:37:45.000',NULL,NULL,NULL,NULL,NULL,'ATIVO',NULL,'2026-02-03 16:28:08.000',NULL,NULL,NULL,NULL,NULL),(605,3,NULL,'ENTRADA','PWA','2025-12-09 07:45:05.000',NULL,NULL,NULL,NULL,NULL,'ATIVO',NULL,'2026-02-03 16:28:08.000',NULL,NULL,NULL,NULL,NULL),(606,3,NULL,'SAIDA','PWA','2025-12-09 16:43:53.000',NULL,NULL,NULL,NULL,NULL,'ATIVO',NULL,'2026-02-03 16:28:08.000',NULL,NULL,NULL,NULL,NULL),(607,1,NULL,'ENTRADA','PWA','2025-12-09 08:03:00.000',NULL,NULL,NULL,NULL,NULL,'ATIVO',NULL,'2026-02-03 16:28:08.000',NULL,NULL,NULL,NULL,NULL),(608,1,NULL,'SAIDA','PWA','2025-12-09 12:12:27.000',NULL,NULL,NULL,NULL,NULL,'ATIVO',NULL,'2026-02-03 16:28:08.000',NULL,NULL,NULL,NULL,NULL),(609,1,NULL,'ENTRADA','PWA','2025-12-09 13:02:59.000',NULL,NULL,NULL,NULL,NULL,'ATIVO',NULL,'2026-02-03 16:28:08.000',NULL,NULL,NULL,NULL,NULL),(610,1,NULL,'SAIDA','PWA','2025-12-09 08:06:48.000',NULL,NULL,NULL,NULL,NULL,'ATIVO',NULL,'2026-02-03 16:28:08.000',NULL,NULL,NULL,NULL,NULL),(611,5,NULL,'ENTRADA','PWA','2025-12-10 07:32:42.000',NULL,NULL,NULL,NULL,NULL,'ATIVO',NULL,'2026-02-03 16:28:08.000',NULL,NULL,NULL,NULL,NULL),(612,5,NULL,'SAIDA','PWA','2025-12-10 18:36:49.000',NULL,NULL,NULL,NULL,NULL,'ATIVO',NULL,'2026-02-03 16:28:08.000',NULL,NULL,NULL,NULL,NULL),(613,3,NULL,'ENTRADA','PWA','2025-12-10 07:37:27.000',NULL,NULL,NULL,NULL,NULL,'ATIVO',NULL,'2026-02-03 16:28:08.000',NULL,NULL,NULL,NULL,NULL),(614,3,NULL,'SAIDA','PWA','2025-12-10 18:36:45.000',NULL,NULL,NULL,NULL,NULL,'ATIVO',NULL,'2026-02-03 16:28:08.000',NULL,NULL,NULL,NULL,NULL),(615,1,NULL,'ENTRADA','PWA','2025-12-10 08:06:55.000',NULL,NULL,NULL,NULL,NULL,'ATIVO',NULL,'2026-02-03 16:28:08.000',NULL,NULL,NULL,NULL,NULL),(616,5,NULL,'ENTRADA','PWA','2025-12-11 07:28:37.000',NULL,NULL,NULL,NULL,NULL,'ATIVO',NULL,'2026-02-03 16:28:08.000',NULL,NULL,NULL,NULL,NULL),(617,5,NULL,'SAIDA','PWA','2025-12-11 13:24:24.000',NULL,NULL,NULL,NULL,NULL,'ATIVO',NULL,'2026-02-03 16:28:08.000',NULL,NULL,NULL,NULL,NULL),(618,4,NULL,'ENTRADA','PWA','2025-12-11 07:34:42.000',NULL,NULL,NULL,NULL,NULL,'ATIVO',NULL,'2026-02-03 16:28:08.000',NULL,NULL,NULL,NULL,NULL),(619,4,NULL,'SAIDA','PWA','2025-12-11 13:56:18.000',NULL,NULL,NULL,NULL,NULL,'ATIVO',NULL,'2026-02-03 16:28:08.000',NULL,NULL,NULL,NULL,NULL),(620,3,NULL,'ENTRADA','PWA','2025-12-11 07:40:03.000',NULL,NULL,NULL,NULL,NULL,'ATIVO',NULL,'2026-02-03 16:28:08.000',NULL,NULL,NULL,NULL,NULL),(621,3,NULL,'SAIDA','PWA','2025-12-11 17:33:28.000',NULL,NULL,NULL,NULL,NULL,'ATIVO',NULL,'2026-02-03 16:28:08.000',NULL,NULL,NULL,NULL,NULL),(622,1,NULL,'ENTRADA','PWA','2025-12-11 08:08:36.000',NULL,NULL,NULL,NULL,NULL,'ATIVO',NULL,'2026-02-03 16:28:08.000',NULL,NULL,NULL,NULL,NULL),(623,1,NULL,'SAIDA','PWA','2025-12-11 11:59:59.000',NULL,NULL,NULL,NULL,NULL,'ATIVO',NULL,'2026-02-03 16:28:08.000',NULL,NULL,NULL,NULL,NULL),(624,1,NULL,'ENTRADA','PWA','2025-12-11 13:21:40.000',NULL,NULL,NULL,NULL,NULL,'ATIVO',NULL,'2026-02-03 16:28:08.000',NULL,NULL,NULL,NULL,NULL),(625,1,NULL,'SAIDA','PWA','2025-12-11 17:50:52.000',NULL,NULL,NULL,NULL,NULL,'ATIVO',NULL,'2026-02-03 16:28:08.000',NULL,NULL,NULL,NULL,NULL),(626,4,NULL,'ENTRADA','PWA','2025-12-12 07:30:21.000',NULL,NULL,NULL,NULL,NULL,'ATIVO',NULL,'2026-02-03 16:28:08.000',NULL,NULL,NULL,NULL,NULL),(627,4,NULL,'SAIDA','PWA','2025-12-12 15:07:15.000',NULL,NULL,NULL,NULL,NULL,'ATIVO',NULL,'2026-02-03 16:28:08.000',NULL,NULL,NULL,NULL,NULL),(628,4,NULL,'ENTRADA','PWA','2025-12-12 15:43:49.000',NULL,NULL,NULL,NULL,NULL,'ATIVO',NULL,'2026-02-03 16:28:08.000',NULL,NULL,NULL,NULL,NULL),(629,4,NULL,'SAIDA','PWA','2025-12-12 17:52:07.000',NULL,NULL,NULL,NULL,NULL,'ATIVO',NULL,'2026-02-03 16:28:08.000',NULL,NULL,NULL,NULL,NULL),(630,4,NULL,'ENTRADA','PWA','2025-12-12 22:19:28.000',NULL,NULL,NULL,NULL,NULL,'ATIVO',NULL,'2026-02-03 16:28:08.000',NULL,NULL,NULL,NULL,NULL),(631,4,NULL,'SAIDA','PWA','2025-12-12 22:19:30.000',NULL,NULL,NULL,NULL,NULL,'ATIVO',NULL,'2026-02-03 16:28:08.000',NULL,NULL,NULL,NULL,NULL),(632,5,NULL,'ENTRADA','PWA','2025-12-12 07:30:56.000',NULL,NULL,NULL,NULL,NULL,'ATIVO',NULL,'2026-02-03 16:28:08.000',NULL,NULL,NULL,NULL,NULL),(633,5,NULL,'SAIDA','PWA','2025-12-12 13:29:58.000',NULL,NULL,NULL,NULL,NULL,'ATIVO',NULL,'2026-02-03 16:28:09.000',NULL,NULL,NULL,NULL,NULL),(634,5,NULL,'ENTRADA','PWA','2025-12-12 17:51:55.000',NULL,NULL,NULL,NULL,NULL,'ATIVO',NULL,'2026-02-03 16:28:09.000',NULL,NULL,NULL,NULL,NULL),(635,3,NULL,'ENTRADA','PWA','2025-12-12 07:34:47.000',NULL,NULL,NULL,NULL,NULL,'ATIVO',NULL,'2026-02-03 16:28:09.000',NULL,NULL,NULL,NULL,NULL),(636,1,NULL,'ENTRADA','PWA','2025-12-12 08:07:33.000',NULL,NULL,NULL,NULL,NULL,'ATIVO',NULL,'2026-02-03 16:28:09.000',NULL,NULL,NULL,NULL,NULL),(637,1,NULL,'SAIDA','PWA','2025-12-12 18:18:29.000',NULL,NULL,NULL,NULL,NULL,'ATIVO',NULL,'2026-02-03 16:28:09.000',NULL,NULL,NULL,NULL,NULL),(638,3,NULL,'ENTRADA','PWA','2025-12-15 07:29:36.000',NULL,NULL,NULL,NULL,NULL,'ATIVO',NULL,'2026-02-03 16:28:09.000',NULL,NULL,NULL,NULL,NULL),(639,3,NULL,'SAIDA','PWA','2025-12-15 16:32:37.000',NULL,NULL,NULL,NULL,NULL,'ATIVO',NULL,'2026-02-03 16:28:09.000',NULL,NULL,NULL,NULL,NULL),(640,4,NULL,'ENTRADA','PWA','2025-12-15 07:30:14.000',NULL,NULL,NULL,NULL,NULL,'ATIVO',NULL,'2026-02-03 16:28:09.000',NULL,NULL,NULL,NULL,NULL),(641,4,NULL,'SAIDA','PWA','2025-12-15 13:30:07.000',NULL,NULL,NULL,NULL,NULL,'ATIVO',NULL,'2026-02-03 16:28:09.000',NULL,NULL,NULL,NULL,NULL),(642,4,NULL,'ENTRADA','PWA','2025-12-15 14:00:54.000',NULL,NULL,NULL,NULL,NULL,'ATIVO',NULL,'2026-02-03 16:28:09.000',NULL,NULL,NULL,NULL,NULL),(643,4,NULL,'SAIDA','PWA','2025-12-15 17:56:07.000',NULL,NULL,NULL,NULL,NULL,'ATIVO',NULL,'2026-02-03 16:28:09.000',NULL,NULL,NULL,NULL,NULL),(644,5,NULL,'ENTRADA','PWA','2025-12-15 07:37:11.000',NULL,NULL,NULL,NULL,NULL,'ATIVO',NULL,'2026-02-03 16:28:09.000',NULL,NULL,NULL,NULL,NULL),(645,5,NULL,'SAIDA','PWA','2025-12-15 17:56:07.000',NULL,NULL,NULL,NULL,NULL,'ATIVO',NULL,'2026-02-03 16:28:09.000',NULL,NULL,NULL,NULL,NULL),(646,5,NULL,'ENTRADA','PWA','2025-12-15 13:08:28.000',NULL,NULL,NULL,NULL,NULL,'ATIVO',NULL,'2026-02-03 16:28:09.000',NULL,NULL,NULL,NULL,NULL),(647,5,NULL,'SAIDA','PWA','2025-12-15 14:06:37.000',NULL,NULL,NULL,NULL,NULL,'ATIVO',NULL,'2026-02-03 16:28:09.000',NULL,NULL,NULL,NULL,NULL),(648,1,NULL,'ENTRADA','PWA','2025-12-15 08:10:59.000',NULL,NULL,NULL,NULL,NULL,'ATIVO',NULL,'2026-02-03 16:28:09.000',NULL,NULL,NULL,NULL,NULL),(649,1,NULL,'SAIDA','PWA','2025-12-15 17:46:17.000',NULL,NULL,NULL,NULL,NULL,'ATIVO',NULL,'2026-02-03 16:28:09.000',NULL,NULL,NULL,NULL,NULL),(650,4,NULL,'ENTRADA','PWA','2025-12-16 07:23:01.000',NULL,NULL,NULL,NULL,NULL,'ATIVO',NULL,'2026-02-03 16:28:09.000',NULL,NULL,NULL,NULL,NULL),(651,3,NULL,'ENTRADA','PWA','2025-12-16 07:31:28.000',NULL,NULL,NULL,NULL,NULL,'ATIVO',NULL,'2026-02-03 16:28:09.000',NULL,NULL,NULL,NULL,NULL),(652,1,NULL,'ENTRADA','PWA','2025-12-16 07:57:39.000',NULL,NULL,NULL,NULL,NULL,'ATIVO',NULL,'2026-02-03 16:28:09.000',NULL,NULL,NULL,NULL,NULL),(653,1,NULL,'SAIDA','PWA','2025-12-16 13:13:34.000',NULL,NULL,NULL,NULL,NULL,'ATIVO',NULL,'2026-02-03 16:28:09.000',NULL,NULL,NULL,NULL,NULL),(654,3,NULL,'ENTRADA','PWA','2025-12-17 07:30:04.000',NULL,NULL,NULL,NULL,NULL,'ATIVO',NULL,'2026-02-03 16:28:09.000',NULL,NULL,NULL,NULL,NULL),(655,3,NULL,'SAIDA','PWA','2025-12-17 12:10:36.000',NULL,NULL,NULL,NULL,NULL,'ATIVO',NULL,'2026-02-03 16:28:09.000',NULL,NULL,NULL,NULL,NULL),(656,3,NULL,'ENTRADA','PWA','2025-12-17 13:31:05.000',NULL,NULL,NULL,NULL,NULL,'ATIVO',NULL,'2026-02-03 16:28:09.000',NULL,NULL,NULL,NULL,NULL),(657,3,NULL,'SAIDA','PWA','2025-12-17 17:42:55.000',NULL,NULL,NULL,NULL,NULL,'ATIVO',NULL,'2026-02-03 16:28:09.000',NULL,NULL,NULL,NULL,NULL),(658,4,NULL,'ENTRADA','PWA','2025-12-17 07:37:05.000',NULL,NULL,NULL,NULL,NULL,'ATIVO',NULL,'2026-02-03 16:28:09.000',NULL,NULL,NULL,NULL,NULL),(659,4,NULL,'SAIDA','PWA','2025-12-17 12:01:28.000',NULL,NULL,NULL,NULL,NULL,'ATIVO',NULL,'2026-02-03 16:28:09.000',NULL,NULL,NULL,NULL,NULL),(660,4,NULL,'ENTRADA','PWA','2025-12-17 13:31:09.000',NULL,NULL,NULL,NULL,NULL,'ATIVO',NULL,'2026-02-03 16:28:09.000',NULL,NULL,NULL,NULL,NULL),(661,4,NULL,'SAIDA','PWA','2025-12-17 17:52:29.000',NULL,NULL,NULL,NULL,NULL,'ATIVO',NULL,'2026-02-03 16:28:09.000',NULL,NULL,NULL,NULL,NULL),(662,1,NULL,'ENTRADA','PWA','2025-12-17 07:50:14.000',NULL,NULL,NULL,NULL,NULL,'ATIVO',NULL,'2026-02-03 16:28:09.000',NULL,NULL,NULL,NULL,NULL),(663,1,NULL,'SAIDA','PWA','2025-12-17 18:05:55.000',NULL,NULL,NULL,NULL,NULL,'ATIVO',NULL,'2026-02-03 16:28:09.000',NULL,NULL,NULL,NULL,NULL),(664,5,NULL,'ENTRADA','PWA','2025-12-17 07:37:07.000',NULL,NULL,NULL,NULL,NULL,'ATIVO',NULL,'2026-02-03 16:28:09.000',NULL,NULL,NULL,NULL,NULL),(665,5,NULL,'SAIDA','PWA','2025-12-17 12:09:38.000',NULL,NULL,NULL,NULL,NULL,'ATIVO',NULL,'2026-02-03 16:28:09.000',NULL,NULL,NULL,NULL,NULL),(666,5,NULL,'ENTRADA','PWA','2025-12-17 12:09:41.000',NULL,NULL,NULL,NULL,NULL,'ATIVO',NULL,'2026-02-03 16:28:09.000',NULL,NULL,NULL,NULL,NULL),(667,5,NULL,'SAIDA','PWA','2025-12-17 13:28:53.000',NULL,NULL,NULL,NULL,NULL,'ATIVO',NULL,'2026-02-03 16:28:09.000',NULL,NULL,NULL,NULL,NULL),(668,5,NULL,'ENTRADA','PWA','2025-12-17 17:53:25.000',NULL,NULL,NULL,NULL,NULL,'ATIVO',NULL,'2026-02-03 16:28:09.000',NULL,NULL,NULL,NULL,NULL),(669,5,NULL,'ENTRADA','PWA','2025-12-18 07:26:20.000',NULL,NULL,NULL,NULL,NULL,'ATIVO',NULL,'2026-02-03 16:28:09.000',NULL,NULL,NULL,NULL,NULL),(670,4,NULL,'ENTRADA','PWA','2025-12-18 07:32:18.000',NULL,NULL,NULL,NULL,NULL,'ATIVO',NULL,'2026-02-03 16:28:09.000',NULL,NULL,NULL,NULL,NULL),(671,4,NULL,'SAIDA','PWA','2025-12-18 17:23:50.000',NULL,NULL,NULL,NULL,NULL,'ATIVO',NULL,'2026-02-03 16:28:09.000',NULL,NULL,NULL,NULL,NULL),(672,4,NULL,'ENTRADA','PWA','2025-12-18 17:23:51.000',NULL,NULL,NULL,NULL,NULL,'ATIVO',NULL,'2026-02-03 16:28:09.000',NULL,NULL,NULL,NULL,NULL),(673,4,NULL,'SAIDA','PWA','2025-12-18 17:23:51.000',NULL,NULL,NULL,NULL,NULL,'ATIVO',NULL,'2026-02-03 16:28:09.000',NULL,NULL,NULL,NULL,NULL),(674,3,NULL,'ENTRADA','PWA','2025-12-18 07:36:14.000',NULL,NULL,NULL,NULL,NULL,'ATIVO',NULL,'2026-02-03 16:28:09.000',NULL,NULL,NULL,NULL,NULL),(675,3,NULL,'SAIDA','PWA','2025-12-18 07:36:16.000',NULL,NULL,NULL,NULL,NULL,'ATIVO',NULL,'2026-02-03 16:28:09.000',NULL,NULL,NULL,NULL,NULL),(676,3,NULL,'ENTRADA','PWA','2025-12-18 17:24:03.000',NULL,NULL,NULL,NULL,NULL,'ATIVO',NULL,'2026-02-03 16:28:09.000',NULL,NULL,NULL,NULL,NULL),(677,1,NULL,'ENTRADA','PWA','2025-12-18 08:06:24.000',NULL,NULL,NULL,NULL,NULL,'ATIVO',NULL,'2026-02-03 16:28:09.000',NULL,NULL,NULL,NULL,NULL),(678,5,NULL,'ENTRADA','PWA','2025-12-19 07:34:02.000',NULL,NULL,NULL,NULL,NULL,'ATIVO',NULL,'2026-02-03 16:28:09.000',NULL,NULL,NULL,NULL,NULL),(679,5,NULL,'SAIDA','PWA','2025-12-19 12:07:34.000',NULL,NULL,NULL,NULL,NULL,'ATIVO',NULL,'2026-02-03 16:28:09.000',NULL,NULL,NULL,NULL,NULL),(680,5,NULL,'ENTRADA','PWA','2025-12-19 13:29:49.000',NULL,NULL,NULL,NULL,NULL,'ATIVO',NULL,'2026-02-03 16:28:09.000',NULL,NULL,NULL,NULL,NULL),(681,5,NULL,'SAIDA','PWA','2025-12-19 17:35:04.000',NULL,NULL,NULL,NULL,NULL,'ATIVO',NULL,'2026-02-03 16:28:09.000',NULL,NULL,NULL,NULL,NULL),(682,3,NULL,'ENTRADA','PWA','2025-12-19 07:34:34.000',NULL,NULL,NULL,NULL,NULL,'ATIVO',NULL,'2026-02-03 16:28:09.000',NULL,NULL,NULL,NULL,NULL),(683,3,NULL,'SAIDA','PWA','2025-12-19 12:04:30.000',NULL,NULL,NULL,NULL,NULL,'ATIVO',NULL,'2026-02-03 16:28:09.000',NULL,NULL,NULL,NULL,NULL),(684,3,NULL,'ENTRADA','PWA','2025-12-19 13:29:33.000',NULL,NULL,NULL,NULL,NULL,'ATIVO',NULL,'2026-02-03 16:28:09.000',NULL,NULL,NULL,NULL,NULL),(685,3,NULL,'SAIDA','PWA','2025-12-19 17:39:09.000',NULL,NULL,NULL,NULL,NULL,'ATIVO',NULL,'2026-02-03 16:28:09.000',NULL,NULL,NULL,NULL,NULL),(686,4,NULL,'ENTRADA','PWA','2025-12-19 07:39:35.000',NULL,NULL,NULL,NULL,NULL,'ATIVO',NULL,'2026-02-03 16:28:09.000',NULL,NULL,NULL,NULL,NULL),(687,4,NULL,'SAIDA','PWA','2025-12-19 12:00:57.000',NULL,NULL,NULL,NULL,NULL,'ATIVO',NULL,'2026-02-03 16:28:09.000',NULL,NULL,NULL,NULL,NULL),(688,4,NULL,'ENTRADA','PWA','2025-12-19 13:27:56.000',NULL,NULL,NULL,NULL,NULL,'ATIVO',NULL,'2026-02-03 16:28:09.000',NULL,NULL,NULL,NULL,NULL),(689,1,NULL,'ENTRADA','PWA','2025-12-19 08:38:28.000',NULL,NULL,NULL,NULL,NULL,'ATIVO',NULL,'2026-02-03 16:28:09.000',NULL,NULL,NULL,NULL,NULL),(690,4,NULL,'ENTRADA','PWA','2025-12-20 07:32:15.000',NULL,NULL,NULL,NULL,NULL,'ATIVO',NULL,'2026-02-03 16:28:09.000',NULL,NULL,NULL,NULL,NULL),(691,5,NULL,'ENTRADA','PWA','2025-12-20 07:32:23.000',NULL,NULL,NULL,NULL,NULL,'ATIVO',NULL,'2026-02-03 16:28:09.000',NULL,NULL,NULL,NULL,NULL),(692,3,NULL,'ENTRADA','PWA','2025-12-20 07:38:14.000',NULL,NULL,NULL,NULL,NULL,'ATIVO',NULL,'2026-02-03 16:28:09.000',NULL,NULL,NULL,NULL,NULL),(693,1,NULL,'ENTRADA','PWA','2025-12-20 08:11:28.000',NULL,NULL,NULL,NULL,NULL,'ATIVO',NULL,'2026-02-03 16:28:09.000',NULL,NULL,NULL,NULL,NULL),(694,5,NULL,'ENTRADA','PWA','2025-12-22 07:29:26.000',NULL,NULL,NULL,NULL,NULL,'ATIVO',NULL,'2026-02-03 16:28:09.000',NULL,NULL,NULL,NULL,NULL),(695,5,NULL,'SAIDA','PWA','2025-12-22 12:14:35.000',NULL,NULL,NULL,NULL,NULL,'ATIVO',NULL,'2026-02-03 16:28:09.000',NULL,NULL,NULL,NULL,NULL),(696,5,NULL,'ENTRADA','PWA','2025-12-22 13:27:51.000',NULL,NULL,NULL,NULL,NULL,'ATIVO',NULL,'2026-02-03 16:28:09.000',NULL,NULL,NULL,NULL,NULL),(697,5,NULL,'SAIDA','PWA','2025-12-22 17:48:48.000',NULL,NULL,NULL,NULL,NULL,'ATIVO',NULL,'2026-02-03 16:28:09.000',NULL,NULL,NULL,NULL,NULL),(698,4,NULL,'ENTRADA','PWA','2025-12-22 07:30:07.000',NULL,NULL,NULL,NULL,NULL,'ATIVO',NULL,'2026-02-03 16:28:09.000',NULL,NULL,NULL,NULL,NULL),(699,4,NULL,'SAIDA','PWA','2025-12-22 12:10:12.000',NULL,NULL,NULL,NULL,NULL,'ATIVO',NULL,'2026-02-03 16:28:09.000',NULL,NULL,NULL,NULL,NULL),(700,4,NULL,'ENTRADA','PWA','2025-12-22 13:40:06.000',NULL,NULL,NULL,NULL,NULL,'ATIVO',NULL,'2026-02-03 16:28:09.000',NULL,NULL,NULL,NULL,NULL),(701,4,NULL,'SAIDA','PWA','2025-12-22 17:49:16.000',NULL,NULL,NULL,NULL,NULL,'ATIVO',NULL,'2026-02-03 16:28:09.000',NULL,NULL,NULL,NULL,NULL),(702,1,NULL,'ENTRADA','PWA','2025-12-22 08:34:27.000',NULL,NULL,NULL,NULL,NULL,'ATIVO',NULL,'2026-02-03 16:28:09.000',NULL,NULL,NULL,NULL,NULL),(703,1,NULL,'SAIDA','PWA','2025-12-22 17:45:20.000',NULL,NULL,NULL,NULL,NULL,'ATIVO',NULL,'2026-02-03 16:28:09.000',NULL,NULL,NULL,NULL,NULL),(704,5,NULL,'ENTRADA','PWA','2025-12-23 07:30:23.000',NULL,NULL,NULL,NULL,NULL,'ATIVO',NULL,'2026-02-03 16:28:09.000',NULL,NULL,NULL,NULL,NULL),(705,4,NULL,'ENTRADA','PWA','2025-12-23 07:30:38.000',NULL,NULL,NULL,NULL,NULL,'ATIVO',NULL,'2026-02-03 16:28:09.000',NULL,NULL,NULL,NULL,NULL),(706,4,NULL,'SAIDA','PWA','2025-12-23 12:02:29.000',NULL,NULL,NULL,NULL,NULL,'ATIVO',NULL,'2026-02-03 16:28:09.000',NULL,NULL,NULL,NULL,NULL),(707,4,NULL,'ENTRADA','PWA','2025-12-23 17:19:13.000',NULL,NULL,NULL,NULL,NULL,'ATIVO',NULL,'2026-02-03 16:28:09.000',NULL,NULL,NULL,NULL,NULL),(708,4,NULL,'SAIDA','PWA','2025-12-23 17:19:14.000',NULL,NULL,NULL,NULL,NULL,'ATIVO',NULL,'2026-02-03 16:28:09.000',NULL,NULL,NULL,NULL,NULL),(709,1,NULL,'ENTRADA','PWA','2025-12-23 08:47:49.000',NULL,NULL,NULL,NULL,NULL,'ATIVO',NULL,'2026-02-03 16:28:09.000',NULL,NULL,NULL,NULL,NULL),(710,4,NULL,'ENTRADA','PWA','2026-01-05 07:23:08.000',NULL,NULL,NULL,NULL,NULL,'ATIVO',NULL,'2026-02-03 16:28:09.000',NULL,NULL,NULL,NULL,NULL),(711,4,NULL,'SAIDA','PWA','2026-01-05 12:03:33.000',NULL,NULL,NULL,NULL,NULL,'ATIVO',NULL,'2026-02-03 16:28:09.000',NULL,NULL,NULL,NULL,NULL),(712,4,NULL,'ENTRADA','PWA','2026-01-05 13:29:54.000',NULL,NULL,NULL,NULL,NULL,'ATIVO',NULL,'2026-02-03 16:28:09.000',NULL,NULL,NULL,NULL,NULL),(713,4,NULL,'SAIDA','PWA','2026-01-05 17:39:18.000',NULL,NULL,NULL,NULL,NULL,'ATIVO',NULL,'2026-02-03 16:28:09.000',NULL,NULL,NULL,NULL,NULL),(714,3,NULL,'ENTRADA','PWA','2026-01-05 07:27:55.000',NULL,NULL,NULL,NULL,NULL,'ATIVO',NULL,'2026-02-03 16:28:09.000',NULL,NULL,NULL,NULL,NULL),(715,5,NULL,'ENTRADA','PWA','2026-01-05 07:37:28.000',NULL,NULL,NULL,NULL,NULL,'ATIVO',NULL,'2026-02-03 16:28:09.000',NULL,NULL,NULL,NULL,NULL),(716,5,NULL,'SAIDA','PWA','2026-01-05 12:07:58.000',NULL,NULL,NULL,NULL,NULL,'ATIVO',NULL,'2026-02-03 16:28:09.000',NULL,NULL,NULL,NULL,NULL),(717,5,NULL,'ENTRADA','PWA','2026-01-05 13:29:04.000',NULL,NULL,NULL,NULL,NULL,'ATIVO',NULL,'2026-02-03 16:28:09.000',NULL,NULL,NULL,NULL,NULL),(718,5,NULL,'SAIDA','PWA','2026-01-05 17:34:05.000',NULL,NULL,NULL,NULL,NULL,'ATIVO',NULL,'2026-02-03 16:28:09.000',NULL,NULL,NULL,NULL,NULL),(719,1,NULL,'ENTRADA','PWA','2026-01-05 09:02:58.000',NULL,NULL,NULL,NULL,NULL,'ATIVO',NULL,'2026-02-03 16:28:09.000',NULL,NULL,NULL,NULL,NULL),(720,3,NULL,'ENTRADA','PWA','2026-01-06 07:21:45.000',NULL,NULL,NULL,NULL,NULL,'ATIVO',NULL,'2026-02-03 16:28:09.000',NULL,NULL,NULL,NULL,NULL),(721,3,NULL,'SAIDA','PWA','2026-01-06 12:09:50.000',NULL,NULL,NULL,NULL,NULL,'ATIVO',NULL,'2026-02-03 16:28:09.000',NULL,NULL,NULL,NULL,NULL),(722,3,NULL,'ENTRADA','PWA','2026-01-06 13:35:22.000',NULL,NULL,NULL,NULL,NULL,'ATIVO',NULL,'2026-02-03 16:28:09.000',NULL,NULL,NULL,NULL,NULL),(723,3,NULL,'SAIDA','PWA','2026-01-06 17:30:28.000',NULL,NULL,NULL,NULL,NULL,'ATIVO',NULL,'2026-02-03 16:28:09.000',NULL,NULL,NULL,NULL,NULL),(724,4,NULL,'ENTRADA','PWA','2026-01-06 07:24:12.000',NULL,NULL,NULL,NULL,NULL,'ATIVO',NULL,'2026-02-03 16:28:09.000',NULL,NULL,NULL,NULL,NULL),(725,4,NULL,'SAIDA','PWA','2026-01-06 12:00:23.000',NULL,NULL,NULL,NULL,NULL,'ATIVO',NULL,'2026-02-03 16:28:09.000',NULL,NULL,NULL,NULL,NULL),(726,4,NULL,'ENTRADA','PWA','2026-01-06 13:29:31.000',NULL,NULL,NULL,NULL,NULL,'ATIVO',NULL,'2026-02-03 16:28:09.000',NULL,NULL,NULL,NULL,NULL),(727,5,NULL,'ENTRADA','PWA','2026-01-06 07:30:00.000',NULL,NULL,NULL,NULL,NULL,'ATIVO',NULL,'2026-02-03 16:28:09.000',NULL,NULL,NULL,NULL,NULL),(728,5,NULL,'SAIDA','PWA','2026-01-06 12:00:00.000',NULL,NULL,NULL,NULL,NULL,'ATIVO',NULL,'2026-02-03 16:28:09.000',NULL,NULL,NULL,NULL,NULL),(729,5,NULL,'ENTRADA','PWA','2026-01-06 13:29:00.000',NULL,NULL,NULL,NULL,NULL,'ATIVO',NULL,'2026-02-03 16:28:09.000',NULL,NULL,NULL,NULL,NULL),(730,3,NULL,'ENTRADA','PWA','2026-01-07 07:23:41.000',NULL,NULL,NULL,NULL,NULL,'ATIVO',NULL,'2026-02-03 16:28:09.000',NULL,NULL,NULL,NULL,NULL),(731,3,NULL,'SAIDA','PWA','2026-01-07 12:00:23.000',NULL,NULL,NULL,NULL,NULL,'ATIVO',NULL,'2026-02-03 16:28:09.000',NULL,NULL,NULL,NULL,NULL),(732,3,NULL,'ENTRADA','PWA','2026-01-07 13:34:02.000',NULL,NULL,NULL,NULL,NULL,'ATIVO',NULL,'2026-02-03 16:28:09.000',NULL,NULL,NULL,NULL,NULL),(733,3,NULL,'SAIDA','PWA','2026-01-07 17:39:05.000',NULL,NULL,NULL,NULL,NULL,'ATIVO',NULL,'2026-02-03 16:28:09.000',NULL,NULL,NULL,NULL,NULL),(734,4,NULL,'ENTRADA','PWA','2026-01-07 07:31:57.000',NULL,NULL,NULL,NULL,NULL,'ATIVO',NULL,'2026-02-03 16:28:09.000',NULL,NULL,NULL,NULL,NULL),(735,4,NULL,'SAIDA','PWA','2026-01-07 12:00:32.000',NULL,NULL,NULL,NULL,NULL,'ATIVO',NULL,'2026-02-03 16:28:09.000',NULL,NULL,NULL,NULL,NULL),(736,4,NULL,'ENTRADA','PWA','2026-01-07 17:41:44.000',NULL,NULL,NULL,NULL,NULL,'ATIVO',NULL,'2026-02-03 16:28:09.000',NULL,NULL,NULL,NULL,NULL),(737,4,NULL,'SAIDA','PWA','2026-01-07 17:41:46.000',NULL,NULL,NULL,NULL,NULL,'ATIVO',NULL,'2026-02-03 16:28:09.000',NULL,NULL,NULL,NULL,NULL),(738,1,NULL,'ENTRADA','PWA','2026-01-07 07:43:20.000',NULL,NULL,NULL,NULL,NULL,'ATIVO',NULL,'2026-02-03 16:28:09.000',NULL,NULL,NULL,NULL,NULL),(739,3,NULL,'ENTRADA','PWA','2026-01-08 07:26:59.000',NULL,NULL,NULL,NULL,NULL,'ATIVO',NULL,'2026-02-03 16:28:09.000',NULL,NULL,NULL,NULL,NULL),(740,3,NULL,'SAIDA','PWA','2026-01-08 12:00:44.000',NULL,NULL,NULL,NULL,NULL,'ATIVO',NULL,'2026-02-03 16:28:09.000',NULL,NULL,NULL,NULL,NULL),(741,3,NULL,'ENTRADA','PWA','2026-01-08 13:30:12.000',NULL,NULL,NULL,NULL,NULL,'ATIVO',NULL,'2026-02-03 16:28:09.000',NULL,NULL,NULL,NULL,NULL),(742,3,NULL,'SAIDA','PWA','2026-01-08 17:32:58.000',NULL,NULL,NULL,NULL,NULL,'ATIVO',NULL,'2026-02-03 16:28:09.000',NULL,NULL,NULL,NULL,NULL),(743,4,NULL,'ENTRADA','PWA','2026-01-08 07:27:32.000',NULL,NULL,NULL,NULL,NULL,'ATIVO',NULL,'2026-02-03 16:28:09.000',NULL,NULL,NULL,NULL,NULL),(744,4,NULL,'SAIDA','PWA','2026-01-08 11:59:16.000',NULL,NULL,NULL,NULL,NULL,'ATIVO',NULL,'2026-02-03 16:28:09.000',NULL,NULL,NULL,NULL,NULL),(745,4,NULL,'ENTRADA','PWA','2026-01-08 13:30:38.000',NULL,NULL,NULL,NULL,NULL,'ATIVO',NULL,'2026-02-03 16:28:09.000',NULL,NULL,NULL,NULL,NULL),(746,4,NULL,'SAIDA','PWA','2026-01-08 17:26:48.000',NULL,NULL,NULL,NULL,NULL,'ATIVO',NULL,'2026-02-03 16:28:09.000',NULL,NULL,NULL,NULL,NULL),(747,5,NULL,'ENTRADA','PWA','2026-01-07 07:36:05.000',NULL,NULL,NULL,NULL,NULL,'ATIVO',NULL,'2026-02-03 16:28:09.000',NULL,NULL,NULL,NULL,NULL),(748,5,NULL,'SAIDA','PWA','2026-01-07 12:01:50.000',NULL,NULL,NULL,NULL,NULL,'ATIVO',NULL,'2026-02-03 16:28:09.000',NULL,NULL,NULL,NULL,NULL),(749,5,NULL,'ENTRADA','PWA','2026-01-07 13:29:54.000',NULL,NULL,NULL,NULL,NULL,'ATIVO',NULL,'2026-02-03 16:28:09.000',NULL,NULL,NULL,NULL,NULL),(750,5,NULL,'SAIDA','PWA','2026-01-07 17:32:23.000',NULL,NULL,NULL,NULL,NULL,'ATIVO',NULL,'2026-02-03 16:28:09.000',NULL,NULL,NULL,NULL,NULL),(751,5,NULL,'ENTRADA','PWA','2026-01-08 07:27:57.000',NULL,NULL,NULL,NULL,NULL,'ATIVO',NULL,'2026-02-03 16:28:09.000',NULL,NULL,NULL,NULL,NULL),(752,5,NULL,'SAIDA','PWA','2026-01-08 12:00:00.000',NULL,NULL,NULL,NULL,NULL,'ATIVO',NULL,'2026-02-03 16:28:09.000',NULL,NULL,NULL,NULL,NULL),(753,5,NULL,'ENTRADA','PWA','2026-01-08 13:28:00.000',NULL,NULL,NULL,NULL,NULL,'ATIVO',NULL,'2026-02-03 16:28:09.000',NULL,NULL,NULL,NULL,NULL),(754,2,NULL,'ENTRADA','PWA','2026-01-08 07:29:21.000',NULL,NULL,NULL,NULL,NULL,'ATIVO',NULL,'2026-02-03 16:28:09.000',NULL,NULL,NULL,NULL,NULL),(755,2,NULL,'SAIDA','PWA','2026-01-08 11:59:50.000',NULL,NULL,NULL,NULL,NULL,'ATIVO',NULL,'2026-02-03 16:28:09.000',NULL,NULL,NULL,NULL,NULL),(756,2,NULL,'ENTRADA','PWA','2026-01-08 13:33:18.000',NULL,NULL,NULL,NULL,NULL,'ATIVO',NULL,'2026-02-03 16:28:09.000',NULL,NULL,NULL,NULL,NULL),(757,1,NULL,'ENTRADA','PWA','2026-01-08 07:54:59.000',NULL,NULL,NULL,NULL,NULL,'ATIVO',NULL,'2026-02-03 16:28:09.000',NULL,NULL,NULL,NULL,NULL),(758,1,NULL,'SAIDA','PWA','2026-01-08 12:13:37.000',NULL,NULL,NULL,NULL,NULL,'ATIVO',NULL,'2026-02-03 16:28:09.000',NULL,NULL,NULL,NULL,NULL),(759,1,NULL,'ENTRADA','PWA','2026-01-08 13:42:06.000',NULL,NULL,NULL,NULL,NULL,'ATIVO',NULL,'2026-02-03 16:28:09.000',NULL,NULL,NULL,NULL,NULL),(760,4,NULL,'ENTRADA','PWA','2026-01-09 07:29:23.000',NULL,NULL,NULL,NULL,NULL,'ATIVO',NULL,'2026-02-03 16:28:09.000',NULL,NULL,NULL,NULL,NULL),(761,4,NULL,'SAIDA','PWA','2026-01-09 12:06:31.000',NULL,NULL,NULL,NULL,NULL,'ATIVO',NULL,'2026-02-03 16:28:09.000',NULL,NULL,NULL,NULL,NULL),(762,4,NULL,'ENTRADA','PWA','2026-01-09 13:30:08.000',NULL,NULL,NULL,NULL,NULL,'ATIVO',NULL,'2026-02-03 16:28:09.000',NULL,NULL,NULL,NULL,NULL),(763,4,NULL,'SAIDA','PWA','2026-01-09 17:28:56.000',NULL,NULL,NULL,NULL,NULL,'ATIVO',NULL,'2026-02-03 16:28:09.000',NULL,NULL,NULL,NULL,NULL),(764,3,NULL,'ENTRADA','PWA','2026-01-09 07:30:36.000',NULL,NULL,NULL,NULL,NULL,'ATIVO',NULL,'2026-02-03 16:28:09.000',NULL,NULL,NULL,NULL,NULL),(765,3,NULL,'SAIDA','PWA','2026-01-09 11:57:23.000',NULL,NULL,NULL,NULL,NULL,'ATIVO',NULL,'2026-02-03 16:28:09.000',NULL,NULL,NULL,NULL,NULL),(766,3,NULL,'ENTRADA','PWA','2026-01-09 13:29:39.000',NULL,NULL,NULL,NULL,NULL,'ATIVO',NULL,'2026-02-03 16:28:09.000',NULL,NULL,NULL,NULL,NULL),(767,3,NULL,'SAIDA','PWA','2026-01-09 17:30:16.000',NULL,NULL,NULL,NULL,NULL,'ATIVO',NULL,'2026-02-03 16:28:09.000',NULL,NULL,NULL,NULL,NULL),(768,2,NULL,'ENTRADA','PWA','2026-01-09 07:34:24.000',NULL,NULL,NULL,NULL,NULL,'ATIVO',NULL,'2026-02-03 16:28:09.000',NULL,NULL,NULL,NULL,NULL),(769,2,NULL,'SAIDA','PWA','2026-01-09 11:58:51.000',NULL,NULL,NULL,NULL,NULL,'ATIVO',NULL,'2026-02-03 16:28:09.000',NULL,NULL,NULL,NULL,NULL),(770,2,NULL,'ENTRADA','PWA','2026-01-09 13:29:00.000',NULL,NULL,NULL,NULL,NULL,'ATIVO',NULL,'2026-02-03 16:28:09.000',NULL,NULL,NULL,NULL,NULL),(771,2,NULL,'SAIDA','PWA','2026-01-09 17:30:37.000',NULL,NULL,NULL,NULL,NULL,'ATIVO',NULL,'2026-02-03 16:28:09.000',NULL,NULL,NULL,NULL,NULL),(772,5,NULL,'ENTRADA','PWA','2026-01-09 07:34:58.000',NULL,NULL,NULL,NULL,NULL,'ATIVO',NULL,'2026-02-03 16:28:09.000',NULL,NULL,NULL,NULL,NULL),(773,5,NULL,'SAIDA','PWA','2026-01-09 12:07:58.000',NULL,NULL,NULL,NULL,NULL,'ATIVO',NULL,'2026-02-03 16:28:09.000',NULL,NULL,NULL,NULL,NULL),(774,5,NULL,'ENTRADA','PWA','2026-01-09 13:30:20.000',NULL,NULL,NULL,NULL,NULL,'ATIVO',NULL,'2026-02-03 16:28:09.000',NULL,NULL,NULL,NULL,NULL),(775,5,NULL,'SAIDA','PWA','2026-01-09 17:29:21.000',NULL,NULL,NULL,NULL,NULL,'ATIVO',NULL,'2026-02-03 16:28:09.000',NULL,NULL,NULL,NULL,NULL),(776,1,NULL,'ENTRADA','PWA','2026-01-09 07:42:36.000',NULL,NULL,NULL,NULL,NULL,'ATIVO',NULL,'2026-02-03 16:28:09.000',NULL,NULL,NULL,NULL,NULL),(777,1,NULL,'SAIDA','PWA','2026-01-09 12:08:13.000',NULL,NULL,NULL,NULL,NULL,'ATIVO',NULL,'2026-02-03 16:28:09.000',NULL,NULL,NULL,NULL,NULL),(778,1,NULL,'ENTRADA','PWA','2026-01-09 14:09:11.000',NULL,NULL,NULL,NULL,NULL,'ATIVO',NULL,'2026-02-03 16:28:09.000',NULL,NULL,NULL,NULL,NULL),(779,1,NULL,'SAIDA','PWA','2026-01-09 18:04:12.000',NULL,NULL,NULL,NULL,NULL,'ATIVO',NULL,'2026-02-03 16:28:09.000',NULL,NULL,NULL,NULL,NULL),(780,3,NULL,'ENTRADA','PWA','2026-01-12 07:28:53.000',NULL,NULL,NULL,NULL,NULL,'ATIVO',NULL,'2026-02-03 16:28:09.000',NULL,NULL,NULL,NULL,NULL),(781,3,NULL,'SAIDA','PWA','2026-01-12 12:30:04.000',NULL,NULL,NULL,NULL,NULL,'ATIVO',NULL,'2026-02-03 16:28:09.000',NULL,NULL,NULL,NULL,NULL),(782,3,NULL,'ENTRADA','PWA','2026-01-12 13:30:08.000',NULL,NULL,NULL,NULL,NULL,'ATIVO',NULL,'2026-02-03 16:28:09.000',NULL,NULL,NULL,NULL,NULL),(783,3,NULL,'SAIDA','PWA','2026-01-12 17:39:34.000',NULL,NULL,NULL,NULL,NULL,'ATIVO',NULL,'2026-02-03 16:28:09.000',NULL,NULL,NULL,NULL,NULL),(784,5,NULL,'ENTRADA','PWA','2026-01-12 07:29:32.000',NULL,NULL,NULL,NULL,NULL,'ATIVO',NULL,'2026-02-03 16:28:09.000',NULL,NULL,NULL,NULL,NULL),(785,5,NULL,'SAIDA','PWA','2026-01-12 12:04:43.000',NULL,NULL,NULL,NULL,NULL,'ATIVO',NULL,'2026-02-03 16:28:09.000',NULL,NULL,NULL,NULL,NULL),(786,5,NULL,'ENTRADA','PWA','2026-01-12 13:29:18.000',NULL,NULL,NULL,NULL,NULL,'ATIVO',NULL,'2026-02-03 16:28:09.000',NULL,NULL,NULL,NULL,NULL),(787,4,NULL,'ENTRADA','PWA','2026-01-12 07:30:08.000',NULL,NULL,NULL,NULL,NULL,'ATIVO',NULL,'2026-02-03 16:28:09.000',NULL,NULL,NULL,NULL,NULL),(788,4,NULL,'SAIDA','PWA','2026-01-12 12:03:14.000',NULL,NULL,NULL,NULL,NULL,'ATIVO',NULL,'2026-02-03 16:28:09.000',NULL,NULL,NULL,NULL,NULL),(789,4,NULL,'ENTRADA','PWA','2026-01-12 13:30:36.000',NULL,NULL,NULL,NULL,NULL,'ATIVO',NULL,'2026-02-03 16:28:09.000',NULL,NULL,NULL,NULL,NULL),(790,4,NULL,'SAIDA','PWA','2026-01-12 17:40:08.000',NULL,NULL,NULL,NULL,NULL,'ATIVO',NULL,'2026-02-03 16:28:09.000',NULL,NULL,NULL,NULL,NULL),(791,4,NULL,'ENTRADA','PWA','2026-01-12 17:40:08.000',NULL,NULL,NULL,NULL,NULL,'ATIVO',NULL,'2026-02-03 16:28:09.000',NULL,NULL,NULL,NULL,NULL),(792,4,NULL,'SAIDA','PWA','2026-01-12 17:40:13.000',NULL,NULL,NULL,NULL,NULL,'ATIVO',NULL,'2026-02-03 16:28:09.000',NULL,NULL,NULL,NULL,NULL),(793,2,NULL,'ENTRADA','PWA','2026-01-12 07:33:54.000',NULL,NULL,NULL,NULL,NULL,'ATIVO',NULL,'2026-02-03 16:28:09.000',NULL,NULL,NULL,NULL,NULL),(794,2,NULL,'SAIDA','PWA','2026-01-12 13:30:54.000',NULL,NULL,NULL,NULL,NULL,'ATIVO',NULL,'2026-02-03 16:28:09.000',NULL,NULL,NULL,NULL,NULL),(795,2,NULL,'ENTRADA','PWA','2026-01-12 13:30:58.000',NULL,NULL,NULL,NULL,NULL,'ATIVO',NULL,'2026-02-03 16:28:09.000',NULL,NULL,NULL,NULL,NULL),(796,3,NULL,'ENTRADA','PWA','2026-01-13 07:26:20.000',NULL,NULL,NULL,NULL,NULL,'ATIVO',NULL,'2026-02-03 16:28:09.000',NULL,NULL,NULL,NULL,NULL),(797,3,NULL,'SAIDA','PWA','2026-01-13 12:00:41.000',NULL,NULL,NULL,NULL,NULL,'ATIVO',NULL,'2026-02-03 16:28:09.000',NULL,NULL,NULL,NULL,NULL),(798,3,NULL,'ENTRADA','PWA','2026-01-13 13:31:43.000',NULL,NULL,NULL,NULL,NULL,'ATIVO',NULL,'2026-02-03 16:28:09.000',NULL,NULL,NULL,NULL,NULL),(799,3,NULL,'SAIDA','PWA','2026-01-13 16:23:19.000',NULL,NULL,NULL,NULL,NULL,'ATIVO',NULL,'2026-02-03 16:28:09.000',NULL,NULL,NULL,NULL,NULL),(800,2,NULL,'ENTRADA','PWA','2026-01-13 07:27:34.000',NULL,NULL,NULL,NULL,NULL,'ATIVO',NULL,'2026-02-03 16:28:09.000',NULL,NULL,NULL,NULL,NULL),(801,2,NULL,'SAIDA','PWA','2026-01-13 12:30:51.000',NULL,NULL,NULL,NULL,NULL,'ATIVO',NULL,'2026-02-03 16:28:09.000',NULL,NULL,NULL,NULL,NULL),(802,2,NULL,'ENTRADA','PWA','2026-01-13 13:35:18.000',NULL,NULL,NULL,NULL,NULL,'ATIVO',NULL,'2026-02-03 16:28:09.000',NULL,NULL,NULL,NULL,NULL),(803,4,NULL,'ENTRADA','PWA','2026-01-13 07:29:02.000',NULL,NULL,NULL,NULL,NULL,'ATIVO',NULL,'2026-02-03 16:28:09.000',NULL,NULL,NULL,NULL,NULL),(804,4,NULL,'SAIDA','PWA','2026-01-13 12:27:52.000',NULL,NULL,NULL,NULL,NULL,'ATIVO',NULL,'2026-02-03 16:28:09.000',NULL,NULL,NULL,NULL,NULL),(805,4,NULL,'ENTRADA','PWA','2026-01-13 14:00:52.000',NULL,NULL,NULL,NULL,NULL,'ATIVO',NULL,'2026-02-03 16:28:09.000',NULL,NULL,NULL,NULL,NULL),(806,4,NULL,'SAIDA','PWA','2026-01-13 17:48:15.000',NULL,NULL,NULL,NULL,NULL,'ATIVO',NULL,'2026-02-03 16:28:09.000',NULL,NULL,NULL,NULL,NULL),(807,1,NULL,'ENTRADA','PWA','2026-01-13 07:30:19.000',NULL,NULL,NULL,NULL,NULL,'ATIVO',NULL,'2026-02-03 16:28:09.000',NULL,NULL,NULL,NULL,NULL),(808,5,NULL,'ENTRADA','PWA','2026-01-13 07:36:31.000',NULL,NULL,NULL,NULL,NULL,'ATIVO',NULL,'2026-02-03 16:28:09.000',NULL,NULL,NULL,NULL,NULL),(809,5,NULL,'SAIDA','PWA','2026-01-13 12:27:21.000',NULL,NULL,NULL,NULL,NULL,'ATIVO',NULL,'2026-02-03 16:28:09.000',NULL,NULL,NULL,NULL,NULL),(810,5,NULL,'ENTRADA','PWA','2026-01-13 13:58:37.000',NULL,NULL,NULL,NULL,NULL,'ATIVO',NULL,'2026-02-03 16:28:09.000',NULL,NULL,NULL,NULL,NULL),(811,2,NULL,'ENTRADA','PWA','2026-01-14 07:31:27.000',NULL,NULL,NULL,NULL,NULL,'ATIVO',NULL,'2026-02-03 16:28:09.000',NULL,NULL,NULL,NULL,NULL),(812,2,NULL,'SAIDA','PWA','2026-01-14 08:11:29.000',NULL,NULL,NULL,NULL,NULL,'ATIVO',NULL,'2026-02-03 16:28:09.000',NULL,NULL,NULL,NULL,NULL),(813,2,NULL,'ENTRADA','PWA','2026-01-14 08:11:32.000',NULL,NULL,NULL,NULL,NULL,'ATIVO',NULL,'2026-02-03 16:28:09.000',NULL,NULL,NULL,NULL,NULL),(814,3,NULL,'ENTRADA','PWA','2026-01-14 07:31:28.000',NULL,NULL,NULL,NULL,NULL,'ATIVO',NULL,'2026-02-03 16:28:09.000',NULL,NULL,NULL,NULL,NULL),(815,3,NULL,'SAIDA','PWA','2026-01-14 15:52:07.000',NULL,NULL,NULL,NULL,NULL,'ATIVO',NULL,'2026-02-03 16:28:09.000',NULL,NULL,NULL,NULL,NULL),(816,3,NULL,'ENTRADA','PWA','2026-01-14 17:19:36.000',NULL,NULL,NULL,NULL,NULL,'ATIVO',NULL,'2026-02-03 16:28:09.000',NULL,NULL,NULL,NULL,NULL),(817,3,NULL,'SAIDA','PWA','2026-01-14 17:20:16.000',NULL,NULL,NULL,NULL,NULL,'ATIVO',NULL,'2026-02-03 16:28:09.000',NULL,NULL,NULL,NULL,NULL),(818,4,NULL,'ENTRADA','PWA','2026-01-14 07:40:39.000',NULL,NULL,NULL,NULL,NULL,'ATIVO',NULL,'2026-02-03 16:28:09.000',NULL,NULL,NULL,NULL,NULL),(819,4,NULL,'SAIDA','PWA','2026-01-14 16:10:40.000',NULL,NULL,NULL,NULL,NULL,'ATIVO',NULL,'2026-02-03 16:28:09.000',NULL,NULL,NULL,NULL,NULL),(820,4,NULL,'ENTRADA','PWA','2026-01-14 17:21:44.000',NULL,NULL,NULL,NULL,NULL,'ATIVO',NULL,'2026-02-03 16:28:09.000',NULL,NULL,NULL,NULL,NULL),(821,4,NULL,'SAIDA','PWA','2026-01-14 17:21:45.000',NULL,NULL,NULL,NULL,NULL,'ATIVO',NULL,'2026-02-03 16:28:09.000',NULL,NULL,NULL,NULL,NULL),(822,1,NULL,'ENTRADA','PWA','2026-01-14 07:41:55.000',NULL,NULL,NULL,NULL,NULL,'ATIVO',NULL,'2026-02-03 16:28:09.000',NULL,NULL,NULL,NULL,NULL),(823,1,NULL,'SAIDA','PWA','2026-01-14 17:20:06.000',NULL,NULL,NULL,NULL,NULL,'ATIVO',NULL,'2026-02-03 16:28:09.000',NULL,NULL,NULL,NULL,NULL),(824,1,NULL,'ENTRADA','PWA','2026-01-14 17:31:50.000',NULL,NULL,NULL,NULL,NULL,'ATIVO',NULL,'2026-02-03 16:28:09.000',NULL,NULL,NULL,NULL,NULL),(825,5,NULL,'ENTRADA','PWA','2026-01-14 07:46:52.000',NULL,NULL,NULL,NULL,NULL,'ATIVO',NULL,'2026-02-03 16:28:09.000',NULL,NULL,NULL,NULL,NULL),(826,5,NULL,'SAIDA','PWA','2026-01-14 12:00:00.000',NULL,NULL,NULL,NULL,NULL,'ATIVO',NULL,'2026-02-03 16:28:09.000',NULL,NULL,NULL,NULL,NULL),(827,5,NULL,'ENTRADA','PWA','2026-01-14 13:30:00.000',NULL,NULL,NULL,NULL,NULL,'ATIVO',NULL,'2026-02-03 16:28:09.000',NULL,NULL,NULL,NULL,NULL),(828,5,NULL,'SAIDA','PWA','2026-01-14 17:32:03.000',NULL,NULL,NULL,NULL,NULL,'ATIVO',NULL,'2026-02-03 16:28:09.000',NULL,NULL,NULL,NULL,NULL),(829,3,NULL,'ENTRADA','PWA','2026-01-15 07:24:40.000',NULL,NULL,NULL,NULL,NULL,'ATIVO',NULL,'2026-02-03 16:28:09.000',NULL,NULL,NULL,NULL,NULL),(830,3,NULL,'SAIDA','PWA','2026-01-15 14:00:20.000',NULL,NULL,NULL,NULL,NULL,'ATIVO',NULL,'2026-02-03 16:28:09.000',NULL,NULL,NULL,NULL,NULL),(831,3,NULL,'ENTRADA','PWA','2026-01-15 14:56:05.000',NULL,NULL,NULL,NULL,NULL,'ATIVO',NULL,'2026-02-03 16:28:09.000',NULL,NULL,NULL,NULL,NULL),(832,3,NULL,'SAIDA','PWA','2026-01-15 16:22:12.000',NULL,NULL,NULL,NULL,NULL,'ATIVO',NULL,'2026-02-03 16:28:09.000',NULL,NULL,NULL,NULL,NULL),(833,3,NULL,'ENTRADA','PWA','2026-01-15 16:48:53.000',NULL,NULL,NULL,NULL,NULL,'ATIVO',NULL,'2026-02-03 16:28:09.000',NULL,NULL,NULL,NULL,NULL),(834,3,NULL,'SAIDA','PWA','2026-01-15 17:32:04.000',NULL,NULL,NULL,NULL,NULL,'ATIVO',NULL,'2026-02-03 16:28:09.000',NULL,NULL,NULL,NULL,NULL),(835,5,NULL,'ENTRADA','PWA','2026-01-15 07:27:48.000',NULL,NULL,NULL,NULL,NULL,'ATIVO',NULL,'2026-02-03 16:28:09.000',NULL,NULL,NULL,NULL,NULL),(836,5,NULL,'SAIDA','PWA','2026-01-15 13:31:32.000',NULL,NULL,NULL,NULL,NULL,'ATIVO',NULL,'2026-02-03 16:28:09.000',NULL,NULL,NULL,NULL,NULL),(837,5,NULL,'ENTRADA','PWA','2026-01-15 14:58:21.000',NULL,NULL,NULL,NULL,NULL,'ATIVO',NULL,'2026-02-03 16:28:09.000',NULL,NULL,NULL,NULL,NULL),(838,5,NULL,'SAIDA','PWA','2026-01-15 17:36:53.000',NULL,NULL,NULL,NULL,NULL,'ATIVO',NULL,'2026-02-03 16:28:09.000',NULL,NULL,NULL,NULL,NULL),(839,2,NULL,'ENTRADA','PWA','2026-01-15 07:28:17.000',NULL,NULL,NULL,NULL,NULL,'ATIVO',NULL,'2026-02-03 16:28:09.000',NULL,NULL,NULL,NULL,NULL),(840,2,NULL,'SAIDA','PWA','2026-01-15 12:37:59.000',NULL,NULL,NULL,NULL,NULL,'ATIVO',NULL,'2026-02-03 16:28:09.000',NULL,NULL,NULL,NULL,NULL),(841,2,NULL,'ENTRADA','PWA','2026-01-15 13:26:27.000',NULL,NULL,NULL,NULL,NULL,'ATIVO',NULL,'2026-02-03 16:28:09.000',NULL,NULL,NULL,NULL,NULL),(842,2,NULL,'SAIDA','PWA','2026-01-15 17:43:28.000',NULL,NULL,NULL,NULL,NULL,'ATIVO',NULL,'2026-02-03 16:28:09.000',NULL,NULL,NULL,NULL,NULL),(843,4,NULL,'ENTRADA','PWA','2026-01-15 07:29:47.000',NULL,NULL,NULL,NULL,NULL,'ATIVO',NULL,'2026-02-03 16:28:09.000',NULL,NULL,NULL,NULL,NULL),(844,4,NULL,'SAIDA','PWA','2026-01-15 13:29:22.000',NULL,NULL,NULL,NULL,NULL,'ATIVO',NULL,'2026-02-03 16:28:09.000',NULL,NULL,NULL,NULL,NULL),(845,4,NULL,'ENTRADA','PWA','2026-01-15 14:58:45.000',NULL,NULL,NULL,NULL,NULL,'ATIVO',NULL,'2026-02-03 16:28:09.000',NULL,NULL,NULL,NULL,NULL),(846,4,NULL,'SAIDA','PWA','2026-01-15 17:43:30.000',NULL,NULL,NULL,NULL,NULL,'ATIVO',NULL,'2026-02-03 16:28:09.000',NULL,NULL,NULL,NULL,NULL),(847,1,NULL,'ENTRADA','PWA','2026-01-15 07:50:41.000',NULL,NULL,NULL,NULL,NULL,'ATIVO',NULL,'2026-02-03 16:28:09.000',NULL,NULL,NULL,NULL,NULL),(848,2,NULL,'ENTRADA','PWA','2026-01-16 07:28:06.000',NULL,NULL,NULL,NULL,NULL,'ATIVO',NULL,'2026-02-03 16:28:09.000',NULL,NULL,NULL,NULL,NULL),(849,2,NULL,'SAIDA','PWA','2026-01-16 13:39:50.000',NULL,NULL,NULL,NULL,NULL,'ATIVO',NULL,'2026-02-03 16:28:09.000',NULL,NULL,NULL,NULL,NULL),(850,2,NULL,'ENTRADA','PWA','2026-01-16 14:08:30.000',NULL,NULL,NULL,NULL,NULL,'ATIVO',NULL,'2026-02-03 16:28:09.000',NULL,NULL,NULL,NULL,NULL),(851,2,NULL,'SAIDA','PWA','2026-01-16 17:50:42.000',NULL,NULL,NULL,NULL,NULL,'ATIVO',NULL,'2026-02-03 16:28:09.000',NULL,NULL,NULL,NULL,NULL),(852,5,NULL,'ENTRADA','PWA','2026-01-16 07:29:44.000',NULL,NULL,NULL,NULL,NULL,'ATIVO',NULL,'2026-02-03 16:28:09.000',NULL,NULL,NULL,NULL,NULL),(853,5,NULL,'SAIDA','PWA','2026-01-16 12:05:48.000',NULL,NULL,NULL,NULL,NULL,'ATIVO',NULL,'2026-02-03 16:28:09.000',NULL,NULL,NULL,NULL,NULL),(854,5,NULL,'ENTRADA','PWA','2026-01-16 13:30:52.000',NULL,NULL,NULL,NULL,NULL,'ATIVO',NULL,'2026-02-03 16:28:09.000',NULL,NULL,NULL,NULL,NULL),(855,4,NULL,'ENTRADA','PWA','2026-01-16 07:30:36.000',NULL,NULL,NULL,NULL,NULL,'ATIVO',NULL,'2026-02-03 16:28:09.000',NULL,NULL,NULL,NULL,NULL),(856,3,NULL,'ENTRADA','PWA','2026-01-16 07:31:09.000',NULL,NULL,NULL,NULL,NULL,'ATIVO',NULL,'2026-02-03 16:28:09.000',NULL,NULL,NULL,NULL,NULL),(857,3,NULL,'SAIDA','PWA','2026-01-16 10:27:46.000',NULL,NULL,NULL,NULL,NULL,'ATIVO',NULL,'2026-02-03 16:28:09.000',NULL,NULL,NULL,NULL,NULL),(858,3,NULL,'ENTRADA','PWA','2026-01-16 11:47:38.000',NULL,NULL,NULL,NULL,NULL,'ATIVO',NULL,'2026-02-03 16:28:09.000',NULL,NULL,NULL,NULL,NULL),(859,3,NULL,'SAIDA','PWA','2026-01-16 17:35:01.000',NULL,NULL,NULL,NULL,NULL,'ATIVO',NULL,'2026-02-03 16:28:09.000',NULL,NULL,NULL,NULL,NULL),(860,1,NULL,'ENTRADA','PWA','2026-01-16 08:20:49.000',NULL,NULL,NULL,NULL,NULL,'ATIVO',NULL,'2026-02-03 16:28:09.000',NULL,NULL,NULL,NULL,NULL),(861,4,NULL,'ENTRADA','PWA','2026-01-17 11:55:45.000',NULL,NULL,NULL,NULL,NULL,'ATIVO',NULL,'2026-02-03 16:28:09.000',NULL,NULL,NULL,NULL,NULL),(862,4,NULL,'SAIDA','PWA','2026-01-17 11:55:46.000',NULL,NULL,NULL,NULL,NULL,'ATIVO',NULL,'2026-02-03 16:28:09.000',NULL,NULL,NULL,NULL,NULL),(863,4,NULL,'ENTRADA','PWA','2026-01-17 11:55:46.000',NULL,NULL,NULL,NULL,NULL,'ATIVO',NULL,'2026-02-03 16:28:09.000',NULL,NULL,NULL,NULL,NULL),(865,2,NULL,'ENTRADA','PWA','2026-01-17 07:31:52.000',NULL,NULL,NULL,NULL,NULL,'ATIVO',NULL,'2026-02-03 16:28:09.000',NULL,NULL,NULL,NULL,NULL),(866,3,NULL,'ENTRADA','PWA','2026-01-17 07:31:04.000',NULL,NULL,NULL,NULL,NULL,'ATIVO',NULL,'2026-02-03 16:28:09.000',NULL,NULL,NULL,NULL,NULL),(867,3,NULL,'SAIDA','PWA','2026-01-17 11:55:22.000',NULL,NULL,NULL,NULL,NULL,'ATIVO',NULL,'2026-02-03 16:28:09.000',NULL,NULL,NULL,NULL,NULL),(868,3,NULL,'ENTRADA','PWA','2026-01-19 07:26:52.000',NULL,NULL,NULL,NULL,NULL,'ATIVO',NULL,'2026-02-03 16:28:09.000',NULL,NULL,NULL,NULL,NULL),(869,3,NULL,'SAIDA','PWA','2026-01-19 15:40:34.000',NULL,NULL,NULL,NULL,NULL,'ATIVO',NULL,'2026-02-03 16:28:09.000',NULL,NULL,NULL,NULL,NULL),(870,3,NULL,'ENTRADA','PWA','2026-01-19 17:34:49.000',NULL,NULL,NULL,NULL,NULL,'ATIVO',NULL,'2026-02-03 16:28:09.000',NULL,NULL,NULL,NULL,NULL),(871,3,NULL,'SAIDA','PWA','2026-01-19 17:34:52.000',NULL,NULL,NULL,NULL,NULL,'ATIVO',NULL,'2026-02-03 16:28:09.000',NULL,NULL,NULL,NULL,NULL),(872,4,NULL,'ENTRADA','PWA','2026-01-19 07:30:01.000',NULL,NULL,NULL,NULL,NULL,'ATIVO',NULL,'2026-02-03 16:28:09.000',NULL,NULL,NULL,NULL,NULL),(873,4,NULL,'SAIDA','PWA','2026-01-19 15:43:31.000',NULL,NULL,NULL,NULL,NULL,'ATIVO',NULL,'2026-02-03 16:28:09.000',NULL,NULL,NULL,NULL,NULL),(874,4,NULL,'ENTRADA','PWA','2026-01-19 16:54:27.000',NULL,NULL,NULL,NULL,NULL,'ATIVO',NULL,'2026-02-03 16:28:09.000',NULL,NULL,NULL,NULL,NULL),(875,2,NULL,'ENTRADA','PWA','2026-01-19 07:32:19.000',NULL,NULL,NULL,NULL,NULL,'ATIVO',NULL,'2026-02-03 16:28:09.000',NULL,NULL,NULL,NULL,NULL),(876,2,NULL,'SAIDA','PWA','2026-01-19 15:54:38.000',NULL,NULL,NULL,NULL,NULL,'ATIVO',NULL,'2026-02-03 16:28:09.000',NULL,NULL,NULL,NULL,NULL),(877,5,NULL,'ENTRADA','PWA','2026-01-17 07:44:32.000',NULL,NULL,NULL,NULL,NULL,'ATIVO',NULL,'2026-02-03 16:28:09.000',NULL,NULL,NULL,NULL,NULL),(878,5,NULL,'ENTRADA','PWA','2026-01-19 07:33:51.000',NULL,NULL,NULL,NULL,NULL,'ATIVO',NULL,'2026-02-03 16:28:09.000',NULL,NULL,NULL,NULL,NULL),(879,5,NULL,'SAIDA','PWA','2026-01-19 15:44:23.000',NULL,NULL,NULL,NULL,NULL,'ATIVO',NULL,'2026-02-03 16:28:09.000',NULL,NULL,NULL,NULL,NULL),(880,5,NULL,'ENTRADA','PWA','2026-01-19 15:44:26.000',NULL,NULL,NULL,NULL,NULL,'ATIVO',NULL,'2026-02-03 16:28:09.000',NULL,NULL,NULL,NULL,NULL),(881,5,NULL,'SAIDA','PWA','2026-01-19 17:46:00.000',NULL,NULL,NULL,NULL,NULL,'ATIVO',NULL,'2026-02-03 16:28:09.000',NULL,NULL,NULL,NULL,NULL),(882,4,NULL,'ENTRADA','PWA','2026-01-21 12:02:05.000',NULL,NULL,NULL,NULL,NULL,'ATIVO',NULL,'2026-02-03 16:28:09.000',NULL,NULL,NULL,NULL,NULL),(883,4,NULL,'SAIDA','PWA','2026-01-21 12:02:05.000',NULL,NULL,NULL,NULL,NULL,'ATIVO',NULL,'2026-02-03 16:28:09.000',NULL,NULL,NULL,NULL,NULL),(884,4,NULL,'ENTRADA','PWA','2026-01-21 17:39:48.000',NULL,NULL,NULL,NULL,NULL,'ATIVO',NULL,'2026-02-03 16:28:09.000',NULL,NULL,NULL,NULL,NULL),(885,4,NULL,'SAIDA','PWA','2026-01-21 17:39:49.000',NULL,NULL,NULL,NULL,NULL,'ATIVO',NULL,'2026-02-03 16:28:09.000',NULL,NULL,NULL,NULL,NULL),(886,2,NULL,'ENTRADA','PWA','2026-01-21 07:29:19.000',NULL,NULL,NULL,NULL,NULL,'ATIVO',NULL,'2026-02-03 16:28:09.000',NULL,NULL,NULL,NULL,NULL),(887,2,NULL,'SAIDA','PWA','2026-01-21 12:01:59.000',NULL,NULL,NULL,NULL,NULL,'ATIVO',NULL,'2026-02-03 16:28:09.000',NULL,NULL,NULL,NULL,NULL),(888,2,NULL,'ENTRADA','PWA','2026-01-21 13:29:01.000',NULL,NULL,NULL,NULL,NULL,'ATIVO',NULL,'2026-02-03 16:28:09.000',NULL,NULL,NULL,NULL,NULL),(889,3,NULL,'ENTRADA','PWA','2026-01-21 07:30:21.000',NULL,NULL,NULL,NULL,NULL,'ATIVO',NULL,'2026-02-03 16:28:09.000',NULL,NULL,NULL,NULL,NULL),(890,3,NULL,'SAIDA','PWA','2026-01-21 12:30:23.000',NULL,NULL,NULL,NULL,NULL,'ATIVO',NULL,'2026-02-03 16:28:09.000',NULL,NULL,NULL,NULL,NULL),(891,3,NULL,'ENTRADA','PWA','2026-01-21 13:32:46.000',NULL,NULL,NULL,NULL,NULL,'ATIVO',NULL,'2026-02-03 16:28:09.000',NULL,NULL,NULL,NULL,NULL),(892,3,NULL,'SAIDA','PWA','2026-01-21 16:25:27.000',NULL,NULL,NULL,NULL,NULL,'ATIVO',NULL,'2026-02-03 16:28:09.000',NULL,NULL,NULL,NULL,NULL),(893,3,NULL,'ENTRADA','PWA','2026-01-21 16:58:48.000',NULL,NULL,NULL,NULL,NULL,'ATIVO',NULL,'2026-02-03 16:28:09.000',NULL,NULL,NULL,NULL,NULL),(894,3,NULL,'SAIDA','PWA','2026-01-21 17:37:19.000',NULL,NULL,NULL,NULL,NULL,'ATIVO',NULL,'2026-02-03 16:28:09.000',NULL,NULL,NULL,NULL,NULL),(895,5,NULL,'ENTRADA','PWA','2026-01-21 08:02:47.000',NULL,NULL,NULL,NULL,NULL,'ATIVO',NULL,'2026-02-03 16:28:09.000',NULL,NULL,NULL,NULL,NULL),(896,5,NULL,'SAIDA','PWA','2026-01-21 12:02:11.000',NULL,NULL,NULL,NULL,NULL,'ATIVO',NULL,'2026-02-03 16:28:09.000',NULL,NULL,NULL,NULL,NULL),(897,5,NULL,'ENTRADA','PWA','2026-01-21 13:30:09.000',NULL,NULL,NULL,NULL,NULL,'ATIVO',NULL,'2026-02-03 16:28:09.000',NULL,NULL,NULL,NULL,NULL),(898,5,NULL,'SAIDA','PWA','2026-01-21 17:39:06.000',NULL,NULL,NULL,NULL,NULL,'ATIVO',NULL,'2026-02-03 16:28:09.000',NULL,NULL,NULL,NULL,NULL),(899,3,NULL,'ENTRADA','PWA','2026-01-22 07:30:17.000',NULL,NULL,NULL,NULL,NULL,'ATIVO',NULL,'2026-02-03 16:28:09.000',NULL,NULL,NULL,NULL,NULL),(900,3,NULL,'SAIDA','PWA','2026-01-22 16:25:22.000',NULL,NULL,NULL,NULL,NULL,'ATIVO',NULL,'2026-02-03 16:28:09.000',NULL,NULL,NULL,NULL,NULL),(901,3,NULL,'ENTRADA','PWA','2026-01-22 07:35:55.000',NULL,NULL,NULL,NULL,NULL,'ATIVO',NULL,'2026-02-03 16:28:09.000',NULL,NULL,NULL,NULL,NULL),(902,4,NULL,'ENTRADA','PWA','2026-01-22 07:32:17.000',NULL,NULL,NULL,NULL,NULL,'ATIVO',NULL,'2026-02-03 16:28:09.000',NULL,NULL,NULL,NULL,NULL),(903,4,NULL,'SAIDA','PWA','2026-01-22 16:31:44.000',NULL,NULL,NULL,NULL,NULL,'ATIVO',NULL,'2026-02-03 16:28:09.000',NULL,NULL,NULL,NULL,NULL),(904,2,NULL,'ENTRADA','PWA','2026-01-22 07:33:46.000',NULL,NULL,NULL,NULL,NULL,'ATIVO',NULL,'2026-02-03 16:28:09.000',NULL,NULL,NULL,NULL,NULL),(905,2,NULL,'SAIDA','PWA','2026-01-22 12:11:18.000',NULL,NULL,NULL,NULL,NULL,'ATIVO',NULL,'2026-02-03 16:28:09.000',NULL,NULL,NULL,NULL,NULL),(906,2,NULL,'ENTRADA','PWA','2026-01-23 07:26:59.000',NULL,NULL,NULL,NULL,NULL,'ATIVO',NULL,'2026-02-03 16:28:09.000',NULL,NULL,NULL,NULL,NULL),(907,2,NULL,'SAIDA','PWA','2026-01-23 12:15:13.000',NULL,NULL,NULL,NULL,NULL,'ATIVO',NULL,'2026-02-03 16:28:09.000',NULL,NULL,NULL,NULL,NULL),(908,2,NULL,'ENTRADA','PWA','2026-01-23 13:39:59.000',NULL,NULL,NULL,NULL,NULL,'ATIVO',NULL,'2026-02-03 16:28:09.000',NULL,NULL,NULL,NULL,NULL),(909,3,NULL,'ENTRADA','PWA','2026-01-23 07:36:05.000',NULL,NULL,NULL,NULL,NULL,'ATIVO',NULL,'2026-02-03 16:28:09.000',NULL,NULL,NULL,NULL,NULL),(910,3,NULL,'SAIDA','PWA','2026-01-23 12:30:26.000',NULL,NULL,NULL,NULL,NULL,'ATIVO',NULL,'2026-02-03 16:28:09.000',NULL,NULL,NULL,NULL,NULL),(911,3,NULL,'ENTRADA','PWA','2026-01-23 13:32:37.000',NULL,NULL,NULL,NULL,NULL,'ATIVO',NULL,'2026-02-03 16:28:09.000',NULL,NULL,NULL,NULL,NULL),(912,3,NULL,'SAIDA','PWA','2026-01-23 17:53:55.000',NULL,NULL,NULL,NULL,NULL,'ATIVO',NULL,'2026-02-03 16:28:09.000',NULL,NULL,NULL,NULL,NULL),(913,4,NULL,'ENTRADA','PWA','2026-01-23 07:45:18.000',NULL,NULL,NULL,NULL,NULL,'ATIVO',NULL,'2026-02-03 16:28:09.000',NULL,NULL,NULL,NULL,NULL),(914,4,NULL,'SAIDA','PWA','2026-01-23 12:06:17.000',NULL,NULL,NULL,NULL,NULL,'ATIVO',NULL,'2026-02-03 16:28:09.000',NULL,NULL,NULL,NULL,NULL),(915,1,NULL,'ENTRADA','PWA','2026-01-23 19:55:56.000',NULL,NULL,NULL,NULL,NULL,'ATIVO',NULL,'2026-02-03 16:28:09.000',NULL,NULL,NULL,NULL,NULL),(916,1,NULL,'SAIDA','PWA','2026-01-23 19:55:58.000',NULL,NULL,NULL,NULL,NULL,'ATIVO',NULL,'2026-02-03 16:28:09.000',NULL,NULL,NULL,NULL,NULL),(917,1,NULL,'ENTRADA','PWA','2026-01-23 19:55:59.000',NULL,NULL,NULL,NULL,NULL,'ATIVO',NULL,'2026-02-03 16:28:09.000',NULL,NULL,NULL,NULL,NULL),(918,1,NULL,'SAIDA','PWA','2026-01-23 19:55:59.000',NULL,NULL,NULL,NULL,NULL,'ATIVO',NULL,'2026-02-03 16:28:10.000',NULL,NULL,NULL,NULL,NULL),(919,5,NULL,'ENTRADA','PWA','2026-01-22 07:28:32.000',NULL,NULL,NULL,NULL,NULL,'ATIVO',NULL,'2026-02-03 16:28:10.000',NULL,NULL,NULL,NULL,NULL),(920,5,NULL,'SAIDA','PWA','2026-01-22 17:34:23.000',NULL,NULL,NULL,NULL,NULL,'ATIVO',NULL,'2026-02-03 16:28:10.000',NULL,NULL,NULL,NULL,NULL),(921,5,NULL,'ENTRADA','PWA','2026-01-23 07:34:27.000',NULL,NULL,NULL,NULL,NULL,'ATIVO',NULL,'2026-02-03 16:28:10.000',NULL,NULL,NULL,NULL,NULL),(922,5,NULL,'SAIDA','PWA','2026-01-23 12:03:52.000',NULL,NULL,NULL,NULL,NULL,'ATIVO',NULL,'2026-02-03 16:28:10.000',NULL,NULL,NULL,NULL,NULL),(923,5,NULL,'ENTRADA','PWA','2026-01-23 13:30:00.000',NULL,NULL,NULL,NULL,NULL,'ATIVO',NULL,'2026-02-03 16:28:10.000',NULL,NULL,NULL,NULL,NULL),(924,5,NULL,'SAIDA','PWA','2026-01-23 17:30:00.000',NULL,NULL,NULL,NULL,NULL,'ATIVO',NULL,'2026-02-03 16:28:10.000',NULL,NULL,NULL,NULL,NULL),(925,5,NULL,'ENTRADA','PWA','2026-01-24 07:29:33.000',NULL,NULL,NULL,NULL,NULL,'ATIVO',NULL,'2026-02-03 16:28:10.000',NULL,NULL,NULL,NULL,NULL),(926,5,NULL,'SAIDA','PWA','2026-01-24 09:07:12.000',NULL,NULL,NULL,NULL,NULL,'ATIVO',NULL,'2026-02-03 16:28:10.000',NULL,NULL,NULL,NULL,NULL),(927,2,NULL,'ENTRADA','PWA','2026-01-26 07:26:13.000',NULL,NULL,NULL,NULL,NULL,'ATIVO',NULL,'2026-02-03 16:28:10.000',NULL,NULL,NULL,NULL,NULL),(928,2,NULL,'SAIDA','PWA','2026-01-26 14:26:20.000',NULL,NULL,NULL,NULL,NULL,'ATIVO',NULL,'2026-02-03 16:28:10.000',NULL,NULL,NULL,NULL,NULL),(929,2,NULL,'ENTRADA','PWA','2026-01-26 15:34:06.000',NULL,NULL,NULL,NULL,NULL,'ATIVO',NULL,'2026-02-03 16:28:10.000',NULL,NULL,NULL,NULL,NULL),(930,3,NULL,'ENTRADA','PWA','2026-01-26 07:30:54.000',NULL,NULL,NULL,NULL,NULL,'ATIVO',NULL,'2026-02-03 16:28:10.000',NULL,NULL,NULL,NULL,NULL),(931,3,NULL,'SAIDA','PWA','2026-01-26 14:25:34.000',NULL,NULL,NULL,NULL,NULL,'ATIVO',NULL,'2026-02-03 16:28:10.000',NULL,NULL,NULL,NULL,NULL),(932,3,NULL,'ENTRADA','PWA','2026-01-26 14:59:30.000',NULL,NULL,NULL,NULL,NULL,'ATIVO',NULL,'2026-02-03 16:28:10.000',NULL,NULL,NULL,NULL,NULL),(933,3,NULL,'SAIDA','PWA','2026-01-26 16:24:27.000',NULL,NULL,NULL,NULL,NULL,'ATIVO',NULL,'2026-02-03 16:28:10.000',NULL,NULL,NULL,NULL,NULL),(934,3,NULL,'ENTRADA','PWA','2026-01-26 16:50:09.000',NULL,NULL,NULL,NULL,NULL,'ATIVO',NULL,'2026-02-03 16:28:10.000',NULL,NULL,NULL,NULL,NULL),(935,3,NULL,'SAIDA','PWA','2026-01-26 17:38:12.000',NULL,NULL,NULL,NULL,NULL,'ATIVO',NULL,'2026-02-03 16:28:10.000',NULL,NULL,NULL,NULL,NULL),(936,5,NULL,'ENTRADA','PWA','2026-01-26 07:31:07.000',NULL,NULL,NULL,NULL,NULL,'ATIVO',NULL,'2026-02-03 16:28:10.000',NULL,NULL,NULL,NULL,NULL),(937,5,NULL,'SAIDA','PWA','2026-01-26 14:25:51.000',NULL,NULL,NULL,NULL,NULL,'ATIVO',NULL,'2026-02-03 16:28:10.000',NULL,NULL,NULL,NULL,NULL),(938,5,NULL,'ENTRADA','PWA','2026-01-26 15:43:45.000',NULL,NULL,NULL,NULL,NULL,'ATIVO',NULL,'2026-02-03 16:28:10.000',NULL,NULL,NULL,NULL,NULL),(939,5,NULL,'SAIDA','PWA','2026-01-26 17:36:58.000',NULL,NULL,NULL,NULL,NULL,'ATIVO',NULL,'2026-02-03 16:28:10.000',NULL,NULL,NULL,NULL,NULL),(940,4,NULL,'ENTRADA','PWA','2026-01-26 07:31:22.000',NULL,NULL,NULL,NULL,NULL,'ATIVO',NULL,'2026-02-03 16:28:10.000',NULL,NULL,NULL,NULL,NULL),(941,4,NULL,'SAIDA','PWA','2026-01-26 14:22:55.000',NULL,NULL,NULL,NULL,NULL,'ATIVO',NULL,'2026-02-03 16:28:10.000',NULL,NULL,NULL,NULL,NULL),(942,4,NULL,'ENTRADA','PWA','2026-01-26 17:40:00.000',NULL,NULL,NULL,NULL,NULL,'ATIVO',NULL,'2026-02-03 16:28:10.000',NULL,NULL,NULL,NULL,NULL),(943,4,NULL,'SAIDA','PWA','2026-01-26 17:40:01.000',NULL,NULL,NULL,NULL,NULL,'ATIVO',NULL,'2026-02-03 16:28:10.000',NULL,NULL,NULL,NULL,NULL),(944,2,NULL,'ENTRADA','PWA','2026-01-27 07:24:37.000',NULL,NULL,NULL,NULL,NULL,'ATIVO',NULL,'2026-02-03 16:28:10.000',NULL,NULL,NULL,NULL,NULL),(945,2,NULL,'SAIDA','PWA','2026-01-27 15:23:12.000',NULL,NULL,NULL,NULL,NULL,'ATIVO',NULL,'2026-02-03 16:28:10.000',NULL,NULL,NULL,NULL,NULL),(946,2,NULL,'ENTRADA','PWA','2026-01-27 15:58:36.000',NULL,NULL,NULL,NULL,NULL,'ATIVO',NULL,'2026-02-03 16:28:10.000',NULL,NULL,NULL,NULL,NULL),(947,2,NULL,'SAIDA','PWA','2026-01-27 06:19:26.000',NULL,NULL,NULL,NULL,NULL,'ATIVO',NULL,'2026-02-03 16:28:10.000',NULL,NULL,NULL,NULL,NULL),(948,3,NULL,'ENTRADA','PWA','2026-01-27 07:25:06.000',NULL,NULL,NULL,NULL,NULL,'ATIVO',NULL,'2026-02-03 16:28:10.000',NULL,NULL,NULL,NULL,NULL),(949,4,NULL,'ENTRADA','PWA','2026-01-27 07:38:38.000',NULL,NULL,NULL,NULL,NULL,'ATIVO',NULL,'2026-02-03 16:28:10.000',NULL,NULL,NULL,NULL,NULL),(950,4,NULL,'SAIDA','PWA','2026-01-27 15:15:45.000',NULL,NULL,NULL,NULL,NULL,'ATIVO',NULL,'2026-02-03 16:28:10.000',NULL,NULL,NULL,NULL,NULL),(951,4,NULL,'ENTRADA','PWA','2026-01-27 16:15:52.000',NULL,NULL,NULL,NULL,NULL,'ATIVO',NULL,'2026-02-03 16:28:10.000',NULL,NULL,NULL,NULL,NULL),(952,4,NULL,'SAIDA','PWA','2026-01-27 19:07:29.000',NULL,NULL,NULL,NULL,NULL,'ATIVO',NULL,'2026-02-03 16:28:10.000',NULL,NULL,NULL,NULL,NULL),(953,4,NULL,'ENTRADA','PWA','2026-01-28 07:28:28.000',NULL,NULL,NULL,NULL,NULL,'ATIVO',NULL,'2026-02-03 16:28:10.000',NULL,NULL,NULL,NULL,NULL),(954,4,NULL,'SAIDA','PWA','2026-01-28 18:41:53.000',NULL,NULL,NULL,NULL,NULL,'ATIVO',NULL,'2026-02-03 16:28:10.000',NULL,NULL,NULL,NULL,NULL),(955,4,NULL,'ENTRADA','PWA','2026-01-28 18:41:53.000',NULL,NULL,NULL,NULL,NULL,'ATIVO',NULL,'2026-02-03 16:28:10.000',NULL,NULL,NULL,NULL,NULL),(956,4,NULL,'SAIDA','PWA','2026-01-28 18:41:54.000',NULL,NULL,NULL,NULL,NULL,'ATIVO',NULL,'2026-02-03 16:28:10.000',NULL,NULL,NULL,NULL,NULL),(957,4,NULL,'ENTRADA','PWA','2026-01-28 18:41:54.000',NULL,NULL,NULL,NULL,NULL,'ATIVO',NULL,'2026-02-03 16:28:10.000',NULL,NULL,NULL,NULL,NULL),(958,4,NULL,'SAIDA','PWA','2026-01-28 18:41:56.000',NULL,NULL,NULL,NULL,NULL,'ATIVO',NULL,'2026-02-03 16:28:10.000',NULL,NULL,NULL,NULL,NULL),(959,2,NULL,'ENTRADA','PWA','2026-01-28 08:05:38.000',NULL,NULL,NULL,NULL,NULL,'ATIVO',NULL,'2026-02-03 16:28:10.000',NULL,NULL,NULL,NULL,NULL),(960,2,NULL,'SAIDA','PWA','2026-01-28 18:37:53.000',NULL,NULL,NULL,NULL,NULL,'ATIVO',NULL,'2026-02-03 16:28:10.000',NULL,NULL,NULL,NULL,NULL),(961,2,NULL,'ENTRADA','PWA','2026-01-28 18:37:58.000',NULL,NULL,NULL,NULL,NULL,'ATIVO',NULL,'2026-02-03 16:28:10.000',NULL,NULL,NULL,NULL,NULL),(962,5,NULL,'ENTRADA','PWA','2026-01-27 07:46:09.000',NULL,NULL,NULL,NULL,NULL,'ATIVO',NULL,'2026-02-03 16:28:10.000',NULL,NULL,NULL,NULL,NULL),(963,5,NULL,'SAIDA','PWA','2026-01-27 19:04:36.000',NULL,NULL,NULL,NULL,NULL,'ATIVO',NULL,'2026-02-03 16:28:10.000',NULL,NULL,NULL,NULL,NULL),(964,5,NULL,'ENTRADA','PWA','2026-01-28 07:33:16.000',NULL,NULL,NULL,NULL,NULL,'ATIVO',NULL,'2026-02-03 16:28:10.000',NULL,NULL,NULL,NULL,NULL),(965,5,NULL,'SAIDA','PWA','2026-01-28 12:07:36.000',NULL,NULL,NULL,NULL,NULL,'ATIVO',NULL,'2026-02-03 16:28:10.000',NULL,NULL,NULL,NULL,NULL),(966,5,NULL,'ENTRADA','PWA','2026-01-28 13:26:33.000',NULL,NULL,NULL,NULL,NULL,'ATIVO',NULL,'2026-02-03 16:28:10.000',NULL,NULL,NULL,NULL,NULL),(967,5,NULL,'ENTRADA','PWA','2026-01-29 07:29:58.000',NULL,NULL,NULL,NULL,NULL,'ATIVO',NULL,'2026-02-03 16:28:10.000',NULL,NULL,NULL,NULL,NULL),(968,5,NULL,'SAIDA','PWA','2026-01-29 20:54:10.000',NULL,NULL,NULL,NULL,NULL,'ATIVO',NULL,'2026-02-03 16:28:10.000',NULL,NULL,NULL,NULL,NULL),(969,2,NULL,'ENTRADA','PWA','2026-01-29 07:30:32.000',NULL,NULL,NULL,NULL,NULL,'ATIVO',NULL,'2026-02-03 16:28:10.000',NULL,NULL,NULL,NULL,NULL),(970,2,NULL,'SAIDA','PWA','2026-01-29 12:19:34.000',NULL,NULL,NULL,NULL,NULL,'ATIVO',NULL,'2026-02-03 16:28:10.000',NULL,NULL,NULL,NULL,NULL),(971,2,NULL,'ENTRADA','PWA','2026-01-29 13:04:07.000',NULL,NULL,NULL,NULL,NULL,'ATIVO',NULL,'2026-02-03 16:28:10.000',NULL,NULL,NULL,NULL,NULL),(972,2,NULL,'SAIDA','PWA','2026-01-29 20:53:33.000',NULL,NULL,NULL,NULL,NULL,'ATIVO',NULL,'2026-02-03 16:28:10.000',NULL,NULL,NULL,NULL,NULL),(973,4,NULL,'ENTRADA','PWA','2026-01-29 07:30:48.000',NULL,NULL,NULL,NULL,NULL,'ATIVO',NULL,'2026-02-03 16:28:10.000',NULL,NULL,NULL,NULL,NULL),(974,4,NULL,'SAIDA','PWA','2026-01-29 12:19:22.000',NULL,NULL,NULL,NULL,NULL,'ATIVO',NULL,'2026-02-03 16:28:10.000',NULL,NULL,NULL,NULL,NULL),(975,4,NULL,'ENTRADA','PWA','2026-01-29 20:54:12.000',NULL,NULL,NULL,NULL,NULL,'ATIVO',NULL,'2026-02-03 16:28:10.000',NULL,NULL,NULL,NULL,NULL),(976,4,NULL,'SAIDA','PWA','2026-01-29 20:54:13.000',NULL,NULL,NULL,NULL,NULL,'ATIVO',NULL,'2026-02-03 16:28:10.000',NULL,NULL,NULL,NULL,NULL),(977,4,NULL,'ENTRADA','PWA','2026-01-29 20:54:16.000',NULL,NULL,NULL,NULL,NULL,'ATIVO',NULL,'2026-02-03 16:28:10.000',NULL,NULL,NULL,NULL,NULL),(978,4,NULL,'SAIDA','PWA','2026-01-29 20:54:16.000',NULL,NULL,NULL,NULL,NULL,'ATIVO',NULL,'2026-02-03 16:28:10.000',NULL,NULL,NULL,NULL,NULL),(979,2,NULL,'ENTRADA','PWA','2026-01-30 07:31:25.000',NULL,NULL,NULL,NULL,NULL,'ATIVO',NULL,'2026-02-03 16:28:10.000',NULL,NULL,NULL,NULL,NULL),(980,4,NULL,'ENTRADA','PWA','2026-01-30 07:32:15.000',NULL,NULL,NULL,NULL,NULL,'ATIVO',NULL,'2026-02-03 16:28:10.000',NULL,NULL,NULL,NULL,NULL),(981,4,NULL,'SAIDA','PWA','2026-01-30 17:58:04.000',NULL,NULL,NULL,NULL,NULL,'ATIVO',NULL,'2026-02-03 16:28:10.000',NULL,NULL,NULL,NULL,NULL),(984,3,NULL,'ENTRADA','PWA','2026-01-30 07:34:04.000',NULL,NULL,NULL,NULL,NULL,'ATIVO',NULL,'2026-02-03 16:28:10.000',NULL,NULL,NULL,NULL,NULL),(985,3,NULL,'SAIDA','PWA','2026-01-30 15:30:40.000',NULL,NULL,NULL,NULL,NULL,'ATIVO',NULL,'2026-02-03 16:28:10.000',NULL,NULL,NULL,NULL,NULL),(986,3,NULL,'ENTRADA','PWA','2026-01-30 16:56:23.000',NULL,NULL,NULL,NULL,NULL,'ATIVO',NULL,'2026-02-03 16:28:10.000',NULL,NULL,NULL,NULL,NULL),(987,3,NULL,'SAIDA','PWA','2026-01-30 17:55:00.000',NULL,NULL,NULL,NULL,NULL,'ATIVO',NULL,'2026-02-03 16:28:10.000',NULL,NULL,NULL,NULL,NULL),(988,4,NULL,'ENTRADA','PWA','2026-01-31 07:30:52.000',NULL,NULL,NULL,NULL,NULL,'ATIVO',NULL,'2026-02-03 16:28:10.000',NULL,NULL,NULL,NULL,NULL),(991,4,NULL,'SAIDA','PWA','2026-01-31 11:33:32.000',NULL,NULL,NULL,NULL,NULL,'ATIVO',NULL,'2026-02-03 16:28:10.000',NULL,NULL,NULL,NULL,NULL),(992,3,NULL,'ENTRADA','PWA','2026-02-02 10:27:00.000',NULL,NULL,NULL,NULL,NULL,'ATIVO',NULL,'2026-02-03 16:28:10.000',NULL,NULL,NULL,NULL,NULL),(993,3,NULL,'SAIDA','PWA','2026-02-02 15:21:00.000',NULL,NULL,NULL,NULL,NULL,'ATIVO',NULL,'2026-02-03 16:28:10.000',NULL,NULL,NULL,NULL,NULL),(994,3,NULL,'ENTRADA','PWA','2026-02-02 16:53:00.000',NULL,NULL,NULL,NULL,NULL,'ATIVO',NULL,'2026-02-03 16:28:10.000',NULL,NULL,NULL,NULL,NULL),(995,3,NULL,'SAIDA','PWA','2026-02-02 20:30:00.000',NULL,NULL,NULL,NULL,NULL,'ATIVO',NULL,'2026-02-03 16:28:10.000',NULL,NULL,NULL,NULL,NULL),(998,5,NULL,'ENTRADA','PWA','2026-01-30 07:29:39.000',NULL,NULL,NULL,NULL,NULL,'ATIVO',NULL,'2026-02-03 16:28:10.000',NULL,NULL,NULL,NULL,NULL),(999,5,NULL,'SAIDA','PWA','2026-01-30 12:17:02.000',NULL,NULL,NULL,NULL,NULL,'ATIVO',NULL,'2026-02-03 16:28:10.000',NULL,NULL,NULL,NULL,NULL),(1000,5,NULL,'ENTRADA','PWA','2026-01-30 12:50:53.000',NULL,NULL,NULL,NULL,NULL,'ATIVO',NULL,'2026-02-03 16:28:10.000',NULL,NULL,NULL,NULL,NULL),(1001,5,NULL,'SAIDA','PWA','2026-01-30 17:57:57.000',NULL,NULL,NULL,NULL,NULL,'ATIVO',NULL,'2026-02-03 16:28:10.000',NULL,NULL,NULL,NULL,NULL),(1002,5,NULL,'ENTRADA','PWA','2026-01-30 17:57:59.000',NULL,NULL,NULL,NULL,NULL,'ATIVO',NULL,'2026-02-03 16:28:10.000',NULL,NULL,NULL,NULL,NULL),(1003,5,NULL,'ENTRADA','PWA','2026-01-31 07:33:30.000',NULL,NULL,NULL,NULL,NULL,'ATIVO',NULL,'2026-02-03 16:28:10.000',NULL,NULL,NULL,NULL,NULL),(1004,5,NULL,'ENTRADA','PWA','2026-02-02 10:28:00.000',NULL,NULL,NULL,NULL,NULL,'ATIVO',NULL,'2026-02-03 16:28:10.000',NULL,NULL,NULL,NULL,NULL),(1005,5,NULL,'SAIDA','PWA','2026-02-02 15:00:00.000',NULL,NULL,NULL,NULL,NULL,'ATIVO',NULL,'2026-02-03 16:28:10.000',NULL,NULL,NULL,NULL,NULL),(1006,5,NULL,'ENTRADA','PWA','2026-02-02 16:25:00.000',NULL,NULL,NULL,NULL,NULL,'ATIVO',NULL,'2026-02-03 16:28:10.000',NULL,NULL,NULL,NULL,NULL),(1007,4,NULL,'ENTRADA','PWA','2026-02-02 10:30:00.000',NULL,NULL,NULL,NULL,NULL,'ATIVO',NULL,'2026-02-03 16:28:10.000',NULL,NULL,NULL,NULL,NULL),(1008,4,NULL,'SAIDA','PWA','2026-02-02 15:08:00.000',NULL,NULL,NULL,NULL,NULL,'ATIVO',NULL,'2026-02-03 16:28:10.000',NULL,NULL,NULL,NULL,NULL),(1009,4,NULL,'ENTRADA','PWA','2026-02-02 16:23:00.000',NULL,NULL,NULL,NULL,NULL,'ATIVO',NULL,'2026-02-03 16:28:10.000',NULL,NULL,NULL,NULL,NULL),(1010,4,NULL,'SAIDA','PWA','2026-02-02 21:53:00.000',NULL,NULL,NULL,NULL,NULL,'ATIVO',NULL,'2026-02-03 16:28:10.000',NULL,NULL,NULL,NULL,NULL),(2015,2,NULL,'ENTRADA','PWA','2026-02-02 10:36:00.000',NULL,NULL,NULL,NULL,NULL,'ATIVO',NULL,'2026-02-03 16:28:13.000',NULL,NULL,NULL,NULL,NULL),(2016,2,NULL,'SAIDA','PWA','2026-02-02 15:19:00.000',NULL,NULL,NULL,NULL,NULL,'ATIVO',NULL,'2026-02-03 16:28:13.000',NULL,NULL,NULL,NULL,NULL),(2017,2,NULL,'ENTRADA','PWA','2026-02-02 16:28:00.000',NULL,NULL,NULL,NULL,NULL,'ATIVO',NULL,'2026-02-03 16:28:13.000',NULL,NULL,NULL,NULL,NULL),(2019,3,NULL,'ENTRADA','PWA','2026-02-03 10:32:00.000',NULL,NULL,NULL,NULL,NULL,'ATIVO',NULL,'2026-02-03 16:28:13.000',NULL,NULL,NULL,NULL,NULL),(2020,2,NULL,'ENTRADA','PWA','2026-02-03 10:36:00.000',NULL,NULL,NULL,NULL,NULL,'ATIVO',NULL,'2026-02-03 16:28:13.000',NULL,NULL,NULL,NULL,NULL),(2021,2,NULL,'SAIDA','PWA','2026-02-03 15:04:00.000',NULL,NULL,NULL,NULL,NULL,'ATIVO',NULL,'2026-02-03 16:28:13.000',NULL,NULL,NULL,NULL,NULL),(2022,4,NULL,'ENTRADA','PWA','2026-02-03 10:37:00.000',NULL,NULL,NULL,NULL,NULL,'ATIVO',NULL,'2026-02-03 16:28:13.000',NULL,NULL,NULL,NULL,NULL),(2023,4,NULL,'SAIDA','PWA','2026-02-03 15:01:00.000',NULL,NULL,NULL,NULL,NULL,'ATIVO',NULL,'2026-02-03 16:28:13.000',NULL,NULL,NULL,NULL,NULL),(2029,5,NULL,'ENTRADA','PWA','2026-02-03 10:38:00.000',NULL,NULL,NULL,NULL,NULL,'ATIVO',NULL,'2026-02-03 16:28:13.000',NULL,NULL,NULL,NULL,NULL),(2030,5,NULL,'SAIDA','PWA','2026-02-03 15:01:00.000',NULL,NULL,NULL,NULL,NULL,'ATIVO',NULL,'2026-02-03 16:28:13.000',NULL,NULL,NULL,NULL,NULL),(2031,5,NULL,'ENTRADA','PWA','2026-02-03 16:29:00.000',NULL,NULL,NULL,NULL,NULL,'ATIVO',NULL,'2026-02-03 16:28:13.000',NULL,NULL,NULL,NULL,NULL),(2032,5,NULL,'SAIDA','ADMIN','2026-02-03 20:54:00.000',NULL,NULL,NULL,NULL,NULL,'ATIVO','AJUSTE MANUAL','2026-02-03 22:30:54.463',NULL,NULL,NULL,NULL,NULL),(2033,5,NULL,'SAIDA','ADMIN','2026-02-02 21:45:00.000',NULL,NULL,NULL,NULL,NULL,'ATIVO','AJUSTE MANUAL','2026-02-03 22:31:14.633',NULL,NULL,NULL,NULL,NULL),(2034,5,NULL,'SAIDA','ADMIN','2026-01-31 12:00:00.000',NULL,NULL,NULL,NULL,NULL,'ATIVO','AJUSTE MANUAL','2026-02-03 22:32:02.579',NULL,NULL,NULL,NULL,NULL),(2035,5,NULL,'SAIDA','ADMIN','2026-01-28 17:30:00.000',NULL,NULL,NULL,NULL,NULL,'ATIVO','AJUSTE MANUAL','2026-02-03 22:32:24.634',NULL,NULL,NULL,NULL,NULL),(2036,5,NULL,'SAIDA','ADMIN','2026-01-17 12:00:00.000',NULL,NULL,NULL,NULL,NULL,'ATIVO','AJUSTE MANUAL','2026-02-03 22:33:11.680',NULL,NULL,NULL,NULL,NULL),(2037,5,NULL,'SAIDA','ADMIN','2026-01-16 17:30:00.000',NULL,NULL,NULL,NULL,NULL,'ATIVO','AJUSTE MANUAL','2026-02-03 22:33:16.274',NULL,NULL,NULL,NULL,NULL),(2038,5,NULL,'SAIDA','ADMIN','2026-01-13 17:30:00.000',NULL,NULL,NULL,NULL,NULL,'ATIVO','AJUSTE MANUAL','2026-02-03 22:33:27.633',NULL,NULL,NULL,NULL,NULL),(2039,5,NULL,'SAIDA','ADMIN','2026-01-12 17:30:00.000',NULL,NULL,NULL,NULL,NULL,'ATIVO','AJUSTE MANUAL','2026-02-03 22:33:31.627',NULL,NULL,NULL,NULL,NULL),(2040,5,NULL,'SAIDA','ADMIN','2026-01-08 17:36:00.000',NULL,NULL,NULL,NULL,NULL,'ATIVO','AJUSTE MANUAL','2026-02-03 22:33:44.564',NULL,NULL,NULL,NULL,NULL),(2041,5,NULL,'SAIDA','ADMIN','2026-01-06 17:35:00.000',NULL,NULL,NULL,NULL,NULL,'ATIVO','AJUSTE MANUAL','2026-02-03 22:34:15.030',NULL,NULL,NULL,NULL,NULL),(2042,4,NULL,'ENTRADA','ADMIN','2026-02-03 16:30:00.000',NULL,NULL,NULL,NULL,NULL,'ATIVO','AJUSTE MANUAL','2026-02-03 23:11:49.701',NULL,NULL,NULL,NULL,NULL),(2043,4,NULL,'SAIDA','ADMIN','2026-02-03 21:03:00.000',NULL,NULL,NULL,NULL,NULL,'ATIVO','AJUSTE MANUAL','2026-02-03 23:11:52.228',NULL,NULL,NULL,NULL,NULL),(2044,2,NULL,'SAIDA','ADMIN','2026-02-02 20:45:00.000',NULL,NULL,NULL,NULL,NULL,'ATIVO','AJUSTE MANUAL','2026-02-03 23:12:25.823',NULL,NULL,NULL,NULL,NULL),(2045,2,NULL,'ENTRADA','ADMIN','2026-02-03 16:27:00.000',NULL,NULL,NULL,NULL,NULL,'ATIVO','AJUSTE MANUAL','2026-02-03 23:12:40.866',NULL,NULL,NULL,NULL,NULL),(2046,2,NULL,'SAIDA','ADMIN','2026-02-03 20:30:00.000',NULL,NULL,NULL,NULL,NULL,'ATIVO','AJUSTE MANUAL','2026-02-03 23:12:43.146',NULL,NULL,NULL,NULL,NULL),(2047,5,NULL,'ENTRADA','ADMIN','2026-02-04 10:28:00.000',NULL,NULL,NULL,NULL,NULL,'ATIVO','AJUSTE MANUAL','2026-02-05 18:25:19.915',NULL,NULL,NULL,NULL,NULL),(2048,5,NULL,'SAIDA','ADMIN','2026-02-04 15:01:00.000',NULL,NULL,NULL,NULL,NULL,'ATIVO','AJUSTE MANUAL','2026-02-05 18:25:27.754',NULL,NULL,NULL,NULL,NULL),(2054,2,5,'ENTRADA','PWA','2026-02-18 10:29:51.183',NULL,NULL,NULL,'177.196.240.250','Mozilla/5.0 (Linux; Android 16; 25053PC47G Build/BP2A.250605.031.A3; wv) AppleWebKit/537.36 (KHTML, like Gecko) Version/4.0 Chrome/144.0.7559.132 Mobile Safari/537.36','ATIVO',NULL,'2026-02-18 10:29:51.183',NULL,NULL,NULL,NULL,NULL),(2055,4,6,'ENTRADA','PWA','2026-02-18 10:30:00.000',NULL,NULL,NULL,'191.59.115.50','Mozilla/5.0 (Linux; Android 13; moto g32 Build/T2SNS33.73-22-3-19; wv) AppleWebKit/537.36 (KHTML, like Gecko) Version/4.0 Chrome/144.0.7559.132 Mobile Safari/537.36','ATIVO',NULL,'2026-02-18 11:12:57.330',NULL,NULL,NULL,NULL,NULL),(2057,5,8,'ENTRADA','PWA','2026-02-18 10:30:00.000',NULL,NULL,NULL,'177.196.240.250','Mozilla/5.0 (Linux; Android 13; SM-A035M Build/TP1A.220624.014; wv) AppleWebKit/537.36 (KHTML, like Gecko) Version/4.0 Chrome/144.0.7559.132 Mobile Safari/537.36','ATIVO',NULL,'2026-02-18 11:15:02.538',NULL,NULL,NULL,NULL,NULL),(2059,2,5,'SAIDA','PWA','2026-02-18 15:08:17.983',NULL,NULL,NULL,'177.196.240.250','Mozilla/5.0 (Linux; Android 16; 25053PC47G Build/BP2A.250605.031.A3; wv) AppleWebKit/537.36 (KHTML, like Gecko) Version/4.0 Chrome/144.0.7559.132 Mobile Safari/537.36','ATIVO',NULL,'2026-02-18 15:08:17.983',NULL,NULL,NULL,NULL,NULL),(2060,5,8,'SAIDA','PWA','2026-02-18 15:08:53.188',NULL,NULL,NULL,'177.196.240.250','Mozilla/5.0 (Linux; Android 13; SM-A035M Build/TP1A.220624.014; wv) AppleWebKit/537.36 (KHTML, like Gecko) Version/4.0 Chrome/144.0.7559.132 Mobile Safari/537.36','ATIVO',NULL,'2026-02-18 15:08:53.188',NULL,NULL,NULL,NULL,NULL),(2061,5,8,'ENTRADA','PWA','2026-02-18 16:33:00.294',NULL,NULL,NULL,'177.196.240.250','Mozilla/5.0 (Linux; Android 13; SM-A035M Build/TP1A.220624.014; wv) AppleWebKit/537.36 (KHTML, like Gecko) Version/4.0 Chrome/144.0.7559.132 Mobile Safari/537.36','ATIVO',NULL,'2026-02-18 16:33:00.294',NULL,NULL,NULL,NULL,NULL),(2062,2,5,'ENTRADA','PWA','2026-02-18 16:38:24.348',NULL,NULL,NULL,'177.196.240.250','Mozilla/5.0 (Linux; Android 16; 25053PC47G Build/BP2A.250605.031.A3; wv) AppleWebKit/537.36 (KHTML, like Gecko) Version/4.0 Chrome/144.0.7559.132 Mobile Safari/537.36','ATIVO',NULL,'2026-02-18 16:38:24.348',NULL,NULL,NULL,NULL,NULL),(2064,3,NULL,'ENTRADA','ADMIN','2026-02-18 10:30:00.000',NULL,NULL,NULL,NULL,NULL,'ATIVO','AJUSTE MANUAL','2026-02-18 18:00:53.765',NULL,NULL,NULL,NULL,NULL),(2065,3,7,'SAIDA','PWA','2026-02-18 18:20:44.593',NULL,NULL,NULL,'177.196.240.250','Mozilla/5.0 (Linux; Android 11; moto g(10) Build/RRBS31.Q1-3-48-22; wv) AppleWebKit/537.36 (KHTML, like Gecko) Version/4.0 Chrome/145.0.7632.75 Mobile Safari/537.36','ATIVO',NULL,'2026-02-18 18:20:44.593',NULL,NULL,NULL,NULL,NULL),(2066,4,NULL,'SAIDA','ADMIN','2026-02-18 18:22:00.000',NULL,NULL,NULL,NULL,NULL,'ATIVO','AJUSTE MANUAL','2026-02-18 18:23:42.741',NULL,NULL,NULL,NULL,NULL),(2068,4,6,'ENTRADA','PWA','2026-02-18 19:08:39.828',NULL,NULL,NULL,'177.196.240.250','Mozilla/5.0 (Linux; Android 13; moto g32 Build/T2SNS33.73-22-3-19; wv) AppleWebKit/537.36 (KHTML, like Gecko) Version/4.0 Chrome/144.0.7559.132 Mobile Safari/537.36','ATIVO',NULL,'2026-02-18 19:08:39.828',NULL,NULL,NULL,NULL,NULL),(2069,3,7,'ENTRADA','PWA','2026-02-18 19:19:14.125',NULL,NULL,NULL,'177.196.240.250','Mozilla/5.0 (Linux; Android 11; moto g(10) Build/RRBS31.Q1-3-48-22; wv) AppleWebKit/537.36 (KHTML, like Gecko) Version/4.0 Chrome/145.0.7632.75 Mobile Safari/537.36','ATIVO',NULL,'2026-02-18 19:19:14.125',NULL,NULL,NULL,NULL,NULL),(2070,5,8,'SAIDA','PWA','2026-02-18 20:42:43.185',NULL,NULL,NULL,'177.196.240.250','Mozilla/5.0 (Linux; Android 13; SM-A035M Build/TP1A.220624.014; wv) AppleWebKit/537.36 (KHTML, like Gecko) Version/4.0 Chrome/144.0.7559.132 Mobile Safari/537.36','ATIVO',NULL,'2026-02-18 20:42:43.185',NULL,NULL,NULL,NULL,NULL),(2071,3,7,'SAIDA','PWA','2026-02-18 20:50:32.478',NULL,NULL,NULL,'177.196.240.250','Mozilla/5.0 (Linux; Android 11; moto g(10) Build/RRBS31.Q1-3-48-22; wv) AppleWebKit/537.36 (KHTML, like Gecko) Version/4.0 Chrome/145.0.7632.75 Mobile Safari/537.36','ATIVO',NULL,'2026-02-18 20:50:32.478',NULL,NULL,NULL,NULL,NULL),(2072,2,5,'SAIDA','PWA','2026-02-18 20:51:56.977',NULL,NULL,NULL,'177.196.240.250','Mozilla/5.0 (Linux; Android 16; 25053PC47G Build/BP2A.250605.031.A3; wv) AppleWebKit/537.36 (KHTML, like Gecko) Version/4.0 Chrome/144.0.7559.132 Mobile Safari/537.36','ATIVO',NULL,'2026-02-18 20:51:56.977',NULL,NULL,NULL,NULL,NULL),(2073,3,7,'ENTRADA','PWA','2026-02-19 10:25:53.274',NULL,NULL,NULL,'191.254.34.139','Mozilla/5.0 (Linux; Android 11; moto g(10) Build/RRBS31.Q1-3-48-22; wv) AppleWebKit/537.36 (KHTML, like Gecko) Version/4.0 Chrome/145.0.7632.79 Mobile Safari/537.36','ATIVO',NULL,'2026-02-19 10:25:53.274',NULL,NULL,NULL,NULL,NULL),(2074,4,6,'ENTRADA','PWA','2026-02-19 10:27:56.562',NULL,NULL,NULL,'191.59.122.100','Mozilla/5.0 (Linux; Android 13; moto g32 Build/T2SNS33.73-22-3-19; wv) AppleWebKit/537.36 (KHTML, like Gecko) Version/4.0 Chrome/144.0.7559.132 Mobile Safari/537.36','ATIVO',NULL,'2026-02-19 10:27:56.562',NULL,NULL,NULL,NULL,NULL),(2075,2,5,'ENTRADA','PWA','2026-02-19 10:31:54.934',NULL,NULL,NULL,'177.196.240.31','Mozilla/5.0 (Linux; Android 16; 25053PC47G Build/BP2A.250605.031.A3; wv) AppleWebKit/537.36 (KHTML, like Gecko) Version/4.0 Chrome/144.0.7559.132 Mobile Safari/537.36','ATIVO',NULL,'2026-02-19 10:31:54.934',NULL,NULL,NULL,NULL,NULL),(2076,5,8,'ENTRADA','PWA','2026-02-19 10:32:17.676',NULL,NULL,NULL,'177.196.240.31','Mozilla/5.0 (Linux; Android 13; SM-A035M Build/TP1A.220624.014; wv) AppleWebKit/537.36 (KHTML, like Gecko) Version/4.0 Chrome/144.0.7559.132 Mobile Safari/537.36','ATIVO',NULL,'2026-02-19 10:32:17.676',NULL,NULL,NULL,NULL,NULL),(2077,2,5,'SAIDA','PWA','2026-02-19 15:15:09.823',NULL,NULL,NULL,'177.196.240.31','Mozilla/5.0 (Linux; Android 16; 25053PC47G Build/BP2A.250605.031.A3; wv) AppleWebKit/537.36 (KHTML, like Gecko) Version/4.0 Chrome/144.0.7559.132 Mobile Safari/537.36','ATIVO',NULL,'2026-02-19 15:15:09.823',NULL,NULL,NULL,NULL,NULL),(2078,2,5,'ENTRADA','PWA','2026-02-19 15:53:10.045',NULL,NULL,NULL,'177.196.240.31','Mozilla/5.0 (Linux; Android 16; 25053PC47G Build/BP2A.250605.031.A3; wv) AppleWebKit/537.36 (KHTML, like Gecko) Version/4.0 Chrome/144.0.7559.132 Mobile Safari/537.36','ATIVO',NULL,'2026-02-19 15:53:10.045',NULL,NULL,NULL,NULL,NULL),(2079,4,6,'SAIDA','PWA','2026-02-19 20:06:58.168',NULL,NULL,NULL,'177.196.240.31','Mozilla/5.0 (Linux; Android 13; moto g32 Build/T2SNS33.73-22-3-19; wv) AppleWebKit/537.36 (KHTML, like Gecko) Version/4.0 Chrome/144.0.7559.132 Mobile Safari/537.36','ATIVO',NULL,'2026-02-19 20:06:58.168',NULL,NULL,NULL,NULL,NULL),(2080,5,8,'SAIDA','PWA','2026-02-19 15:00:00.000',NULL,NULL,NULL,'177.196.240.31','Mozilla/5.0 (Linux; Android 13; SM-A035M Build/TP1A.220624.014; wv) AppleWebKit/537.36 (KHTML, like Gecko) Version/4.0 Chrome/144.0.7559.132 Mobile Safari/537.36','ATIVO',NULL,'2026-02-19 20:35:33.936',NULL,NULL,NULL,NULL,NULL),(2081,3,7,'SAIDA','PWA','2026-02-19 20:40:12.524',NULL,NULL,NULL,'177.196.240.31','Mozilla/5.0 (Linux; Android 11; moto g(10) Build/RRBS31.Q1-3-48-22; wv) AppleWebKit/537.36 (KHTML, like Gecko) Version/4.0 Chrome/145.0.7632.79 Mobile Safari/537.36','ATIVO',NULL,'2026-02-19 20:40:12.524',NULL,NULL,NULL,NULL,NULL),(2082,2,5,'SAIDA','PWA','2026-02-19 20:54:21.212',NULL,NULL,NULL,'191.26.153.253','Mozilla/5.0 (Linux; Android 16; 25053PC47G Build/BP2A.250605.031.A3; wv) AppleWebKit/537.36 (KHTML, like Gecko) Version/4.0 Chrome/144.0.7559.132 Mobile Safari/537.36','ATIVO',NULL,'2026-02-19 20:54:21.212',NULL,NULL,NULL,NULL,NULL),(2083,3,7,'ENTRADA','PWA','2026-02-20 10:15:06.316',NULL,NULL,NULL,'181.77.181.34','Mozilla/5.0 (Linux; Android 11; moto g(10) Build/RRBS31.Q1-3-48-22; wv) AppleWebKit/537.36 (KHTML, like Gecko) Version/4.0 Chrome/145.0.7632.79 Mobile Safari/537.36','ATIVO',NULL,'2026-02-20 10:15:06.316',NULL,NULL,NULL,NULL,NULL),(2084,4,6,'ENTRADA','PWA','2026-02-20 10:27:10.370',NULL,NULL,NULL,'177.196.240.31','Mozilla/5.0 (Linux; Android 13; moto g32 Build/T2SNS33.73-22-3-19; wv) AppleWebKit/537.36 (KHTML, like Gecko) Version/4.0 Chrome/144.0.7559.132 Mobile Safari/537.36','ATIVO',NULL,'2026-02-20 10:27:10.370',NULL,NULL,NULL,NULL,NULL),(2085,2,5,'ENTRADA','PWA','2026-02-20 10:27:34.531',NULL,NULL,NULL,'177.196.240.31','Mozilla/5.0 (Linux; Android 16; 25053PC47G Build/BP2A.250605.031.A3; wv) AppleWebKit/537.36 (KHTML, like Gecko) Version/4.0 Chrome/144.0.7559.132 Mobile Safari/537.36','ATIVO',NULL,'2026-02-20 10:27:34.531',NULL,NULL,NULL,NULL,NULL),(2086,5,8,'ENTRADA','PWA','2026-02-20 10:30:02.673',NULL,NULL,NULL,'177.196.240.31','Mozilla/5.0 (Linux; Android 13; SM-A035M Build/TP1A.220624.014; wv) AppleWebKit/537.36 (KHTML, like Gecko) Version/4.0 Chrome/144.0.7559.132 Mobile Safari/537.36','ATIVO',NULL,'2026-02-20 10:30:02.673',NULL,NULL,NULL,NULL,NULL),(2087,5,8,'SAIDA','PWA','2026-02-20 15:01:40.101',NULL,NULL,NULL,'177.196.240.31','Mozilla/5.0 (Linux; Android 13; SM-A035M Build/TP1A.220624.014; wv) AppleWebKit/537.36 (KHTML, like Gecko) Version/4.0 Chrome/144.0.7559.132 Mobile Safari/537.36','ATIVO',NULL,'2026-02-20 15:01:40.101',NULL,NULL,NULL,NULL,NULL),(2088,2,5,'SAIDA','PWA','2026-02-20 15:14:21.599',NULL,NULL,NULL,'177.196.240.31','Mozilla/5.0 (Linux; Android 16; 25053PC47G Build/BP2A.250605.031.A3; wv) AppleWebKit/537.36 (KHTML, like Gecko) Version/4.0 Chrome/144.0.7559.132 Mobile Safari/537.36','ATIVO',NULL,'2026-02-20 15:14:21.599',NULL,NULL,NULL,NULL,NULL),(2089,2,5,'ENTRADA','PWA','2026-02-20 16:27:25.276',NULL,NULL,NULL,'177.196.240.31','Mozilla/5.0 (Linux; Android 16; 25053PC47G Build/BP2A.250605.031.A3; wv) AppleWebKit/537.36 (KHTML, like Gecko) Version/4.0 Chrome/144.0.7559.132 Mobile Safari/537.36','ATIVO',NULL,'2026-02-20 16:27:25.276',NULL,NULL,NULL,NULL,NULL),(2090,5,8,'ENTRADA','PWA','2026-02-20 16:29:44.675',NULL,NULL,NULL,'177.196.240.31','Mozilla/5.0 (Linux; Android 13; SM-A035M Build/TP1A.220624.014; wv) AppleWebKit/537.36 (KHTML, like Gecko) Version/4.0 Chrome/144.0.7559.132 Mobile Safari/537.36','ATIVO',NULL,'2026-02-20 16:29:44.675',NULL,NULL,NULL,NULL,NULL),(2091,3,7,'SAIDA','PWA','2026-02-20 16:55:45.619',NULL,NULL,NULL,'177.196.240.31','Mozilla/5.0 (Linux; Android 11; moto g(10) Build/RRBS31.Q1-3-48-22; wv) AppleWebKit/537.36 (KHTML, like Gecko) Version/4.0 Chrome/145.0.7632.79 Mobile Safari/537.36','ATIVO',NULL,'2026-02-20 16:55:45.619',NULL,NULL,NULL,NULL,NULL),(2092,4,6,'SAIDA','PWA','2026-02-20 17:06:08.084',NULL,NULL,NULL,'177.196.240.31','Mozilla/5.0 (Linux; Android 13; moto g32 Build/T2SNS33.73-22-3-19; wv) AppleWebKit/537.36 (KHTML, like Gecko) Version/4.0 Chrome/144.0.7559.132 Mobile Safari/537.36','ATIVO',NULL,'2026-02-20 17:06:08.084',NULL,NULL,NULL,NULL,NULL),(2094,4,6,'ENTRADA','PWA','2026-02-20 18:21:15.598',NULL,NULL,NULL,'177.196.240.31','Mozilla/5.0 (Linux; Android 13; moto g32 Build/T2SNS33.73-22-3-19; wv) AppleWebKit/537.36 (KHTML, like Gecko) Version/4.0 Chrome/144.0.7559.132 Mobile Safari/537.36','ATIVO',NULL,'2026-02-20 18:21:15.598',NULL,NULL,NULL,NULL,NULL),(2095,3,7,'ENTRADA','PWA','2026-02-20 18:24:37.930',NULL,NULL,NULL,'181.77.92.123','Mozilla/5.0 (Linux; Android 11; moto g(10) Build/RRBS31.Q1-3-48-22; wv) AppleWebKit/537.36 (KHTML, like Gecko) Version/4.0 Chrome/145.0.7632.79 Mobile Safari/537.36','ATIVO',NULL,'2026-02-20 18:24:37.930',NULL,NULL,NULL,NULL,NULL),(2096,5,8,'SAIDA','PWA','2026-02-20 20:54:13.946',NULL,NULL,NULL,'177.196.240.31','Mozilla/5.0 (Linux; Android 13; SM-A035M Build/TP1A.220624.014; wv) AppleWebKit/537.36 (KHTML, like Gecko) Version/4.0 Chrome/144.0.7559.132 Mobile Safari/537.36','ATIVO',NULL,'2026-02-20 20:54:13.946',NULL,NULL,NULL,NULL,NULL),(2097,3,7,'SAIDA','PWA','2026-02-20 20:55:13.655',NULL,NULL,NULL,'181.77.92.131','Mozilla/5.0 (Linux; Android 11; moto g(10) Build/RRBS31.Q1-3-48-22; wv) AppleWebKit/537.36 (KHTML, like Gecko) Version/4.0 Chrome/145.0.7632.79 Mobile Safari/537.36','ATIVO',NULL,'2026-02-20 20:55:13.655',NULL,NULL,NULL,NULL,NULL),(2098,4,6,'SAIDA','PWA','2026-02-20 20:56:07.833',NULL,NULL,NULL,'177.196.240.31','Mozilla/5.0 (Linux; Android 13; moto g32 Build/T2SNS33.73-22-3-19; wv) AppleWebKit/537.36 (KHTML, like Gecko) Version/4.0 Chrome/144.0.7559.132 Mobile Safari/537.36','ATIVO',NULL,'2026-02-20 20:56:07.833',NULL,NULL,NULL,NULL,NULL),(2099,5,8,'ENTRADA','PWA','2026-02-21 10:32:06.003',NULL,NULL,NULL,'177.196.240.31','Mozilla/5.0 (Linux; Android 13; SM-A035M Build/TP1A.220624.014; wv) AppleWebKit/537.36 (KHTML, like Gecko) Version/4.0 Chrome/144.0.7559.132 Mobile Safari/537.36','ATIVO',NULL,'2026-02-21 10:32:06.003',NULL,NULL,NULL,NULL,NULL),(2100,4,6,'ENTRADA','PWA','2026-02-21 10:32:15.567',NULL,NULL,NULL,'177.196.240.31','Mozilla/5.0 (Linux; Android 13; moto g32 Build/T2SNS33.73-22-3-19; wv) AppleWebKit/537.36 (KHTML, like Gecko) Version/4.0 Chrome/144.0.7559.132 Mobile Safari/537.36','ATIVO',NULL,'2026-02-21 10:32:15.567',NULL,NULL,NULL,NULL,NULL),(2102,3,7,'ENTRADA','PWA','2026-02-21 10:37:49.248',NULL,NULL,NULL,'191.254.34.139','Mozilla/5.0 (Linux; Android 11; moto g(10) Build/RRBS31.Q1-3-48-22; wv) AppleWebKit/537.36 (KHTML, like Gecko) Version/4.0 Chrome/145.0.7632.79 Mobile Safari/537.36','ATIVO',NULL,'2026-02-21 10:37:49.248',NULL,NULL,NULL,NULL,NULL),(2103,5,8,'SAIDA','PWA','2026-02-21 15:08:20.593',NULL,NULL,NULL,'177.196.240.31','Mozilla/5.0 (Linux; Android 13; SM-A035M Build/TP1A.220624.014; wv) AppleWebKit/537.36 (KHTML, like Gecko) Version/4.0 Chrome/144.0.7559.132 Mobile Safari/537.36','ATIVO',NULL,'2026-02-21 15:08:20.593',NULL,NULL,NULL,NULL,NULL),(2104,3,7,'SAIDA','PWA','2026-02-21 15:16:14.439',NULL,NULL,NULL,'177.196.240.31','Mozilla/5.0 (Linux; Android 11; moto g(10) Build/RRBS31.Q1-3-48-22; wv) AppleWebKit/537.36 (KHTML, like Gecko) Version/4.0 Chrome/145.0.7632.79 Mobile Safari/537.36','ATIVO',NULL,'2026-02-21 15:16:14.439',NULL,NULL,NULL,NULL,NULL),(2105,4,6,'SAIDA','PWA','2026-02-21 15:16:31.834',NULL,NULL,NULL,'177.196.240.31','Mozilla/5.0 (Linux; Android 13; moto g32 Build/T2SNS33.73-22-3-19; wv) AppleWebKit/537.36 (KHTML, like Gecko) Version/4.0 Chrome/144.0.7559.132 Mobile Safari/537.36','ATIVO',NULL,'2026-02-21 15:16:31.834',NULL,NULL,NULL,NULL,NULL),(2106,3,7,'ENTRADA','PWA','2026-02-23 10:30:29.155',NULL,NULL,NULL,'177.196.240.31','Mozilla/5.0 (Linux; Android 11; moto g(10) Build/RRBS31.Q1-3-48-22; wv) AppleWebKit/537.36 (KHTML, like Gecko) Version/4.0 Chrome/145.0.7632.79 Mobile Safari/537.36','ATIVO',NULL,'2026-02-23 10:30:29.155',NULL,NULL,NULL,NULL,NULL),(2107,5,8,'ENTRADA','PWA','2026-02-23 10:30:50.060',NULL,NULL,NULL,'177.196.240.31','Mozilla/5.0 (Linux; Android 13; SM-A035M Build/TP1A.220624.014; wv) AppleWebKit/537.36 (KHTML, like Gecko) Version/4.0 Chrome/144.0.7559.132 Mobile Safari/537.36','ATIVO',NULL,'2026-02-23 10:30:50.060',NULL,NULL,NULL,NULL,NULL),(2108,2,5,'ENTRADA','PWA','2026-02-23 10:33:46.294',NULL,NULL,NULL,'177.196.240.31','Mozilla/5.0 (Linux; Android 16; 25053PC47G Build/BP2A.250605.031.A3; wv) AppleWebKit/537.36 (KHTML, like Gecko) Version/4.0 Chrome/144.0.7559.132 Mobile Safari/537.36','ATIVO',NULL,'2026-02-23 10:33:46.294',NULL,NULL,NULL,NULL,NULL),(2109,4,6,'ENTRADA','PWA','2026-02-23 10:36:10.153',NULL,NULL,NULL,'177.196.240.31','Mozilla/5.0 (Linux; Android 13; moto g32 Build/T2SNS33.73-22-3-19; wv) AppleWebKit/537.36 (KHTML, like Gecko) Version/4.0 Chrome/144.0.7559.132 Mobile Safari/537.36','ATIVO',NULL,'2026-02-23 10:36:10.153',NULL,NULL,NULL,NULL,NULL),(2111,5,8,'SAIDA','PWA','2026-02-23 15:02:24.135',NULL,NULL,NULL,'177.196.240.31','Mozilla/5.0 (Linux; Android 13; SM-A035M Build/TP1A.220624.014; wv) AppleWebKit/537.36 (KHTML, like Gecko) Version/4.0 Chrome/144.0.7559.132 Mobile Safari/537.36','ATIVO',NULL,'2026-02-23 15:02:24.135',NULL,NULL,NULL,NULL,NULL),(2112,3,7,'SAIDA','PWA','2026-02-23 15:04:12.139',NULL,NULL,NULL,'177.196.240.31','Mozilla/5.0 (Linux; Android 11; moto g(10) Build/RRBS31.Q1-3-48-22; wv) AppleWebKit/537.36 (KHTML, like Gecko) Version/4.0 Chrome/145.0.7632.79 Mobile Safari/537.36','ATIVO',NULL,'2026-02-23 15:04:12.139',NULL,NULL,NULL,NULL,NULL),(2113,4,6,'SAIDA','PWA','2026-02-23 15:04:13.706',NULL,NULL,NULL,'177.196.240.31','Mozilla/5.0 (Linux; Android 13; moto g32 Build/T2SNS33.73-22-3-19; wv) AppleWebKit/537.36 (KHTML, like Gecko) Version/4.0 Chrome/144.0.7559.132 Mobile Safari/537.36','ATIVO',NULL,'2026-02-23 15:04:13.706',NULL,NULL,NULL,NULL,NULL),(2114,2,5,'SAIDA','PWA','2026-02-23 15:06:35.679',NULL,NULL,NULL,'177.196.240.31','Mozilla/5.0 (Linux; Android 16; 25053PC47G Build/BP2A.250605.031.A3; wv) AppleWebKit/537.36 (KHTML, like Gecko) Version/4.0 Chrome/144.0.7559.132 Mobile Safari/537.36','ATIVO',NULL,'2026-02-23 15:06:35.679',NULL,NULL,NULL,NULL,NULL),(2115,2,5,'ENTRADA','PWA','2026-02-23 16:17:35.821',NULL,NULL,NULL,'177.196.240.31','Mozilla/5.0 (Linux; Android 16; 25053PC47G Build/BP2A.250605.031.A3; wv) AppleWebKit/537.36 (KHTML, like Gecko) Version/4.0 Chrome/144.0.7559.132 Mobile Safari/537.36','ATIVO',NULL,'2026-02-23 16:17:35.821',NULL,NULL,NULL,NULL,NULL),(2116,5,8,'ENTRADA','PWA','2026-02-23 16:29:25.630',NULL,NULL,NULL,'177.196.240.31','Mozilla/5.0 (Linux; Android 13; SM-A035M Build/TP1A.220624.014; wv) AppleWebKit/537.36 (KHTML, like Gecko) Version/4.0 Chrome/144.0.7559.132 Mobile Safari/537.36','ATIVO',NULL,'2026-02-23 16:29:25.630',NULL,NULL,NULL,NULL,NULL),(2117,4,6,'ENTRADA','PWA','2026-02-23 16:29:55.371',NULL,NULL,NULL,'177.196.240.31','Mozilla/5.0 (Linux; Android 13; moto g32 Build/T2SNS33.73-22-3-19; wv) AppleWebKit/537.36 (KHTML, like Gecko) Version/4.0 Chrome/144.0.7559.132 Mobile Safari/537.36','ATIVO',NULL,'2026-02-23 16:29:55.371',NULL,NULL,NULL,NULL,NULL),(2118,3,7,'ENTRADA','PWA','2026-02-23 16:35:29.232',NULL,NULL,NULL,'177.196.240.31','Mozilla/5.0 (Linux; Android 11; moto g(10) Build/RRBS31.Q1-3-48-22; wv) AppleWebKit/537.36 (KHTML, like Gecko) Version/4.0 Chrome/145.0.7632.79 Mobile Safari/537.36','ATIVO',NULL,'2026-02-23 16:35:29.232',NULL,NULL,NULL,NULL,NULL),(2119,4,6,'SAIDA','PWA','2026-02-23 20:37:59.604',NULL,NULL,NULL,'177.196.240.31','Mozilla/5.0 (Linux; Android 13; moto g32 Build/T2SNS33.73-22-3-19; wv) AppleWebKit/537.36 (KHTML, like Gecko) Version/4.0 Chrome/144.0.7559.132 Mobile Safari/537.36','ATIVO',NULL,'2026-02-23 20:37:59.604',NULL,NULL,NULL,NULL,NULL),(2120,5,8,'SAIDA','PWA','2026-02-23 20:43:05.613',NULL,NULL,NULL,'177.196.240.31','Mozilla/5.0 (Linux; Android 13; SM-A035M Build/TP1A.220624.014; wv) AppleWebKit/537.36 (KHTML, like Gecko) Version/4.0 Chrome/144.0.7559.132 Mobile Safari/537.36','ATIVO',NULL,'2026-02-23 20:43:05.613',NULL,NULL,NULL,NULL,NULL),(2121,2,5,'SAIDA','PWA','2026-02-23 20:58:10.380',NULL,NULL,NULL,'177.196.240.31','Mozilla/5.0 (Linux; Android 16; 25053PC47G Build/BP2A.250605.031.A3; wv) AppleWebKit/537.36 (KHTML, like Gecko) Version/4.0 Chrome/144.0.7559.132 Mobile Safari/537.36','ATIVO',NULL,'2026-02-23 20:58:10.380',NULL,NULL,NULL,NULL,NULL),(2122,3,7,'SAIDA','PWA','2026-02-23 20:58:22.587',NULL,NULL,NULL,'177.196.240.31','Mozilla/5.0 (Linux; Android 11; moto g(10) Build/RRBS31.Q1-3-48-22; wv) AppleWebKit/537.36 (KHTML, like Gecko) Version/4.0 Chrome/145.0.7632.79 Mobile Safari/537.36','ATIVO',NULL,'2026-02-23 20:58:22.587',NULL,NULL,NULL,NULL,NULL),(2123,3,7,'ENTRADA','PWA','2026-02-24 10:29:06.526',NULL,NULL,NULL,'177.196.240.31','Mozilla/5.0 (Linux; Android 11; moto g(10) Build/RRBS31.Q1-3-48-22; wv) AppleWebKit/537.36 (KHTML, like Gecko) Version/4.0 Chrome/145.0.7632.79 Mobile Safari/537.36','ATIVO',NULL,'2026-02-24 10:29:06.526',NULL,NULL,NULL,NULL,NULL),(2124,5,8,'ENTRADA','PWA','2026-02-24 10:40:06.471',NULL,NULL,NULL,'177.196.240.31','Mozilla/5.0 (Linux; Android 13; SM-A035M Build/TP1A.220624.014; wv) AppleWebKit/537.36 (KHTML, like Gecko) Version/4.0 Chrome/144.0.7559.132 Mobile Safari/537.36','ATIVO',NULL,'2026-02-24 10:40:06.471',NULL,NULL,NULL,NULL,NULL),(2125,4,6,'ENTRADA','PWA','2026-02-24 10:41:15.999',NULL,NULL,NULL,'177.196.240.31','Mozilla/5.0 (Linux; Android 13; moto g32 Build/T2SNS33.73-22-3-19; wv) AppleWebKit/537.36 (KHTML, like Gecko) Version/4.0 Chrome/144.0.7559.132 Mobile Safari/537.36','ATIVO',NULL,'2026-02-24 10:41:15.999',NULL,NULL,NULL,NULL,NULL),(2126,2,5,'ENTRADA','PWA','2026-02-24 10:44:55.956',NULL,NULL,NULL,'177.196.240.31','Mozilla/5.0 (Linux; Android 16; 25053PC47G Build/BP2A.250605.031.A3; wv) AppleWebKit/537.36 (KHTML, like Gecko) Version/4.0 Chrome/144.0.7559.132 Mobile Safari/537.36','ATIVO',NULL,'2026-02-24 10:44:55.956',NULL,NULL,NULL,NULL,NULL),(2127,4,6,'SAIDA','PWA','2026-02-24 15:00:02.281',NULL,NULL,NULL,'177.196.240.31','Mozilla/5.0 (Linux; Android 13; moto g32 Build/T2SNS33.73-22-3-19; wv) AppleWebKit/537.36 (KHTML, like Gecko) Version/4.0 Chrome/144.0.7559.132 Mobile Safari/537.36','ATIVO',NULL,'2026-02-24 15:00:02.281',NULL,NULL,NULL,NULL,NULL),(2128,3,7,'SAIDA','PWA','2026-02-24 15:02:50.906',NULL,NULL,NULL,'177.196.240.31','Mozilla/5.0 (Linux; Android 11; moto g(10) Build/RRBS31.Q1-3-48-22; wv) AppleWebKit/537.36 (KHTML, like Gecko) Version/4.0 Chrome/145.0.7632.79 Mobile Safari/537.36','ATIVO',NULL,'2026-02-24 15:02:50.906',NULL,NULL,NULL,NULL,NULL),(2129,5,8,'SAIDA','PWA','2026-02-24 15:02:54.725',NULL,NULL,NULL,'177.196.240.31','Mozilla/5.0 (Linux; Android 13; SM-A035M Build/TP1A.220624.014; wv) AppleWebKit/537.36 (KHTML, like Gecko) Version/4.0 Chrome/144.0.7559.132 Mobile Safari/537.36','ATIVO',NULL,'2026-02-24 15:02:54.725',NULL,NULL,NULL,NULL,NULL),(2130,2,5,'SAIDA','PWA','2026-02-24 15:07:20.475',NULL,NULL,NULL,'177.196.240.31','Mozilla/5.0 (Linux; Android 16; 25053PC47G Build/BP2A.250605.031.A3; wv) AppleWebKit/537.36 (KHTML, like Gecko) Version/4.0 Chrome/144.0.7559.132 Mobile Safari/537.36','ATIVO',NULL,'2026-02-24 15:07:20.475',NULL,NULL,NULL,NULL,NULL),(2131,2,5,'ENTRADA','PWA','2026-02-24 16:25:39.418',NULL,NULL,NULL,'177.196.240.31','Mozilla/5.0 (Linux; Android 16; 25053PC47G Build/BP2A.250605.031.A3; wv) AppleWebKit/537.36 (KHTML, like Gecko) Version/4.0 Chrome/144.0.7559.132 Mobile Safari/537.36','ATIVO',NULL,'2026-02-24 16:25:39.418',NULL,NULL,NULL,NULL,NULL),(2132,4,6,'ENTRADA','PWA','2026-02-24 16:30:18.001',NULL,NULL,NULL,'191.38.207.1','Mozilla/5.0 (Linux; Android 13; moto g32 Build/T2SNS33.73-22-3-19; wv) AppleWebKit/537.36 (KHTML, like Gecko) Version/4.0 Chrome/144.0.7559.132 Mobile Safari/537.36','ATIVO',NULL,'2026-02-24 16:30:18.001',NULL,NULL,NULL,NULL,NULL),(2133,3,7,'ENTRADA','PWA','2026-02-24 16:37:26.756',NULL,NULL,NULL,'177.196.240.31','Mozilla/5.0 (Linux; Android 11; moto g(10) Build/RRBS31.Q1-3-48-22; wv) AppleWebKit/537.36 (KHTML, like Gecko) Version/4.0 Chrome/145.0.7632.79 Mobile Safari/537.36','ATIVO',NULL,'2026-02-24 16:37:26.756',NULL,NULL,NULL,NULL,NULL),(2134,3,7,'SAIDA','PWA','2026-02-24 20:35:57.675',NULL,NULL,NULL,'177.196.240.31','Mozilla/5.0 (Linux; Android 11; moto g(10) Build/RRBS31.Q1-3-48-22; wv) AppleWebKit/537.36 (KHTML, like Gecko) Version/4.0 Chrome/145.0.7632.79 Mobile Safari/537.36','ATIVO',NULL,'2026-02-24 20:35:57.675',NULL,NULL,NULL,NULL,NULL),(2135,4,6,'SAIDA','PWA','2026-02-24 20:38:26.745',NULL,NULL,NULL,'177.196.240.31','Mozilla/5.0 (Linux; Android 13; moto g32 Build/T2SNS33.73-22-3-19; wv) AppleWebKit/537.36 (KHTML, like Gecko) Version/4.0 Chrome/144.0.7559.132 Mobile Safari/537.36','ATIVO',NULL,'2026-02-24 20:38:26.745',NULL,NULL,NULL,NULL,NULL),(2136,2,5,'SAIDA','PWA','2026-02-24 20:39:30.779',NULL,NULL,NULL,'177.196.240.31','Mozilla/5.0 (Linux; Android 16; 25053PC47G Build/BP2A.250605.031.A3; wv) AppleWebKit/537.36 (KHTML, like Gecko) Version/4.0 Chrome/144.0.7559.132 Mobile Safari/537.36','ATIVO',NULL,'2026-02-24 20:39:30.779',NULL,NULL,NULL,NULL,NULL),(2138,3,7,'ENTRADA','PWA','2026-02-25 10:24:36.390',NULL,NULL,NULL,'177.196.240.31','Mozilla/5.0 (Linux; Android 11; moto g(10) Build/RRBS31.Q1-3-48-22; wv) AppleWebKit/537.36 (KHTML, like Gecko) Version/4.0 Chrome/145.0.7632.79 Mobile Safari/537.36','ATIVO',NULL,'2026-02-25 10:24:36.390',NULL,NULL,NULL,NULL,NULL),(2139,5,8,'ENTRADA','PWA','2026-02-25 10:27:51.796',NULL,NULL,NULL,'177.196.240.31','Mozilla/5.0 (Linux; Android 13; SM-A035M Build/TP1A.220624.014; wv) AppleWebKit/537.36 (KHTML, like Gecko) Version/4.0 Chrome/144.0.7559.132 Mobile Safari/537.36','ATIVO',NULL,'2026-02-25 10:27:51.796',NULL,NULL,NULL,NULL,NULL),(2140,2,5,'ENTRADA','PWA','2026-02-25 10:32:15.275',NULL,NULL,NULL,'177.196.240.31','Mozilla/5.0 (Linux; Android 16; 25053PC47G Build/BP2A.250605.031.A3; wv) AppleWebKit/537.36 (KHTML, like Gecko) Version/4.0 Chrome/145.0.7632.79 Mobile Safari/537.36','ATIVO',NULL,'2026-02-25 10:32:15.275',NULL,NULL,NULL,NULL,NULL),(2141,4,6,'ENTRADA','PWA','2026-02-25 10:35:53.447',NULL,NULL,NULL,'177.57.16.128','Mozilla/5.0 (Linux; Android 13; moto g32 Build/T2SNS33.73-22-3-19; wv) AppleWebKit/537.36 (KHTML, like Gecko) Version/4.0 Chrome/145.0.7632.79 Mobile Safari/537.36','ATIVO',NULL,'2026-02-25 10:35:53.447',NULL,NULL,NULL,NULL,NULL),(2143,5,8,'SAIDA','PWA','2026-02-25 15:02:29.346',NULL,NULL,NULL,'177.196.240.31','Mozilla/5.0 (Linux; Android 13; SM-A035M Build/TP1A.220624.014; wv) AppleWebKit/537.36 (KHTML, like Gecko) Version/4.0 Chrome/144.0.7559.132 Mobile Safari/537.36','ATIVO',NULL,'2026-02-25 15:02:29.346',NULL,NULL,NULL,NULL,NULL),(2144,3,7,'SAIDA','PWA','2026-02-25 15:02:42.250',NULL,NULL,NULL,'177.196.240.31','Mozilla/5.0 (Linux; Android 11; moto g(10) Build/RRBS31.Q1-3-48-22; wv) AppleWebKit/537.36 (KHTML, like Gecko) Version/4.0 Chrome/145.0.7632.79 Mobile Safari/537.36','ATIVO',NULL,'2026-02-25 15:02:42.250',NULL,NULL,NULL,NULL,NULL),(2145,4,6,'SAIDA','PWA','2026-02-25 15:03:39.700',NULL,NULL,NULL,'177.196.240.31','Mozilla/5.0 (Linux; Android 13; moto g32 Build/T2SNS33.73-22-3-19; wv) AppleWebKit/537.36 (KHTML, like Gecko) Version/4.0 Chrome/145.0.7632.79 Mobile Safari/537.36','ATIVO',NULL,'2026-02-25 15:03:39.700',NULL,NULL,NULL,NULL,NULL),(2146,2,5,'SAIDA','PWA','2026-02-25 15:14:32.300',NULL,NULL,NULL,'177.196.240.31','Mozilla/5.0 (Linux; Android 16; 25053PC47G Build/BP2A.250605.031.A3; wv) AppleWebKit/537.36 (KHTML, like Gecko) Version/4.0 Chrome/145.0.7632.79 Mobile Safari/537.36','ATIVO',NULL,'2026-02-25 15:14:32.300',NULL,NULL,NULL,NULL,NULL),(2147,2,5,'ENTRADA','PWA','2026-02-25 16:28:01.429',NULL,NULL,NULL,'177.196.240.31','Mozilla/5.0 (Linux; Android 16; 25053PC47G Build/BP2A.250605.031.A3; wv) AppleWebKit/537.36 (KHTML, like Gecko) Version/4.0 Chrome/145.0.7632.79 Mobile Safari/537.36','ATIVO',NULL,'2026-02-25 16:28:01.429',NULL,NULL,NULL,NULL,NULL),(2148,3,7,'ENTRADA','PWA','2026-02-25 16:28:14.386',NULL,NULL,NULL,'177.196.240.31','Mozilla/5.0 (Linux; Android 11; moto g(10) Build/RRBS31.Q1-3-48-22; wv) AppleWebKit/537.36 (KHTML, like Gecko) Version/4.0 Chrome/145.0.7632.79 Mobile Safari/537.36','ATIVO',NULL,'2026-02-25 16:28:14.386',NULL,NULL,NULL,NULL,NULL),(2149,4,6,'ENTRADA','PWA','2026-02-25 16:29:14.358',NULL,NULL,NULL,'177.196.240.31','Mozilla/5.0 (Linux; Android 13; moto g32 Build/T2SNS33.73-22-3-19; wv) AppleWebKit/537.36 (KHTML, like Gecko) Version/4.0 Chrome/145.0.7632.79 Mobile Safari/537.36','ATIVO',NULL,'2026-02-25 16:29:14.358',NULL,NULL,NULL,NULL,NULL),(2150,5,8,'ENTRADA','PWA','2026-02-25 16:31:02.035',NULL,NULL,NULL,'177.196.240.31','Mozilla/5.0 (Linux; Android 13; SM-A035M Build/TP1A.220624.014; wv) AppleWebKit/537.36 (KHTML, like Gecko) Version/4.0 Chrome/144.0.7559.132 Mobile Safari/537.36','ATIVO',NULL,'2026-02-25 16:31:02.035',NULL,NULL,NULL,NULL,NULL),(2151,3,NULL,'SAIDA','ADMIN','2026-02-03 21:13:00.000',NULL,NULL,NULL,NULL,NULL,'ATIVO','AJUSTE MANUAL','2026-02-25 19:48:22.137',NULL,NULL,NULL,NULL,NULL),(2152,3,NULL,'ENTRADA','ADMIN','2026-02-04 10:28:00.000',NULL,NULL,NULL,NULL,NULL,'ATIVO','AJUSTE MANUAL','2026-02-25 19:48:44.529',NULL,NULL,NULL,NULL,NULL),(2153,3,NULL,'SAIDA','ADMIN','2026-02-04 15:06:00.000',NULL,NULL,NULL,NULL,NULL,'ATIVO','AJUSTE MANUAL','2026-02-25 19:48:53.535',NULL,NULL,NULL,NULL,NULL),(2154,3,NULL,'ENTRADA','ADMIN','2026-02-04 16:34:00.000',NULL,NULL,NULL,NULL,NULL,'ATIVO','AJUSTE MANUAL','2026-02-25 19:48:59.782',NULL,NULL,NULL,NULL,NULL),(2155,3,NULL,'SAIDA','ADMIN','2026-02-04 20:43:00.000',NULL,NULL,NULL,NULL,NULL,'ATIVO','AJUSTE MANUAL','2026-02-25 19:49:09.171',NULL,NULL,NULL,NULL,NULL),(2156,3,NULL,'ENTRADA','ADMIN','2026-02-05 10:28:00.000',NULL,NULL,NULL,NULL,NULL,'ATIVO','AJUSTE MANUAL','2026-02-25 19:49:34.738',NULL,NULL,NULL,NULL,NULL),(2157,3,NULL,'SAIDA','ADMIN','2026-02-05 20:39:00.000',NULL,NULL,NULL,NULL,NULL,'ATIVO','AJUSTE MANUAL','2026-02-25 19:49:41.740',NULL,NULL,NULL,NULL,NULL),(2158,3,NULL,'ENTRADA','ADMIN','2026-02-06 10:30:00.000',NULL,NULL,NULL,NULL,NULL,'ATIVO','AJUSTE MANUAL','2026-02-25 19:52:16.725',NULL,NULL,NULL,NULL,NULL),(2159,3,NULL,'SAIDA','ADMIN','2026-02-06 15:05:00.000',NULL,NULL,NULL,NULL,NULL,'ATIVO','AJUSTE MANUAL','2026-02-25 19:52:24.109',NULL,NULL,NULL,NULL,NULL),(2160,3,NULL,'ENTRADA','ADMIN','2026-02-06 16:31:00.000',NULL,NULL,NULL,NULL,NULL,'ATIVO','AJUSTE MANUAL','2026-02-25 19:52:30.823',NULL,NULL,NULL,NULL,NULL),(2161,3,NULL,'SAIDA','ADMIN','2026-02-06 20:30:00.000',NULL,NULL,NULL,NULL,NULL,'ATIVO','AJUSTE MANUAL','2026-02-25 19:52:34.321',NULL,NULL,NULL,NULL,NULL),(2162,3,NULL,'ENTRADA','ADMIN','2026-02-07 10:35:00.000',NULL,NULL,NULL,NULL,NULL,'ATIVO','AJUSTE MANUAL','2026-02-25 19:52:46.852',NULL,NULL,NULL,NULL,NULL),(2163,3,NULL,'SAIDA','ADMIN','2026-02-07 14:52:00.000',NULL,NULL,NULL,NULL,NULL,'ATIVO','AJUSTE MANUAL','2026-02-25 19:52:54.994',NULL,NULL,NULL,NULL,NULL),(2164,3,NULL,'ENTRADA','ADMIN','2026-02-09 10:35:00.000',NULL,NULL,NULL,NULL,NULL,'ATIVO','AJUSTE MANUAL','2026-02-25 19:53:12.207',NULL,NULL,NULL,NULL,NULL),(2165,3,NULL,'SAIDA','ADMIN','2026-02-09 15:03:00.000',NULL,NULL,NULL,NULL,NULL,'ATIVO','AJUSTE MANUAL','2026-02-25 19:53:19.556',NULL,NULL,NULL,NULL,NULL),(2166,3,NULL,'ENTRADA','ADMIN','2026-02-09 16:30:00.000',NULL,NULL,NULL,NULL,NULL,'ATIVO','AJUSTE MANUAL','2026-02-25 19:53:23.656',NULL,NULL,NULL,NULL,NULL),(2167,3,NULL,'SAIDA','ADMIN','2026-02-09 19:29:00.000',NULL,NULL,NULL,NULL,NULL,'ATIVO','AJUSTE MANUAL','2026-02-25 19:53:30.106',NULL,NULL,NULL,NULL,NULL),(2168,3,NULL,'ENTRADA','ADMIN','2026-02-10 10:42:00.000',NULL,NULL,NULL,NULL,NULL,'ATIVO','AJUSTE MANUAL','2026-02-25 19:53:45.664',NULL,NULL,NULL,NULL,NULL),(2169,3,NULL,'SAIDA','ADMIN','2026-02-10 15:19:00.000',NULL,NULL,NULL,NULL,NULL,'ATIVO','AJUSTE MANUAL','2026-02-25 19:53:51.851',NULL,NULL,NULL,NULL,NULL),(2170,3,NULL,'ENTRADA','ADMIN','2026-02-11 10:33:00.000',NULL,NULL,NULL,NULL,NULL,'ATIVO','AJUSTE MANUAL','2026-02-25 19:54:06.028',NULL,NULL,NULL,NULL,NULL),(2171,3,NULL,'SAIDA','ADMIN','2026-02-11 15:16:00.000',NULL,NULL,NULL,NULL,NULL,'ATIVO','AJUSTE MANUAL','2026-02-25 19:54:12.223',NULL,NULL,NULL,NULL,NULL),(2172,3,NULL,'ENTRADA','ADMIN','2026-02-11 16:30:00.000',NULL,NULL,NULL,NULL,NULL,'ATIVO','AJUSTE MANUAL','2026-02-25 19:54:15.753',NULL,NULL,NULL,NULL,NULL),(2173,3,NULL,'SAIDA','ADMIN','2026-02-11 21:15:00.000',NULL,NULL,NULL,NULL,NULL,'ATIVO','AJUSTE MANUAL','2026-02-25 19:54:21.864',NULL,NULL,NULL,NULL,NULL),(2174,3,NULL,'ENTRADA','ADMIN','2026-02-12 10:45:00.000',NULL,NULL,NULL,NULL,NULL,'ATIVO','AJUSTE MANUAL','2026-02-25 19:54:58.604',NULL,NULL,NULL,NULL,NULL),(2175,3,NULL,'SAIDA','ADMIN','2026-02-12 14:26:00.000',NULL,NULL,NULL,NULL,NULL,'ATIVO','AJUSTE MANUAL','2026-02-25 19:55:24.927',NULL,NULL,NULL,NULL,NULL),(2176,3,NULL,'ENTRADA','ADMIN','2026-02-12 16:01:00.000',NULL,NULL,NULL,NULL,NULL,'ATIVO','AJUSTE MANUAL','2026-02-25 19:55:32.656',NULL,NULL,NULL,NULL,NULL),(2177,3,NULL,'SAIDA','ADMIN','2026-02-12 21:03:00.000',NULL,NULL,NULL,NULL,NULL,'ATIVO','AJUSTE MANUAL','2026-02-25 19:55:41.281',NULL,NULL,NULL,NULL,NULL),(2178,3,NULL,'ENTRADA','ADMIN','2026-02-13 10:48:00.000',NULL,NULL,NULL,NULL,NULL,'ATIVO','AJUSTE MANUAL','2026-02-25 19:56:14.215',NULL,NULL,NULL,NULL,NULL),(2179,3,NULL,'SAIDA','ADMIN','2026-02-13 20:42:00.000',NULL,NULL,NULL,NULL,NULL,'ATIVO','AJUSTE MANUAL','2026-02-25 19:56:20.934',NULL,NULL,NULL,NULL,NULL),(2180,3,NULL,'ENTRADA','ADMIN','2026-02-14 10:40:00.000',NULL,NULL,NULL,NULL,NULL,'ATIVO','AJUSTE MANUAL','2026-02-25 19:56:29.334',NULL,NULL,NULL,NULL,NULL),(2181,3,NULL,'SAIDA','ADMIN','2026-02-14 12:48:00.000',NULL,NULL,NULL,NULL,NULL,'ATIVO','AJUSTE MANUAL','2026-02-25 19:56:37.745',NULL,NULL,NULL,NULL,NULL),(2182,3,NULL,'ENTRADA','ADMIN','2026-02-16 10:35:00.000',NULL,NULL,NULL,NULL,NULL,'ATIVO','AJUSTE MANUAL','2026-02-25 19:56:48.663',NULL,NULL,NULL,NULL,NULL),(2183,3,NULL,'SAIDA','ADMIN','2026-02-16 19:24:00.000',NULL,NULL,NULL,NULL,NULL,'ATIVO','AJUSTE MANUAL','2026-02-25 19:56:56.438',NULL,NULL,NULL,NULL,NULL),(2184,3,NULL,'ENTRADA','ADMIN','2026-02-16 20:39:00.000',NULL,NULL,NULL,NULL,NULL,'ATIVO','AJUSTE MANUAL','2026-02-25 19:57:07.986',NULL,NULL,NULL,NULL,NULL),(2185,3,NULL,'SAIDA','ADMIN','2026-02-16 20:39:00.000',NULL,NULL,NULL,NULL,NULL,'ATIVO','AJUSTE MANUAL','2026-02-25 19:57:21.021',NULL,NULL,NULL,NULL,NULL),(2186,5,NULL,'ENTRADA','ADMIN','2026-02-04 16:33:00.000',NULL,NULL,NULL,NULL,NULL,'ATIVO','AJUSTE MANUAL','2026-02-25 20:05:53.492',NULL,NULL,NULL,NULL,NULL),(2187,5,NULL,'SAIDA','ADMIN','2026-02-04 20:46:00.000',NULL,NULL,NULL,NULL,NULL,'ATIVO','AJUSTE MANUAL','2026-02-25 20:05:59.789',NULL,NULL,NULL,NULL,NULL),(2188,5,NULL,'ENTRADA','ADMIN','2026-02-05 10:36:00.000',NULL,NULL,NULL,NULL,NULL,'ATIVO','AJUSTE MANUAL','2026-02-25 20:06:11.331',NULL,NULL,NULL,NULL,NULL),(2189,5,NULL,'SAIDA','ADMIN','2026-02-05 15:02:00.000',NULL,NULL,NULL,NULL,NULL,'ATIVO','AJUSTE MANUAL','2026-02-25 20:06:19.730',NULL,NULL,NULL,NULL,NULL),(2190,5,NULL,'ENTRADA','ADMIN','2026-02-05 16:31:00.000',NULL,NULL,NULL,NULL,NULL,'ATIVO','AJUSTE MANUAL','2026-02-25 20:06:31.836',NULL,NULL,NULL,NULL,NULL),(2191,5,NULL,'SAIDA','ADMIN','2026-02-05 20:55:00.000',NULL,NULL,NULL,NULL,NULL,'ATIVO','AJUSTE MANUAL','2026-02-25 20:06:40.632',NULL,NULL,NULL,NULL,NULL),(2192,5,NULL,'ENTRADA','ADMIN','2026-02-06 10:36:00.000',NULL,NULL,NULL,NULL,NULL,'ATIVO','AJUSTE MANUAL','2026-02-25 20:07:44.945',NULL,NULL,NULL,NULL,NULL),(2193,5,NULL,'SAIDA','ADMIN','2026-02-06 15:00:00.000',NULL,NULL,NULL,NULL,NULL,'ATIVO','AJUSTE MANUAL','2026-02-25 20:07:49.635',NULL,NULL,NULL,NULL,NULL),(2194,5,NULL,'ENTRADA','ADMIN','2026-02-06 16:32:00.000',NULL,NULL,NULL,NULL,NULL,'ATIVO','AJUSTE MANUAL','2026-02-25 20:07:53.950',NULL,NULL,NULL,NULL,NULL),(2195,5,NULL,'SAIDA','ADMIN','2026-02-06 21:19:00.000',NULL,NULL,NULL,NULL,NULL,'ATIVO','AJUSTE MANUAL','2026-02-25 20:08:00.738',NULL,NULL,NULL,NULL,NULL),(2196,5,NULL,'ENTRADA','ADMIN','2026-02-07 10:34:00.000',NULL,NULL,NULL,NULL,NULL,'ATIVO','AJUSTE MANUAL','2026-02-25 20:08:13.116',NULL,NULL,NULL,NULL,NULL),(2197,5,NULL,'SAIDA','ADMIN','2026-02-07 14:52:00.000',NULL,NULL,NULL,NULL,NULL,'ATIVO','AJUSTE MANUAL','2026-02-25 20:08:19.974',NULL,NULL,NULL,NULL,NULL),(2198,5,NULL,'ENTRADA','ADMIN','2026-02-09 10:32:00.000',NULL,NULL,NULL,NULL,NULL,'ATIVO','AJUSTE MANUAL','2026-02-25 20:08:28.077',NULL,NULL,NULL,NULL,NULL),(2199,5,NULL,'SAIDA','ADMIN','2026-02-09 15:06:00.000',NULL,NULL,NULL,NULL,NULL,'ATIVO','AJUSTE MANUAL','2026-02-25 20:08:36.516',NULL,NULL,NULL,NULL,NULL),(2200,5,NULL,'ENTRADA','ADMIN','2026-02-09 16:29:00.000',NULL,NULL,NULL,NULL,NULL,'ATIVO','AJUSTE MANUAL','2026-02-25 20:10:50.019',NULL,NULL,NULL,NULL,NULL),(2201,5,NULL,'SAIDA','ADMIN','2026-02-09 20:36:00.000',NULL,NULL,NULL,NULL,NULL,'ATIVO','AJUSTE MANUAL','2026-02-25 20:10:56.724',NULL,NULL,NULL,NULL,NULL),(2202,5,NULL,'ENTRADA','ADMIN','2026-02-10 10:41:00.000',NULL,NULL,NULL,NULL,NULL,'ATIVO','AJUSTE MANUAL','2026-02-25 20:11:14.055',NULL,NULL,NULL,NULL,NULL),(2203,5,NULL,'SAIDA','ADMIN','2026-02-10 15:01:00.000',NULL,NULL,NULL,NULL,NULL,'ATIVO','AJUSTE MANUAL','2026-02-25 20:11:19.946',NULL,NULL,NULL,NULL,NULL),(2204,5,NULL,'ENTRADA','ADMIN','2026-02-10 16:31:00.000',NULL,NULL,NULL,NULL,NULL,'ATIVO','AJUSTE MANUAL','2026-02-25 20:11:26.650',NULL,NULL,NULL,NULL,NULL),(2205,5,NULL,'SAIDA','ADMIN','2026-02-10 20:38:00.000',NULL,NULL,NULL,NULL,NULL,'ATIVO','AJUSTE MANUAL','2026-02-25 20:11:33.544',NULL,NULL,NULL,NULL,NULL),(2206,5,NULL,'ENTRADA','ADMIN','2026-02-11 10:31:00.000',NULL,NULL,NULL,NULL,NULL,'ATIVO','AJUSTE MANUAL','2026-02-25 20:11:48.839',NULL,NULL,NULL,NULL,NULL),(2207,5,NULL,'SAIDA','ADMIN','2026-02-11 15:01:00.000',NULL,NULL,NULL,NULL,NULL,'ATIVO','AJUSTE MANUAL','2026-02-25 20:11:55.288',NULL,NULL,NULL,NULL,NULL),(2208,5,NULL,'ENTRADA','ADMIN','2026-02-11 16:29:00.000',NULL,NULL,NULL,NULL,NULL,'ATIVO','AJUSTE MANUAL','2026-02-25 20:12:01.709',NULL,NULL,NULL,NULL,NULL),(2209,5,NULL,'SAIDA','ADMIN','2026-02-11 20:33:00.000',NULL,NULL,NULL,NULL,NULL,'ATIVO','AJUSTE MANUAL','2026-02-25 20:12:09.979',NULL,NULL,NULL,NULL,NULL),(2210,5,NULL,'ENTRADA','ADMIN','2026-02-12 10:42:00.000',NULL,NULL,NULL,NULL,NULL,'ATIVO','AJUSTE MANUAL','2026-02-25 20:12:19.913',NULL,NULL,NULL,NULL,NULL),(2211,5,NULL,'SAIDA','ADMIN','2026-02-12 15:00:00.000',NULL,NULL,NULL,NULL,NULL,'ATIVO','AJUSTE MANUAL','2026-02-25 20:12:28.743',NULL,NULL,NULL,NULL,NULL),(2212,5,NULL,'ENTRADA','ADMIN','2026-02-12 16:28:00.000',NULL,NULL,NULL,NULL,NULL,'ATIVO','AJUSTE MANUAL','2026-02-25 20:12:48.754',NULL,NULL,NULL,NULL,NULL),(2213,5,NULL,'SAIDA','ADMIN','2026-02-12 20:47:00.000',NULL,NULL,NULL,NULL,NULL,'ATIVO','AJUSTE MANUAL','2026-02-25 20:12:55.362',NULL,NULL,NULL,NULL,NULL),(2214,5,NULL,'ENTRADA','ADMIN','2026-02-13 10:31:00.000',NULL,NULL,NULL,NULL,NULL,'ATIVO','AJUSTE MANUAL','2026-02-25 20:13:06.063',NULL,NULL,NULL,NULL,NULL),(2215,5,NULL,'SAIDA','ADMIN','2026-02-13 15:01:00.000',NULL,NULL,NULL,NULL,NULL,'ATIVO','AJUSTE MANUAL','2026-02-25 20:13:11.760',NULL,NULL,NULL,NULL,NULL),(2216,5,NULL,'ENTRADA','ADMIN','2026-02-13 16:11:00.000',NULL,NULL,NULL,NULL,NULL,'ATIVO','AJUSTE MANUAL','2026-02-25 20:13:17.241',NULL,NULL,NULL,NULL,NULL),(2217,5,NULL,'SAIDA','ADMIN','2026-02-13 20:34:00.000',NULL,NULL,NULL,NULL,NULL,'ATIVO','AJUSTE MANUAL','2026-02-25 20:13:22.884',NULL,NULL,NULL,NULL,NULL),(2218,5,NULL,'ENTRADA','ADMIN','2026-02-14 10:38:00.000',NULL,NULL,NULL,NULL,NULL,'ATIVO','AJUSTE MANUAL','2026-02-25 20:13:32.499',NULL,NULL,NULL,NULL,NULL),(2219,5,NULL,'SAIDA','ADMIN','2026-02-14 12:49:00.000',NULL,NULL,NULL,NULL,NULL,'ATIVO','AJUSTE MANUAL','2026-02-25 20:13:40.277',NULL,NULL,NULL,NULL,NULL),(2220,5,NULL,'ENTRADA','ADMIN','2026-02-16 10:34:00.000',NULL,NULL,NULL,NULL,NULL,'ATIVO','AJUSTE MANUAL','2026-02-25 20:13:47.459',NULL,NULL,NULL,NULL,NULL),(2221,5,NULL,'SAIDA','ADMIN','2026-02-16 15:08:00.000',NULL,NULL,NULL,NULL,NULL,'ATIVO','AJUSTE MANUAL','2026-02-25 20:13:53.345',NULL,NULL,NULL,NULL,NULL),(2222,5,NULL,'ENTRADA','ADMIN','2026-02-16 16:31:00.000',NULL,NULL,NULL,NULL,NULL,'ATIVO','AJUSTE MANUAL','2026-02-25 20:13:59.608',NULL,NULL,NULL,NULL,NULL),(2223,5,NULL,'SAIDA','ADMIN','2026-02-16 20:40:00.000',NULL,NULL,NULL,NULL,NULL,'ATIVO','AJUSTE MANUAL','2026-02-25 20:14:05.775',NULL,NULL,NULL,NULL,NULL),(2224,4,NULL,'ENTRADA','ADMIN','2026-02-04 10:38:00.000',NULL,NULL,NULL,NULL,NULL,'ATIVO','AJUSTE MANUAL','2026-02-25 20:20:27.086',NULL,NULL,NULL,NULL,NULL),(2225,4,NULL,'SAIDA','ADMIN','2026-02-04 15:03:00.000',NULL,NULL,NULL,NULL,NULL,'ATIVO','AJUSTE MANUAL','2026-02-25 20:20:34.504',NULL,NULL,NULL,NULL,NULL),(2226,4,NULL,'ENTRADA','ADMIN','2026-02-04 16:34:00.000',NULL,NULL,NULL,NULL,NULL,'ATIVO','AJUSTE MANUAL','2026-02-25 20:20:40.094',NULL,NULL,NULL,NULL,NULL),(2227,4,NULL,'SAIDA','ADMIN','2026-02-04 20:48:00.000',NULL,NULL,NULL,NULL,NULL,'ATIVO','AJUSTE MANUAL','2026-02-25 20:20:48.349',NULL,NULL,NULL,NULL,NULL),(2228,4,NULL,'ENTRADA','ADMIN','2026-02-05 10:30:00.000',NULL,NULL,NULL,NULL,NULL,'ATIVO','AJUSTE MANUAL','2026-02-25 20:20:57.989',NULL,NULL,NULL,NULL,NULL),(2229,4,NULL,'ENTRADA','ADMIN','2026-02-06 10:38:00.000',NULL,NULL,NULL,NULL,NULL,'ATIVO','AJUSTE MANUAL','2026-02-25 20:21:06.892',NULL,NULL,NULL,NULL,NULL),(2230,4,NULL,'SAIDA','ADMIN','2026-02-06 15:00:00.000',NULL,NULL,NULL,NULL,NULL,'ATIVO','AJUSTE MANUAL','2026-02-25 20:21:13.312',NULL,NULL,NULL,NULL,NULL),(2231,4,NULL,'ENTRADA','ADMIN','2026-02-06 16:32:00.000',NULL,NULL,NULL,NULL,NULL,'ATIVO','AJUSTE MANUAL','2026-02-25 20:21:19.453',NULL,NULL,NULL,NULL,NULL),(2232,4,NULL,'SAIDA','ADMIN','2026-02-06 20:30:00.000',NULL,NULL,NULL,NULL,NULL,'ATIVO','AJUSTE MANUAL','2026-02-25 20:21:23.566',NULL,NULL,NULL,NULL,NULL),(2233,4,NULL,'ENTRADA','ADMIN','2026-02-07 10:30:00.000',NULL,NULL,NULL,NULL,NULL,'ATIVO','AJUSTE MANUAL','2026-02-25 20:21:29.446',NULL,NULL,NULL,NULL,NULL),(2234,4,NULL,'SAIDA','ADMIN','2026-02-07 14:52:00.000',NULL,NULL,NULL,NULL,NULL,'ATIVO','AJUSTE MANUAL','2026-02-25 20:21:40.808',NULL,NULL,NULL,NULL,NULL),(2235,4,NULL,'ENTRADA','ADMIN','2026-02-09 10:34:00.000',NULL,NULL,NULL,NULL,NULL,'ATIVO','AJUSTE MANUAL','2026-02-25 20:22:08.054',NULL,NULL,NULL,NULL,NULL),(2236,4,NULL,'SAIDA','ADMIN','2026-02-09 14:59:00.000',NULL,NULL,NULL,NULL,NULL,'ATIVO','AJUSTE MANUAL','2026-02-25 20:22:17.019',NULL,NULL,NULL,NULL,NULL),(2237,4,NULL,'ENTRADA','ADMIN','2026-02-09 16:31:00.000',NULL,NULL,NULL,NULL,NULL,'ATIVO','AJUSTE MANUAL','2026-02-25 20:22:22.932',NULL,NULL,NULL,NULL,NULL),(2238,4,NULL,'SAIDA','ADMIN','2026-02-09 20:41:00.000',NULL,NULL,NULL,NULL,NULL,'ATIVO','AJUSTE MANUAL','2026-02-25 20:22:30.369',NULL,NULL,NULL,NULL,NULL),(2239,4,NULL,'ENTRADA','ADMIN','2026-02-10 10:36:00.000',NULL,NULL,NULL,NULL,NULL,'ATIVO','AJUSTE MANUAL','2026-02-25 20:22:41.289',NULL,NULL,NULL,NULL,NULL),(2240,4,NULL,'SAIDA','ADMIN','2026-02-10 14:21:00.000',NULL,NULL,NULL,NULL,NULL,'ATIVO','AJUSTE MANUAL','2026-02-25 20:23:03.076',NULL,NULL,NULL,NULL,NULL),(2241,4,NULL,'ENTRADA','ADMIN','2026-02-10 14:54:00.000',NULL,NULL,NULL,NULL,NULL,'ATIVO','AJUSTE MANUAL','2026-02-25 20:23:11.360',NULL,NULL,NULL,NULL,NULL),(2242,4,NULL,'SAIDA','ADMIN','2026-02-10 20:37:00.000',NULL,NULL,NULL,NULL,NULL,'ATIVO','AJUSTE MANUAL','2026-02-25 20:23:18.107',NULL,NULL,NULL,NULL,NULL),(2243,4,NULL,'ENTRADA','ADMIN','2026-02-11 10:42:00.000',NULL,NULL,NULL,NULL,NULL,'ATIVO','AJUSTE MANUAL','2026-02-25 20:23:28.058',NULL,NULL,NULL,NULL,NULL),(2244,4,NULL,'SAIDA','ADMIN','2026-02-11 21:42:00.000',NULL,NULL,NULL,NULL,NULL,'ATIVO','AJUSTE MANUAL','2026-02-25 20:23:37.768',NULL,NULL,NULL,NULL,NULL),(2245,4,NULL,'ENTRADA','ADMIN','2026-02-12 10:33:00.000',NULL,NULL,NULL,NULL,NULL,'ATIVO','AJUSTE MANUAL','2026-02-25 20:23:45.518',NULL,NULL,NULL,NULL,NULL),(2246,4,NULL,'SAIDA','ADMIN','2026-02-12 14:59:00.000',NULL,NULL,NULL,NULL,NULL,'ATIVO','AJUSTE MANUAL','2026-02-25 20:23:53.256',NULL,NULL,NULL,NULL,NULL),(2247,4,NULL,'ENTRADA','ADMIN','2026-02-12 16:29:00.000',NULL,NULL,NULL,NULL,NULL,'ATIVO','AJUSTE MANUAL','2026-02-25 20:23:58.904',NULL,NULL,NULL,NULL,NULL),(2248,4,NULL,'SAIDA','ADMIN','2026-02-12 21:23:00.000',NULL,NULL,NULL,NULL,NULL,'ATIVO','AJUSTE MANUAL','2026-02-25 20:24:06.704',NULL,NULL,NULL,NULL,NULL),(2249,4,NULL,'ENTRADA','ADMIN','2026-02-13 10:30:00.000',NULL,NULL,NULL,NULL,NULL,'ATIVO','AJUSTE MANUAL','2026-02-25 20:24:14.988',NULL,NULL,NULL,NULL,NULL),(2250,4,NULL,'SAIDA','ADMIN','2026-02-13 19:37:00.000',NULL,NULL,NULL,NULL,NULL,'ATIVO','AJUSTE MANUAL','2026-02-25 20:24:26.545',NULL,NULL,NULL,NULL,NULL),(2251,4,NULL,'ENTRADA','ADMIN','2026-02-13 20:47:00.000',NULL,NULL,NULL,NULL,NULL,'ATIVO','AJUSTE MANUAL','2026-02-25 20:24:32.560',NULL,NULL,NULL,NULL,NULL),(2252,4,NULL,'SAIDA','ADMIN','2026-02-13 20:47:00.000',NULL,NULL,NULL,NULL,NULL,'ATIVO','AJUSTE MANUAL','2026-02-25 20:24:39.559',NULL,NULL,NULL,NULL,NULL),(2253,4,NULL,'ENTRADA','ADMIN','2026-02-14 10:40:00.000',NULL,NULL,NULL,NULL,NULL,'ATIVO','AJUSTE MANUAL','2026-02-25 20:24:48.374',NULL,NULL,NULL,NULL,NULL),(2254,4,NULL,'SAIDA','ADMIN','2026-02-14 12:49:00.000',NULL,NULL,NULL,NULL,NULL,'ATIVO','AJUSTE MANUAL','2026-02-25 20:24:54.984',NULL,NULL,NULL,NULL,NULL),(2255,4,NULL,'ENTRADA','ADMIN','2026-02-16 10:34:00.000',NULL,NULL,NULL,NULL,NULL,'ATIVO','AJUSTE MANUAL','2026-02-25 20:25:04.701',NULL,NULL,NULL,NULL,NULL),(2256,4,NULL,'SAIDA','ADMIN','2026-02-16 19:24:00.000',NULL,NULL,NULL,NULL,NULL,'ATIVO','AJUSTE MANUAL','2026-02-25 20:25:13.431',NULL,NULL,NULL,NULL,NULL),(2257,4,NULL,'ENTRADA','ADMIN','2026-02-16 20:36:00.000',NULL,NULL,NULL,NULL,NULL,'ATIVO','AJUSTE MANUAL','2026-02-25 20:25:26.725',NULL,NULL,NULL,NULL,NULL),(2258,4,NULL,'SAIDA','ADMIN','2026-02-16 20:36:00.000',NULL,NULL,NULL,NULL,NULL,'ATIVO','AJUSTE MANUAL','2026-02-25 20:25:30.957',NULL,NULL,NULL,NULL,NULL),(2259,4,NULL,'SAIDA','ADMIN','2026-02-05 20:40:00.000',NULL,NULL,NULL,NULL,NULL,'ATIVO','AJUSTE MANUAL','2026-02-25 20:26:05.211',NULL,NULL,NULL,NULL,NULL),(2260,2,NULL,'ENTRADA','ADMIN','2026-02-04 10:33:00.000',NULL,NULL,NULL,NULL,NULL,'ATIVO','AJUSTE MANUAL','2026-02-25 20:28:08.614',NULL,NULL,NULL,NULL,NULL),(2261,2,NULL,'SAIDA','ADMIN','2026-02-04 15:12:00.000',NULL,NULL,NULL,NULL,NULL,'ATIVO','AJUSTE MANUAL','2026-02-25 20:28:14.991',NULL,NULL,NULL,NULL,NULL),(2262,2,NULL,'ENTRADA','ADMIN','2026-02-04 16:26:00.000',NULL,NULL,NULL,NULL,NULL,'ATIVO','AJUSTE MANUAL','2026-02-25 20:28:20.872',NULL,NULL,NULL,NULL,NULL),(2263,2,NULL,'SAIDA','ADMIN','2026-02-04 20:31:00.000',NULL,NULL,NULL,NULL,NULL,'ATIVO','AJUSTE MANUAL','2026-02-25 20:28:28.455',NULL,NULL,NULL,NULL,NULL),(2264,2,NULL,'ENTRADA','ADMIN','2026-02-05 10:31:00.000',NULL,NULL,NULL,NULL,NULL,'ATIVO','AJUSTE MANUAL','2026-02-25 20:28:38.329',NULL,NULL,NULL,NULL,NULL),(2265,2,NULL,'SAIDA','ADMIN','2026-02-05 15:07:00.000',NULL,NULL,NULL,NULL,NULL,'ATIVO','AJUSTE MANUAL','2026-02-25 20:28:44.011',NULL,NULL,NULL,NULL,NULL),(2266,2,NULL,'ENTRADA','ADMIN','2026-02-05 16:29:00.000',NULL,NULL,NULL,NULL,NULL,'ATIVO','AJUSTE MANUAL','2026-02-25 20:28:49.421',NULL,NULL,NULL,NULL,NULL),(2267,2,NULL,'SAIDA','ADMIN','2026-02-05 21:05:00.000',NULL,NULL,NULL,NULL,NULL,'ATIVO','AJUSTE MANUAL','2026-02-25 20:28:56.117',NULL,NULL,NULL,NULL,NULL),(2268,2,NULL,'ENTRADA','ADMIN','2026-02-06 10:32:00.000',NULL,NULL,NULL,NULL,NULL,'ATIVO','AJUSTE MANUAL','2026-02-25 20:29:08.156',NULL,NULL,NULL,NULL,NULL),(2269,2,NULL,'SAIDA','ADMIN','2026-02-06 15:01:00.000',NULL,NULL,NULL,NULL,NULL,'ATIVO','AJUSTE MANUAL','2026-02-25 20:29:14.452',NULL,NULL,NULL,NULL,NULL),(2270,2,NULL,'ENTRADA','ADMIN','2026-02-06 16:28:00.000',NULL,NULL,NULL,NULL,NULL,'ATIVO','AJUSTE MANUAL','2026-02-25 20:29:22.346',NULL,NULL,NULL,NULL,NULL),(2271,2,NULL,'SAIDA','ADMIN','2026-02-06 21:18:00.000',NULL,NULL,NULL,NULL,NULL,'ATIVO','AJUSTE MANUAL','2026-02-25 20:29:31.208',NULL,NULL,NULL,NULL,NULL),(2272,2,NULL,'ENTRADA','ADMIN','2026-02-07 10:33:00.000',NULL,NULL,NULL,NULL,NULL,'ATIVO','AJUSTE MANUAL','2026-02-25 20:29:40.461',NULL,NULL,NULL,NULL,NULL),(2273,2,NULL,'SAIDA','ADMIN','2026-02-07 14:52:00.000',NULL,NULL,NULL,NULL,NULL,'ATIVO','AJUSTE MANUAL','2026-02-25 20:29:46.933',NULL,NULL,NULL,NULL,NULL),(2274,2,NULL,'ENTRADA','ADMIN','2026-02-09 10:51:00.000',NULL,NULL,NULL,NULL,NULL,'ATIVO','AJUSTE MANUAL','2026-02-25 20:31:32.766',NULL,NULL,NULL,NULL,NULL),(2275,2,NULL,'SAIDA','ADMIN','2026-02-09 15:29:00.000',NULL,NULL,NULL,NULL,NULL,'ATIVO','AJUSTE MANUAL','2026-02-25 20:31:43.013',NULL,NULL,NULL,NULL,NULL),(2276,2,NULL,'ENTRADA','ADMIN','2026-02-09 16:20:00.000',NULL,NULL,NULL,NULL,NULL,'ATIVO','AJUSTE MANUAL','2026-02-25 20:31:49.044',NULL,NULL,NULL,NULL,NULL),(2277,2,NULL,'SAIDA','ADMIN','2026-02-09 20:42:00.000',NULL,NULL,NULL,NULL,NULL,'ATIVO','AJUSTE MANUAL','2026-02-25 20:31:55.825',NULL,NULL,NULL,NULL,NULL),(2278,2,NULL,'ENTRADA','ADMIN','2026-02-10 10:28:00.000',NULL,NULL,NULL,NULL,NULL,'ATIVO','AJUSTE MANUAL','2026-02-25 20:32:03.581',NULL,NULL,NULL,NULL,NULL),(2279,5,8,'SAIDA','PWA','2026-02-25 20:32:07.342',NULL,NULL,NULL,'177.196.240.31','Mozilla/5.0 (Linux; Android 13; SM-A035M Build/TP1A.220624.014; wv) AppleWebKit/537.36 (KHTML, like Gecko) Version/4.0 Chrome/144.0.7559.132 Mobile Safari/537.36','ATIVO',NULL,'2026-02-25 20:32:07.342',NULL,NULL,NULL,NULL,NULL),(2280,2,NULL,'SAIDA','ADMIN','2026-02-10 15:32:00.000',NULL,NULL,NULL,NULL,NULL,'ATIVO','AJUSTE MANUAL','2026-02-25 20:32:10.586',NULL,NULL,NULL,NULL,NULL),(2281,2,NULL,'ENTRADA','ADMIN','2026-02-10 16:25:00.000',NULL,NULL,NULL,NULL,NULL,'ATIVO','AJUSTE MANUAL','2026-02-25 20:32:17.699',NULL,NULL,NULL,NULL,NULL),(2282,2,NULL,'SAIDA','ADMIN','2026-02-10 20:41:00.000',NULL,NULL,NULL,NULL,NULL,'ATIVO','AJUSTE MANUAL','2026-02-25 20:32:23.448',NULL,NULL,NULL,NULL,NULL),(2283,2,NULL,'ENTRADA','ADMIN','2026-02-11 10:35:00.000',NULL,NULL,NULL,NULL,NULL,'ATIVO','AJUSTE MANUAL','2026-02-25 20:32:30.717',NULL,NULL,NULL,NULL,NULL),(2284,2,NULL,'SAIDA','ADMIN','2026-02-11 15:12:00.000',NULL,NULL,NULL,NULL,NULL,'ATIVO','AJUSTE MANUAL','2026-02-25 20:32:36.312',NULL,NULL,NULL,NULL,NULL),(2285,2,NULL,'ENTRADA','ADMIN','2026-02-11 16:26:00.000',NULL,NULL,NULL,NULL,NULL,'ATIVO','AJUSTE MANUAL','2026-02-25 20:32:43.107',NULL,NULL,NULL,NULL,NULL),(2286,2,NULL,'SAIDA','ADMIN','2026-02-11 21:14:00.000',NULL,NULL,NULL,NULL,NULL,'ATIVO','AJUSTE MANUAL','2026-02-25 20:32:56.520',NULL,NULL,NULL,NULL,NULL),(2287,2,NULL,'ENTRADA','ADMIN','2026-02-12 10:33:00.000',NULL,NULL,NULL,NULL,NULL,'ATIVO','AJUSTE MANUAL','2026-02-25 20:33:04.081',NULL,NULL,NULL,NULL,NULL),(2288,2,NULL,'SAIDA','ADMIN','2026-02-12 15:07:00.000',NULL,NULL,NULL,NULL,NULL,'ATIVO','AJUSTE MANUAL','2026-02-25 20:33:10.235',NULL,NULL,NULL,NULL,NULL),(2289,2,NULL,'ENTRADA','ADMIN','2026-02-12 16:34:00.000',NULL,NULL,NULL,NULL,NULL,'ATIVO','AJUSTE MANUAL','2026-02-25 20:33:16.760',NULL,NULL,NULL,NULL,NULL),(2290,2,NULL,'SAIDA','ADMIN','2026-02-12 21:19:00.000',NULL,NULL,NULL,NULL,NULL,'ATIVO','AJUSTE MANUAL','2026-02-25 20:33:23.274',NULL,NULL,NULL,NULL,NULL),(2291,2,NULL,'ENTRADA','ADMIN','2026-02-13 10:29:00.000',NULL,NULL,NULL,NULL,NULL,'ATIVO','AJUSTE MANUAL','2026-02-25 20:33:31.201',NULL,NULL,NULL,NULL,NULL),(2292,2,NULL,'SAIDA','ADMIN','2026-02-13 15:04:00.000',NULL,NULL,NULL,NULL,NULL,'ATIVO','AJUSTE MANUAL','2026-02-25 20:33:37.832',NULL,NULL,NULL,NULL,NULL),(2293,2,NULL,'ENTRADA','ADMIN','2026-02-13 16:21:00.000',NULL,NULL,NULL,NULL,NULL,'ATIVO','AJUSTE MANUAL','2026-02-25 20:33:43.952',NULL,NULL,NULL,NULL,NULL),(2294,2,NULL,'SAIDA','ADMIN','2026-02-13 20:47:00.000',NULL,NULL,NULL,NULL,NULL,'ATIVO','AJUSTE MANUAL','2026-02-25 20:33:51.548',NULL,NULL,NULL,NULL,NULL),(2295,2,NULL,'ENTRADA','ADMIN','2026-02-14 10:31:00.000',NULL,NULL,NULL,NULL,NULL,'ATIVO','AJUSTE MANUAL','2026-02-25 20:33:59.679',NULL,NULL,NULL,NULL,NULL),(2296,2,NULL,'SAIDA','ADMIN','2026-02-14 12:50:00.000',NULL,NULL,NULL,NULL,NULL,'ATIVO','AJUSTE MANUAL','2026-02-25 20:34:05.611',NULL,NULL,NULL,NULL,NULL),(2297,2,NULL,'ENTRADA','ADMIN','2026-02-16 10:29:00.000',NULL,NULL,NULL,NULL,NULL,'ATIVO','AJUSTE MANUAL','2026-02-25 20:34:14.846',NULL,NULL,NULL,NULL,NULL),(2298,2,NULL,'SAIDA','ADMIN','2026-02-16 15:26:00.000',NULL,NULL,NULL,NULL,NULL,'ATIVO','AJUSTE MANUAL','2026-02-25 20:34:20.631',NULL,NULL,NULL,NULL,NULL),(2299,2,NULL,'ENTRADA','ADMIN','2026-02-16 16:18:00.000',NULL,NULL,NULL,NULL,NULL,'ATIVO','AJUSTE MANUAL','2026-02-25 20:34:26.187',NULL,NULL,NULL,NULL,NULL),(2300,2,NULL,'SAIDA','ADMIN','2026-02-16 21:13:00.000',NULL,NULL,NULL,NULL,NULL,'ATIVO','AJUSTE MANUAL','2026-02-25 20:34:32.565',NULL,NULL,NULL,NULL,NULL),(2305,2,5,'SAIDA','PWA','2026-02-25 20:35:54.672',NULL,NULL,NULL,'177.196.240.31','Mozilla/5.0 (Linux; Android 16; 25053PC47G Build/BP2A.250605.031.A3; wv) AppleWebKit/537.36 (KHTML, like Gecko) Version/4.0 Chrome/145.0.7632.79 Mobile Safari/537.36','ATIVO',NULL,'2026-02-25 20:35:54.672',NULL,NULL,NULL,NULL,NULL),(2306,3,7,'SAIDA','PWA','2026-02-25 20:37:49.948',NULL,NULL,NULL,'177.196.240.31','Mozilla/5.0 (Linux; Android 11; moto g(10) Build/RRBS31.Q1-3-48-22; wv) AppleWebKit/537.36 (KHTML, like Gecko) Version/4.0 Chrome/145.0.7632.79 Mobile Safari/537.36','ATIVO',NULL,'2026-02-25 20:37:49.948',NULL,NULL,NULL,NULL,NULL),(2307,4,6,'SAIDA','PWA','2026-02-25 20:38:22.212',NULL,NULL,NULL,'177.196.240.31','Mozilla/5.0 (Linux; Android 13; moto g32 Build/T2SNS33.73-22-3-19; wv) AppleWebKit/537.36 (KHTML, like Gecko) Version/4.0 Chrome/145.0.7632.79 Mobile Safari/537.36','ATIVO',NULL,'2026-02-25 20:38:22.212',NULL,NULL,NULL,NULL,NULL),(2308,3,7,'ENTRADA','PWA','2026-02-26 10:23:54.438',NULL,NULL,NULL,'177.196.240.31','Mozilla/5.0 (Linux; Android 11; moto g(10) Build/RRBS31.Q1-3-48-22; wv) AppleWebKit/537.36 (KHTML, like Gecko) Version/4.0 Chrome/145.0.7632.79 Mobile Safari/537.36','ATIVO',NULL,'2026-02-26 10:23:54.438',NULL,NULL,NULL,NULL,NULL),(2309,5,8,'ENTRADA','PWA','2026-02-26 10:27:42.732',NULL,NULL,NULL,'177.196.240.31','Mozilla/5.0 (Linux; Android 13; SM-A035M Build/TP1A.220624.014; wv) AppleWebKit/537.36 (KHTML, like Gecko) Version/4.0 Chrome/145.0.7632.79 Mobile Safari/537.36','ATIVO',NULL,'2026-02-26 10:27:42.732',NULL,NULL,NULL,NULL,NULL),(2310,4,6,'ENTRADA','PWA','2026-02-26 10:33:32.506',NULL,NULL,NULL,'177.196.240.31','Mozilla/5.0 (Linux; Android 13; moto g32 Build/T2SNS33.73-22-3-19; wv) AppleWebKit/537.36 (KHTML, like Gecko) Version/4.0 Chrome/145.0.7632.79 Mobile Safari/537.36','ATIVO',NULL,'2026-02-26 10:33:32.506',NULL,NULL,NULL,NULL,NULL),(2311,2,5,'ENTRADA','PWA','2026-02-26 10:33:33.031',NULL,NULL,NULL,'177.196.240.31','Mozilla/5.0 (Linux; Android 16; 25053PC47G Build/BP2A.250605.031.A3; wv) AppleWebKit/537.36 (KHTML, like Gecko) Version/4.0 Chrome/145.0.7632.79 Mobile Safari/537.36','ATIVO',NULL,'2026-02-26 10:33:33.031',NULL,NULL,NULL,NULL,NULL),(2313,3,7,'SAIDA','PWA','2026-02-26 15:11:28.828',NULL,NULL,NULL,'177.196.240.31','Mozilla/5.0 (Linux; Android 11; moto g(10) Build/RRBS31.Q1-3-48-22; wv) AppleWebKit/537.36 (KHTML, like Gecko) Version/4.0 Chrome/145.0.7632.79 Mobile Safari/537.36','ATIVO',NULL,'2026-02-26 15:11:28.828',NULL,NULL,NULL,NULL,NULL),(2314,5,8,'SAIDA','PWA','2026-02-26 15:11:31.675',NULL,NULL,NULL,'177.196.240.31','Mozilla/5.0 (Linux; Android 13; SM-A035M Build/TP1A.220624.014; wv) AppleWebKit/537.36 (KHTML, like Gecko) Version/4.0 Chrome/145.0.7632.79 Mobile Safari/537.36','ATIVO',NULL,'2026-02-26 15:11:31.675',NULL,NULL,NULL,NULL,NULL),(2315,4,6,'SAIDA','PWA','2026-02-26 15:12:25.044',NULL,NULL,NULL,'177.196.240.31','Mozilla/5.0 (Linux; Android 13; moto g32 Build/T2SNS33.73-22-3-19; wv) AppleWebKit/537.36 (KHTML, like Gecko) Version/4.0 Chrome/145.0.7632.79 Mobile Safari/537.36','ATIVO',NULL,'2026-02-26 15:12:25.044',NULL,NULL,NULL,NULL,NULL),(2316,2,5,'SAIDA','PWA','2026-02-26 15:20:58.659',NULL,NULL,NULL,'177.196.240.31','Mozilla/5.0 (Linux; Android 16; 25053PC47G Build/BP2A.250605.031.A3; wv) AppleWebKit/537.36 (KHTML, like Gecko) Version/4.0 Chrome/145.0.7632.79 Mobile Safari/537.36','ATIVO',NULL,'2026-02-26 15:20:58.659',NULL,NULL,NULL,NULL,NULL),(2317,2,5,'ENTRADA','PWA','2026-02-26 16:23:21.191',NULL,NULL,NULL,'177.196.240.31','Mozilla/5.0 (Linux; Android 16; 25053PC47G Build/BP2A.250605.031.A3; wv) AppleWebKit/537.36 (KHTML, like Gecko) Version/4.0 Chrome/145.0.7632.79 Mobile Safari/537.36','ATIVO',NULL,'2026-02-26 16:23:21.191',NULL,NULL,NULL,NULL,NULL),(2318,5,8,'ENTRADA','PWA','2026-02-26 16:29:21.725',NULL,NULL,NULL,'177.196.240.31','Mozilla/5.0 (Linux; Android 13; SM-A035M Build/TP1A.220624.014; wv) AppleWebKit/537.36 (KHTML, like Gecko) Version/4.0 Chrome/145.0.7632.79 Mobile Safari/537.36','ATIVO',NULL,'2026-02-26 16:29:21.725',NULL,NULL,NULL,NULL,NULL),(2319,4,6,'ENTRADA','PWA','2026-02-26 16:36:04.140',NULL,NULL,NULL,'177.196.240.31','Mozilla/5.0 (Linux; Android 13; moto g32 Build/T2SNS33.73-22-3-19; wv) AppleWebKit/537.36 (KHTML, like Gecko) Version/4.0 Chrome/145.0.7632.79 Mobile Safari/537.36','ATIVO',NULL,'2026-02-26 16:36:04.140',NULL,NULL,NULL,NULL,NULL),(2320,3,7,'ENTRADA','PWA','2026-02-26 16:40:23.369',NULL,NULL,NULL,'189.40.90.217','Mozilla/5.0 (Linux; Android 11; moto g(10) Build/RRBS31.Q1-3-48-22; wv) AppleWebKit/537.36 (KHTML, like Gecko) Version/4.0 Chrome/145.0.7632.79 Mobile Safari/537.36','ATIVO',NULL,'2026-02-26 16:40:23.369',NULL,NULL,NULL,NULL,NULL),(2321,4,6,'SAIDA','PWA','2026-02-26 20:39:23.906',NULL,NULL,NULL,'177.196.240.31','Mozilla/5.0 (Linux; Android 13; moto g32 Build/T2SNS33.73-22-3-19; wv) AppleWebKit/537.36 (KHTML, like Gecko) Version/4.0 Chrome/145.0.7632.79 Mobile Safari/537.36','ATIVO',NULL,'2026-02-26 20:39:23.906',NULL,NULL,NULL,NULL,NULL),(2322,3,7,'SAIDA','PWA','2026-02-26 21:48:49.992',NULL,NULL,NULL,'177.196.240.31','Mozilla/5.0 (Linux; Android 11; moto g(10) Build/RRBS31.Q1-3-48-22; wv) AppleWebKit/537.36 (KHTML, like Gecko) Version/4.0 Chrome/145.0.7632.79 Mobile Safari/537.36','ATIVO',NULL,'2026-02-26 21:48:49.992',NULL,NULL,NULL,NULL,NULL),(2323,5,8,'SAIDA','PWA','2026-02-26 21:49:22.610',NULL,NULL,NULL,'177.196.240.31','Mozilla/5.0 (Linux; Android 13; SM-A035M Build/TP1A.220624.014; wv) AppleWebKit/537.36 (KHTML, like Gecko) Version/4.0 Chrome/145.0.7632.79 Mobile Safari/537.36','ATIVO',NULL,'2026-02-26 21:49:22.610',NULL,NULL,NULL,NULL,NULL),(2324,2,5,'SAIDA','PWA','2026-02-26 21:50:03.146',NULL,NULL,NULL,'177.196.240.31','Mozilla/5.0 (Linux; Android 16; 25053PC47G Build/BP2A.250605.031.A3; wv) AppleWebKit/537.36 (KHTML, like Gecko) Version/4.0 Chrome/145.0.7632.79 Mobile Safari/537.36','ATIVO',NULL,'2026-02-26 21:50:03.146',NULL,NULL,NULL,NULL,NULL),(2325,3,7,'ENTRADA','PWA','2026-02-27 10:24:47.464',NULL,NULL,NULL,'177.196.240.31','Mozilla/5.0 (Linux; Android 11; moto g(10) Build/RRBS31.Q1-3-48-22; wv) AppleWebKit/537.36 (KHTML, like Gecko) Version/4.0 Chrome/145.0.7632.79 Mobile Safari/537.36','ATIVO',NULL,'2026-02-27 10:24:47.464',NULL,NULL,NULL,NULL,NULL),(2326,2,5,'ENTRADA','PWA','2026-02-27 10:32:31.096',NULL,NULL,NULL,'177.196.240.31','Mozilla/5.0 (Linux; Android 16; 25053PC47G Build/BP2A.250605.031.A3; wv) AppleWebKit/537.36 (KHTML, like Gecko) Version/4.0 Chrome/145.0.7632.79 Mobile Safari/537.36','ATIVO',NULL,'2026-02-27 10:32:31.096',NULL,NULL,NULL,NULL,NULL),(2327,4,6,'ENTRADA','PWA','2026-02-27 10:33:20.203',NULL,NULL,NULL,'177.196.240.31','Mozilla/5.0 (Linux; Android 13; moto g32 Build/T2SNS33.73-22-3-19; wv) AppleWebKit/537.36 (KHTML, like Gecko) Version/4.0 Chrome/145.0.7632.79 Mobile Safari/537.36','ATIVO',NULL,'2026-02-27 10:33:20.203',NULL,NULL,NULL,NULL,NULL),(2328,5,8,'ENTRADA','PWA','2026-02-27 10:45:17.614',NULL,NULL,NULL,'177.196.240.31','Mozilla/5.0 (Linux; Android 13; SM-A035M Build/TP1A.220624.014; wv) AppleWebKit/537.36 (KHTML, like Gecko) Version/4.0 Chrome/145.0.7632.79 Mobile Safari/537.36','ATIVO',NULL,'2026-02-27 10:45:17.614',NULL,NULL,NULL,NULL,NULL),(2329,5,8,'SAIDA','PWA','2026-02-27 15:00:19.121',NULL,NULL,NULL,'177.196.240.31','Mozilla/5.0 (Linux; Android 13; SM-A035M Build/TP1A.220624.014; wv) AppleWebKit/537.36 (KHTML, like Gecko) Version/4.0 Chrome/145.0.7632.79 Mobile Safari/537.36','ATIVO',NULL,'2026-02-27 15:00:19.121',NULL,NULL,NULL,NULL,NULL),(2330,2,5,'SAIDA','PWA','2026-02-27 15:07:23.688',NULL,NULL,NULL,'177.196.240.31','Mozilla/5.0 (Linux; Android 16; 25053PC47G Build/BP2A.250605.031.A3; wv) AppleWebKit/537.36 (KHTML, like Gecko) Version/4.0 Chrome/145.0.7632.79 Mobile Safari/537.36','ATIVO',NULL,'2026-02-27 15:07:23.688',NULL,NULL,NULL,NULL,NULL),(2331,2,5,'ENTRADA','PWA','2026-02-27 16:09:00.329',NULL,NULL,NULL,'177.196.240.31','Mozilla/5.0 (Linux; Android 16; 25053PC47G Build/BP2A.250605.031.A3; wv) AppleWebKit/537.36 (KHTML, like Gecko) Version/4.0 Chrome/145.0.7632.79 Mobile Safari/537.36','ATIVO',NULL,'2026-02-27 16:09:00.329',NULL,NULL,NULL,NULL,NULL),(2332,5,8,'ENTRADA','PWA','2026-02-27 16:28:59.262',NULL,NULL,NULL,'177.196.240.31','Mozilla/5.0 (Linux; Android 13; SM-A035M Build/TP1A.220624.014; wv) AppleWebKit/537.36 (KHTML, like Gecko) Version/4.0 Chrome/145.0.7632.79 Mobile Safari/537.36','ATIVO',NULL,'2026-02-27 16:28:59.262',NULL,NULL,NULL,NULL,NULL),(2333,3,7,'SAIDA','PWA','2026-02-27 18:50:28.050',NULL,NULL,NULL,'189.40.89.152','Mozilla/5.0 (Linux; Android 11; moto g(10) Build/RRBS31.Q1-3-48-22; wv) AppleWebKit/537.36 (KHTML, like Gecko) Version/4.0 Chrome/145.0.7632.79 Mobile Safari/537.36','ATIVO',NULL,'2026-02-27 18:50:28.050',NULL,NULL,NULL,NULL,NULL),(2334,4,6,'SAIDA','PWA','2026-02-27 18:54:54.007',NULL,NULL,NULL,'177.196.240.31','Mozilla/5.0 (Linux; Android 13; moto g32 Build/T2SNS33.73-22-3-19; wv) AppleWebKit/537.36 (KHTML, like Gecko) Version/4.0 Chrome/145.0.7632.79 Mobile Safari/537.36','ATIVO',NULL,'2026-02-27 18:54:54.007',NULL,NULL,NULL,NULL,NULL),(2335,4,6,'ENTRADA','PWA','2026-02-27 19:33:21.690',NULL,NULL,NULL,'177.196.240.31','Mozilla/5.0 (Linux; Android 13; moto g32 Build/T2SNS33.73-22-3-19; wv) AppleWebKit/537.36 (KHTML, like Gecko) Version/4.0 Chrome/145.0.7632.79 Mobile Safari/537.36','ATIVO',NULL,'2026-02-27 19:33:21.690',NULL,NULL,NULL,NULL,NULL),(2336,3,7,'ENTRADA','PWA','2026-02-27 19:54:57.888',NULL,NULL,NULL,'189.40.89.190','Mozilla/5.0 (Linux; Android 11; moto g(10) Build/RRBS31.Q1-3-48-22; wv) AppleWebKit/537.36 (KHTML, like Gecko) Version/4.0 Chrome/145.0.7632.79 Mobile Safari/537.36','ATIVO',NULL,'2026-02-27 19:54:57.888',NULL,NULL,NULL,NULL,NULL),(2337,5,8,'SAIDA','PWA','2026-02-27 20:48:16.441',NULL,NULL,NULL,'177.196.240.31','Mozilla/5.0 (Linux; Android 13; SM-A035M Build/TP1A.220624.014; wv) AppleWebKit/537.36 (KHTML, like Gecko) Version/4.0 Chrome/145.0.7632.79 Mobile Safari/537.36','ATIVO',NULL,'2026-02-27 20:48:16.441',NULL,NULL,NULL,NULL,NULL),(2338,2,5,'SAIDA','PWA','2026-02-27 21:29:17.275',NULL,NULL,NULL,'177.196.240.31','Mozilla/5.0 (Linux; Android 16; 25053PC47G Build/BP2A.250605.031.A3; wv) AppleWebKit/537.36 (KHTML, like Gecko) Version/4.0 Chrome/145.0.7632.79 Mobile Safari/537.36','ATIVO',NULL,'2026-02-27 21:29:17.275',NULL,NULL,NULL,NULL,NULL),(2339,3,7,'SAIDA','PWA','2026-02-27 21:43:17.391',NULL,NULL,NULL,'189.40.89.240','Mozilla/5.0 (Linux; Android 11; moto g(10) Build/RRBS31.Q1-3-48-22; wv) AppleWebKit/537.36 (KHTML, like Gecko) Version/4.0 Chrome/145.0.7632.79 Mobile Safari/537.36','ATIVO',NULL,'2026-02-27 21:43:17.391',NULL,NULL,NULL,NULL,NULL),(2340,3,7,'ENTRADA','PWA','2026-03-02 10:27:52.383',NULL,NULL,NULL,'177.196.240.31','Mozilla/5.0 (Linux; Android 11; moto g(10) Build/RRBS31.Q1-3-48-22; wv) AppleWebKit/537.36 (KHTML, like Gecko) Version/4.0 Chrome/145.0.7632.79 Mobile Safari/537.36','ATIVO',NULL,'2026-03-02 10:27:52.383',NULL,NULL,NULL,NULL,NULL),(2341,5,8,'ENTRADA','PWA','2026-03-02 10:27:59.694',NULL,NULL,NULL,'177.196.240.31','Mozilla/5.0 (Linux; Android 13; SM-A035M Build/TP1A.220624.014; wv) AppleWebKit/537.36 (KHTML, like Gecko) Version/4.0 Chrome/145.0.7632.79 Mobile Safari/537.36','ATIVO',NULL,'2026-03-02 10:27:59.694',NULL,NULL,NULL,NULL,NULL),(2342,2,5,'ENTRADA','PWA','2026-03-02 10:31:40.750',NULL,NULL,NULL,'177.196.240.31','Mozilla/5.0 (Linux; Android 16; 25053PC47G Build/BP2A.250605.031.A3; wv) AppleWebKit/537.36 (KHTML, like Gecko) Version/4.0 Chrome/145.0.7632.79 Mobile Safari/537.36','ATIVO',NULL,'2026-03-02 10:31:40.750',NULL,NULL,NULL,NULL,NULL),(2343,4,6,'ENTRADA','PWA','2026-03-02 10:34:25.647',NULL,NULL,NULL,'177.196.240.31','Mozilla/5.0 (Linux; Android 13; moto g32 Build/T2SNS33.73-22-3-19; wv) AppleWebKit/537.36 (KHTML, like Gecko) Version/4.0 Chrome/145.0.7632.79 Mobile Safari/537.36','ATIVO',NULL,'2026-03-02 10:34:25.647',NULL,NULL,NULL,NULL,NULL),(2344,4,6,'SAIDA','PWA','2026-03-02 14:59:53.181',NULL,NULL,NULL,'177.196.240.31','Mozilla/5.0 (Linux; Android 13; moto g32 Build/T2SNS33.73-22-3-19; wv) AppleWebKit/537.36 (KHTML, like Gecko) Version/4.0 Chrome/145.0.7632.79 Mobile Safari/537.36','ATIVO',NULL,'2026-03-02 14:59:53.181',NULL,NULL,NULL,NULL,NULL),(2345,3,7,'SAIDA','PWA','2026-03-02 15:00:18.534',NULL,NULL,NULL,'191.254.34.139','Mozilla/5.0 (Linux; Android 11; moto g(10) Build/RRBS31.Q1-3-48-22; wv) AppleWebKit/537.36 (KHTML, like Gecko) Version/4.0 Chrome/145.0.7632.79 Mobile Safari/537.36','ATIVO',NULL,'2026-03-02 15:00:18.534',NULL,NULL,NULL,NULL,NULL),(2346,5,8,'SAIDA','PWA','2026-03-02 15:06:35.784',NULL,NULL,NULL,'177.196.240.31','Mozilla/5.0 (Linux; Android 13; SM-A035M Build/TP1A.220624.014; wv) AppleWebKit/537.36 (KHTML, like Gecko) Version/4.0 Chrome/145.0.7632.79 Mobile Safari/537.36','ATIVO',NULL,'2026-03-02 15:06:35.784',NULL,NULL,NULL,NULL,NULL),(2347,3,7,'ENTRADA','PWA','2026-03-02 16:30:51.781',NULL,NULL,NULL,'177.196.240.31','Mozilla/5.0 (Linux; Android 11; moto g(10) Build/RRBS31.Q1-3-48-22; wv) AppleWebKit/537.36 (KHTML, like Gecko) Version/4.0 Chrome/145.0.7632.79 Mobile Safari/537.36','ATIVO',NULL,'2026-03-02 16:30:51.781',NULL,NULL,NULL,NULL,NULL),(2348,4,6,'ENTRADA','PWA','2026-03-02 16:31:34.874',NULL,NULL,NULL,'177.196.240.31','Mozilla/5.0 (Linux; Android 13; moto g32 Build/T2SNS33.73-22-3-19; wv) AppleWebKit/537.36 (KHTML, like Gecko) Version/4.0 Chrome/145.0.7632.79 Mobile Safari/537.36','ATIVO',NULL,'2026-03-02 16:31:34.874',NULL,NULL,NULL,NULL,NULL),(2349,5,8,'ENTRADA','PWA','2026-03-02 16:32:13.287',NULL,NULL,NULL,'177.196.240.31','Mozilla/5.0 (Linux; Android 13; SM-A035M Build/TP1A.220624.014; wv) AppleWebKit/537.36 (KHTML, like Gecko) Version/4.0 Chrome/145.0.7632.79 Mobile Safari/537.36','ATIVO',NULL,'2026-03-02 16:32:13.287',NULL,NULL,NULL,NULL,NULL),(2350,4,6,'SAIDA','PWA','2026-03-02 17:33:52.485',NULL,NULL,NULL,'177.196.240.31','Mozilla/5.0 (Linux; Android 13; moto g32 Build/T2SNS33.73-22-3-19; wv) AppleWebKit/537.36 (KHTML, like Gecko) Version/4.0 Chrome/145.0.7632.79 Mobile Safari/537.36','ATIVO',NULL,'2026-03-02 17:33:52.485',NULL,NULL,NULL,NULL,NULL),(2351,3,7,'SAIDA','PWA','2026-03-02 20:58:04.800',NULL,NULL,NULL,'189.40.73.100','Mozilla/5.0 (Linux; Android 11; moto g(10) Build/RRBS31.Q1-3-48-22; wv) AppleWebKit/537.36 (KHTML, like Gecko) Version/4.0 Chrome/145.0.7632.79 Mobile Safari/537.36','ATIVO',NULL,'2026-03-02 20:58:04.800',NULL,NULL,NULL,NULL,NULL),(2352,5,8,'SAIDA','PWA','2026-03-02 20:58:16.735',NULL,NULL,NULL,'177.196.240.31','Mozilla/5.0 (Linux; Android 13; SM-A035M Build/TP1A.220624.014; wv) AppleWebKit/537.36 (KHTML, like Gecko) Version/4.0 Chrome/145.0.7632.79 Mobile Safari/537.36','ATIVO',NULL,'2026-03-02 20:58:16.735',NULL,NULL,NULL,NULL,NULL),(2353,5,8,'ENTRADA','PWA','2026-03-03 10:28:02.526',NULL,NULL,NULL,'177.196.240.31','Mozilla/5.0 (Linux; Android 13; SM-A035M Build/TP1A.220624.014; wv) AppleWebKit/537.36 (KHTML, like Gecko) Version/4.0 Chrome/145.0.7632.79 Mobile Safari/537.36','ATIVO',NULL,'2026-03-03 10:28:02.526',NULL,NULL,NULL,NULL,NULL),(2354,3,7,'ENTRADA','PWA','2026-03-03 10:28:08.092',NULL,NULL,NULL,'191.254.34.139','Mozilla/5.0 (Linux; Android 11; moto g(10) Build/RRBS31.Q1-3-48-22; wv) AppleWebKit/537.36 (KHTML, like Gecko) Version/4.0 Chrome/145.0.7632.120 Mobile Safari/537.36','ATIVO',NULL,'2026-03-03 10:28:08.092',NULL,NULL,NULL,NULL,NULL),(2355,2,5,'ENTRADA','PWA','2026-03-03 10:30:40.356',NULL,NULL,NULL,'177.196.240.31','Mozilla/5.0 (Linux; Android 16; 25053PC47G Build/BP2A.250605.031.A3; wv) AppleWebKit/537.36 (KHTML, like Gecko) Version/4.0 Chrome/145.0.7632.79 Mobile Safari/537.36','ATIVO',NULL,'2026-03-03 10:30:40.356',NULL,NULL,NULL,NULL,NULL),(2356,4,6,'ENTRADA','PWA','2026-03-03 10:42:45.792',NULL,NULL,NULL,'177.196.240.31','Mozilla/5.0 (Linux; Android 13; moto g32 Build/T2SNS33.73-22-3-19; wv) AppleWebKit/537.36 (KHTML, like Gecko) Version/4.0 Chrome/145.0.7632.120 Mobile Safari/537.36','ATIVO',NULL,'2026-03-03 10:42:45.792',NULL,NULL,NULL,NULL,NULL),(2357,5,8,'SAIDA','PWA','2026-03-03 15:01:57.924',NULL,NULL,NULL,'177.196.240.31','Mozilla/5.0 (Linux; Android 13; SM-A035M Build/TP1A.220624.014; wv) AppleWebKit/537.36 (KHTML, like Gecko) Version/4.0 Chrome/145.0.7632.79 Mobile Safari/537.36','ATIVO',NULL,'2026-03-03 15:01:57.924',NULL,NULL,NULL,NULL,NULL),(2358,2,5,'SAIDA','PWA','2026-03-03 15:04:53.275',NULL,NULL,NULL,'177.196.240.31','Mozilla/5.0 (Linux; Android 16; 25053PC47G Build/BP2A.250605.031.A3; wv) AppleWebKit/537.36 (KHTML, like Gecko) Version/4.0 Chrome/145.0.7632.120 Mobile Safari/537.36','ATIVO',NULL,'2026-03-03 15:04:53.275',NULL,NULL,NULL,NULL,NULL),(2359,2,5,'ENTRADA','PWA','2026-03-03 15:33:02.836',NULL,NULL,NULL,'177.196.240.31','Mozilla/5.0 (Linux; Android 16; 25053PC47G Build/BP2A.250605.031.A3; wv) AppleWebKit/537.36 (KHTML, like Gecko) Version/4.0 Chrome/145.0.7632.120 Mobile Safari/537.36','ATIVO',NULL,'2026-03-03 15:33:02.836',NULL,NULL,NULL,NULL,NULL),(2360,5,8,'ENTRADA','PWA','2026-03-03 16:30:33.714',NULL,NULL,NULL,'177.196.240.31','Mozilla/5.0 (Linux; Android 13; SM-A035M Build/TP1A.220624.014; wv) AppleWebKit/537.36 (KHTML, like Gecko) Version/4.0 Chrome/145.0.7632.79 Mobile Safari/537.36','ATIVO',NULL,'2026-03-03 16:30:33.714',NULL,NULL,NULL,NULL,NULL),(2361,4,6,'SAIDA','PWA','2026-03-03 19:15:59.854',NULL,NULL,NULL,'179.241.20.203','Mozilla/5.0 (Linux; Android 13; moto g32 Build/T2SNS33.73-22-3-19; wv) AppleWebKit/537.36 (KHTML, like Gecko) Version/4.0 Chrome/145.0.7632.120 Mobile Safari/537.36','ATIVO',NULL,'2026-03-03 19:15:59.854',NULL,NULL,NULL,NULL,NULL),(2362,3,7,'SAIDA','PWA','2026-03-03 19:16:24.325',NULL,NULL,NULL,'177.196.240.31','Mozilla/5.0 (Linux; Android 11; moto g(10) Build/RRBS31.Q1-3-48-22; wv) AppleWebKit/537.36 (KHTML, like Gecko) Version/4.0 Chrome/145.0.7632.120 Mobile Safari/537.36','ATIVO',NULL,'2026-03-03 19:16:24.325',NULL,NULL,NULL,NULL,NULL),(2363,2,5,'SAIDA','PWA','2026-03-03 19:57:44.611',NULL,NULL,NULL,'189.98.251.69','Mozilla/5.0 (Linux; Android 16; 25053PC47G Build/BP2A.250605.031.A3; wv) AppleWebKit/537.36 (KHTML, like Gecko) Version/4.0 Chrome/145.0.7632.120 Mobile Safari/537.36','ATIVO',NULL,'2026-03-03 19:57:44.611',NULL,NULL,NULL,NULL,NULL),(2364,4,6,'ENTRADA','PWA','2026-03-03 20:16:37.963',NULL,NULL,NULL,'177.196.240.31','Mozilla/5.0 (Linux; Android 13; moto g32 Build/T2SNS33.73-22-3-19; wv) AppleWebKit/537.36 (KHTML, like Gecko) Version/4.0 Chrome/145.0.7632.120 Mobile Safari/537.36','ATIVO',NULL,'2026-03-03 20:16:37.963',NULL,NULL,NULL,NULL,NULL),(2365,3,7,'ENTRADA','PWA','2026-03-03 20:19:45.278',NULL,NULL,NULL,'177.196.240.31','Mozilla/5.0 (Linux; Android 11; moto g(10) Build/RRBS31.Q1-3-48-22; wv) AppleWebKit/537.36 (KHTML, like Gecko) Version/4.0 Chrome/145.0.7632.120 Mobile Safari/537.36','ATIVO',NULL,'2026-03-03 20:19:45.278',NULL,NULL,NULL,NULL,NULL),(2366,4,6,'SAIDA','PWA','2026-03-03 20:48:32.871',NULL,NULL,NULL,'177.196.240.31','Mozilla/5.0 (Linux; Android 13; moto g32 Build/T2SNS33.73-22-3-19; wv) AppleWebKit/537.36 (KHTML, like Gecko) Version/4.0 Chrome/145.0.7632.120 Mobile Safari/537.36','ATIVO',NULL,'2026-03-03 20:48:32.871',NULL,NULL,NULL,NULL,NULL),(2367,5,8,'SAIDA','PWA','2026-03-03 20:48:44.761',NULL,NULL,NULL,'177.196.240.31','Mozilla/5.0 (Linux; Android 13; SM-A035M Build/TP1A.220624.014; wv) AppleWebKit/537.36 (KHTML, like Gecko) Version/4.0 Chrome/145.0.7632.79 Mobile Safari/537.36','ATIVO',NULL,'2026-03-03 20:48:44.761',NULL,NULL,NULL,NULL,NULL),(2368,3,7,'SAIDA','PWA','2026-03-03 20:50:07.204',NULL,NULL,NULL,'177.196.240.31','Mozilla/5.0 (Linux; Android 11; moto g(10) Build/RRBS31.Q1-3-48-22; wv) AppleWebKit/537.36 (KHTML, like Gecko) Version/4.0 Chrome/145.0.7632.120 Mobile Safari/537.36','ATIVO',NULL,'2026-03-03 20:50:07.204',NULL,NULL,NULL,NULL,NULL),(2369,2,5,'ENTRADA','PWA','2026-03-04 10:32:03.292',NULL,NULL,NULL,'177.196.240.31','Mozilla/5.0 (Linux; Android 16; 25053PC47G Build/BP2A.250605.031.A3; wv) AppleWebKit/537.36 (KHTML, like Gecko) Version/4.0 Chrome/145.0.7632.120 Mobile Safari/537.36','ATIVO',NULL,'2026-03-04 10:32:03.292',NULL,NULL,NULL,NULL,NULL),(2370,5,8,'ENTRADA','PWA','2026-03-04 10:32:20.110',NULL,NULL,NULL,'177.196.240.31','Mozilla/5.0 (Linux; Android 13; SM-A035M Build/TP1A.220624.014; wv) AppleWebKit/537.36 (KHTML, like Gecko) Version/4.0 Chrome/145.0.7632.79 Mobile Safari/537.36','ATIVO',NULL,'2026-03-04 10:32:20.110',NULL,NULL,NULL,NULL,NULL),(2371,3,7,'ENTRADA','PWA','2026-03-04 10:39:06.737',NULL,NULL,NULL,'181.77.67.249','Mozilla/5.0 (Linux; Android 11; moto g(10) Build/RRBS31.Q1-3-48-22; wv) AppleWebKit/537.36 (KHTML, like Gecko) Version/4.0 Chrome/145.0.7632.120 Mobile Safari/537.36','ATIVO',NULL,'2026-03-04 10:39:06.737',NULL,NULL,NULL,NULL,NULL),(2372,5,8,'SAIDA','PWA','2026-03-04 15:12:50.217',NULL,NULL,NULL,'177.196.240.31','Mozilla/5.0 (Linux; Android 13; SM-A035M Build/TP1A.220624.014; wv) AppleWebKit/537.36 (KHTML, like Gecko) Version/4.0 Chrome/145.0.7632.79 Mobile Safari/537.36','ATIVO',NULL,'2026-03-04 15:12:50.217',NULL,NULL,NULL,NULL,NULL),(2373,2,5,'SAIDA','PWA','2026-03-04 15:14:10.628',NULL,NULL,NULL,'177.196.240.31','Mozilla/5.0 (Linux; Android 16; 25053PC47G Build/BP2A.250605.031.A3; wv) AppleWebKit/537.36 (KHTML, like Gecko) Version/4.0 Chrome/145.0.7632.120 Mobile Safari/537.36','ATIVO',NULL,'2026-03-04 15:14:10.628',NULL,NULL,NULL,NULL,NULL),(2374,2,5,'ENTRADA','PWA','2026-03-04 16:11:20.565',NULL,NULL,NULL,'177.196.240.31','Mozilla/5.0 (Linux; Android 16; 25053PC47G Build/BP2A.250605.031.A3; wv) AppleWebKit/537.36 (KHTML, like Gecko) Version/4.0 Chrome/145.0.7632.120 Mobile Safari/537.36','ATIVO',NULL,'2026-03-04 16:11:20.565',NULL,NULL,NULL,NULL,NULL),(2375,5,8,'ENTRADA','PWA','2026-03-04 16:29:22.999',NULL,NULL,NULL,'177.196.240.31','Mozilla/5.0 (Linux; Android 13; SM-A035M Build/TP1A.220624.014; wv) AppleWebKit/537.36 (KHTML, like Gecko) Version/4.0 Chrome/145.0.7632.79 Mobile Safari/537.36','ATIVO',NULL,'2026-03-04 16:29:22.999',NULL,NULL,NULL,NULL,NULL),(2376,4,6,'ENTRADA','PWA','2026-03-04 17:02:02.095',NULL,NULL,NULL,'191.38.208.17','Mozilla/5.0 (Linux; Android 13; moto g32 Build/T2SNS33.73-22-3-19; wv) AppleWebKit/537.36 (KHTML, like Gecko) Version/4.0 Chrome/145.0.7632.120 Mobile Safari/537.36','ATIVO',NULL,'2026-03-04 17:02:02.095',NULL,NULL,NULL,NULL,NULL),(2377,3,7,'SAIDA','PWA','2026-03-04 17:10:04.273',NULL,NULL,NULL,'177.196.240.31','Mozilla/5.0 (Linux; Android 11; moto g(10) Build/RRBS31.Q1-3-48-22; wv) AppleWebKit/537.36 (KHTML, like Gecko) Version/4.0 Chrome/145.0.7632.120 Mobile Safari/537.36','ATIVO',NULL,'2026-03-04 17:10:04.273',NULL,NULL,NULL,NULL,NULL),(2378,4,6,'SAIDA','PWA','2026-03-04 18:00:19.099',NULL,NULL,NULL,'177.196.240.31','Mozilla/5.0 (Linux; Android 13; moto g32 Build/T2SNS33.73-22-3-19; wv) AppleWebKit/537.36 (KHTML, like Gecko) Version/4.0 Chrome/145.0.7632.120 Mobile Safari/537.36','ATIVO',NULL,'2026-03-04 18:00:19.099',NULL,NULL,NULL,NULL,NULL),(2379,3,7,'ENTRADA','PWA','2026-03-04 18:19:19.819',NULL,NULL,NULL,'177.196.240.31','Mozilla/5.0 (Linux; Android 11; moto g(10) Build/RRBS31.Q1-3-48-22; wv) AppleWebKit/537.36 (KHTML, like Gecko) Version/4.0 Chrome/145.0.7632.120 Mobile Safari/537.36','ATIVO',NULL,'2026-03-04 18:19:19.819',NULL,NULL,NULL,NULL,NULL),(2380,5,8,'SAIDA','PWA','2026-03-04 20:36:26.851',NULL,NULL,NULL,'177.196.240.31','Mozilla/5.0 (Linux; Android 13; SM-A035M Build/TP1A.220624.014; wv) AppleWebKit/537.36 (KHTML, like Gecko) Version/4.0 Chrome/145.0.7632.79 Mobile Safari/537.36','ATIVO',NULL,'2026-03-04 20:36:26.851',NULL,NULL,NULL,NULL,NULL),(2381,3,7,'SAIDA','PWA','2026-03-04 20:45:31.541',NULL,NULL,NULL,'177.196.240.31','Mozilla/5.0 (Linux; Android 11; moto g(10) Build/RRBS31.Q1-3-48-22; wv) AppleWebKit/537.36 (KHTML, like Gecko) Version/4.0 Chrome/145.0.7632.120 Mobile Safari/537.36','ATIVO',NULL,'2026-03-04 20:45:31.541',NULL,NULL,NULL,NULL,NULL),(2382,2,5,'SAIDA','PWA','2026-03-04 20:47:19.206',NULL,NULL,NULL,'177.196.240.31','Mozilla/5.0 (Linux; Android 16; 25053PC47G Build/BP2A.250605.031.A3; wv) AppleWebKit/537.36 (KHTML, like Gecko) Version/4.0 Chrome/145.0.7632.120 Mobile Safari/537.36','ATIVO',NULL,'2026-03-04 20:47:19.206',NULL,NULL,NULL,NULL,NULL),(2383,4,6,'ENTRADA','PWA','2026-03-04 20:59:55.664',NULL,NULL,NULL,'191.38.208.17','Mozilla/5.0 (Linux; Android 13; moto g32 Build/T2SNS33.73-22-3-19; wv) AppleWebKit/537.36 (KHTML, like Gecko) Version/4.0 Chrome/145.0.7632.120 Mobile Safari/537.36','ATIVO',NULL,'2026-03-04 20:59:55.664',NULL,NULL,NULL,NULL,NULL),(2384,3,7,'ENTRADA','PWA','2026-03-05 10:17:30.120',NULL,NULL,NULL,'191.254.34.139','Mozilla/5.0 (Linux; Android 11; moto g(10) Build/RRBS31.Q1-3-48-22; wv) AppleWebKit/537.36 (KHTML, like Gecko) Version/4.0 Chrome/145.0.7632.120 Mobile Safari/537.36','ATIVO',NULL,'2026-03-05 10:17:30.120',NULL,NULL,NULL,NULL,NULL),(2385,5,8,'ENTRADA','PWA','2026-03-05 10:29:36.462',NULL,NULL,NULL,'177.196.240.31','Mozilla/5.0 (Linux; Android 13; SM-A035M Build/TP1A.220624.014; wv) AppleWebKit/537.36 (KHTML, like Gecko) Version/4.0 Chrome/145.0.7632.79 Mobile Safari/537.36','ATIVO',NULL,'2026-03-05 10:29:36.462',NULL,NULL,NULL,NULL,NULL),(2386,4,6,'ENTRADA','PWA','2026-03-05 10:29:42.642',NULL,NULL,NULL,'177.196.240.31','Mozilla/5.0 (Linux; Android 13; moto g32 Build/T2SNS33.73-22-3-19; wv) AppleWebKit/537.36 (KHTML, like Gecko) Version/4.0 Chrome/145.0.7632.120 Mobile Safari/537.36','ATIVO',NULL,'2026-03-05 10:29:42.642',NULL,NULL,NULL,NULL,NULL),(2387,2,5,'ENTRADA','PWA','2026-03-05 10:30:08.971',NULL,NULL,NULL,'177.196.240.31','Mozilla/5.0 (Linux; Android 16; 25053PC47G Build/BP2A.250605.031.A3; wv) AppleWebKit/537.36 (KHTML, like Gecko) Version/4.0 Chrome/145.0.7632.120 Mobile Safari/537.36','ATIVO',NULL,'2026-03-05 10:30:08.971',NULL,NULL,NULL,NULL,NULL),(2388,5,NULL,'ENTRADA','ADMIN','2026-02-24 16:30:00.000',NULL,NULL,NULL,NULL,NULL,'ATIVO','AJUSTE MANUAL','2026-03-05 11:39:37.243',NULL,NULL,NULL,NULL,NULL),(2389,5,NULL,'SAIDA','ADMIN','2026-02-24 21:00:00.000',NULL,NULL,NULL,NULL,NULL,'ATIVO','AJUSTE MANUAL','2026-03-05 11:39:42.765',NULL,NULL,NULL,NULL,NULL),(2390,5,NULL,'ENTRADA','ADMIN','2026-02-19 16:30:00.000',NULL,NULL,NULL,NULL,NULL,'ATIVO','AJUSTE MANUAL','2026-03-05 13:25:39.777',NULL,NULL,NULL,NULL,NULL),(2391,5,NULL,'SAIDA','ADMIN','2026-02-19 20:30:00.000',NULL,NULL,NULL,NULL,NULL,'ATIVO','AJUSTE MANUAL','2026-03-05 13:25:42.554',NULL,NULL,NULL,NULL,NULL),(2393,2,NULL,'ENTRADA','ADMIN','2026-02-21 10:30:00.000',NULL,NULL,NULL,NULL,NULL,'ATIVO','AJUSTE MANUAL','2026-03-05 14:02:13.657',NULL,NULL,NULL,NULL,NULL),(2394,2,NULL,'SAIDA','ADMIN','2026-02-21 15:00:00.000',NULL,NULL,NULL,NULL,NULL,'ATIVO','AJUSTE MANUAL','2026-03-05 14:02:15.856',NULL,NULL,NULL,NULL,NULL),(2395,2,NULL,'SAIDA','ADMIN','2026-02-20 20:30:00.000',NULL,NULL,NULL,NULL,NULL,'ATIVO','AJUSTE MANUAL','2026-03-05 14:06:23.612',NULL,NULL,NULL,NULL,NULL),(2396,2,5,'SAIDA','PWA','2026-03-05 15:00:12.620',NULL,NULL,NULL,'177.196.240.31','Mozilla/5.0 (Linux; Android 16; 25053PC47G Build/BP2A.250605.031.A3; wv) AppleWebKit/537.36 (KHTML, like Gecko) Version/4.0 Chrome/145.0.7632.120 Mobile Safari/537.36','ATIVO',NULL,'2026-03-05 15:00:12.620',NULL,NULL,NULL,NULL,NULL),(2397,5,8,'SAIDA','PWA','2026-03-05 15:05:29.627',NULL,NULL,NULL,'177.196.240.31','Mozilla/5.0 (Linux; Android 13; SM-A035M Build/TP1A.220624.014; wv) AppleWebKit/537.36 (KHTML, like Gecko) Version/4.0 Chrome/145.0.7632.79 Mobile Safari/537.36','ATIVO',NULL,'2026-03-05 15:05:29.627',NULL,NULL,NULL,NULL,NULL),(2398,2,5,'ENTRADA','PWA','2026-03-05 16:29:14.784',NULL,NULL,NULL,'177.196.240.31','Mozilla/5.0 (Linux; Android 16; 25053PC47G Build/BP2A.250605.031.A3; wv) AppleWebKit/537.36 (KHTML, like Gecko) Version/4.0 Chrome/145.0.7632.120 Mobile Safari/537.36','ATIVO',NULL,'2026-03-05 16:29:14.784',NULL,NULL,NULL,NULL,NULL),(2399,3,7,'SAIDA','PWA','2026-03-05 18:22:04.023',NULL,NULL,NULL,'177.196.240.31','Mozilla/5.0 (Linux; Android 11; moto g(10) Build/RRBS31.Q1-3-48-22; wv) AppleWebKit/537.36 (KHTML, like Gecko) Version/4.0 Chrome/145.0.7632.120 Mobile Safari/537.36','ATIVO',NULL,'2026-03-05 18:22:04.023',NULL,NULL,NULL,NULL,NULL),(2400,4,6,'SAIDA','PWA','2026-03-05 18:31:07.728',NULL,NULL,NULL,'177.196.240.31','Mozilla/5.0 (Linux; Android 13; moto g32 Build/T2SNS33.73-22-3-19; wv) AppleWebKit/537.36 (KHTML, like Gecko) Version/4.0 Chrome/145.0.7632.120 Mobile Safari/537.36','ATIVO',NULL,'2026-03-05 18:31:07.728',NULL,NULL,NULL,NULL,NULL),(2401,1,4,'ENTRADA','PWA','2026-03-05 19:23:13.903',NULL,NULL,NULL,'177.196.240.31','Mozilla/5.0 (Linux; Android 14; SM-A235M Build/UP1A.231005.007; wv) AppleWebKit/537.36 (KHTML, like Gecko) Version/4.0 Chrome/145.0.7632.120 Mobile Safari/537.36','ATIVO',NULL,'2026-03-05 19:23:13.903',NULL,NULL,NULL,NULL,NULL),(2402,4,6,'ENTRADA','PWA','2026-03-05 19:30:53.762',NULL,NULL,NULL,'177.196.240.31','Mozilla/5.0 (Linux; Android 13; moto g32 Build/T2SNS33.73-22-3-19; wv) AppleWebKit/537.36 (KHTML, like Gecko) Version/4.0 Chrome/145.0.7632.120 Mobile Safari/537.36','ATIVO',NULL,'2026-03-05 19:30:53.762',NULL,NULL,NULL,NULL,NULL),(2403,4,NULL,'SAIDA','ADMIN','2026-02-18 20:30:00.000',NULL,NULL,NULL,NULL,NULL,'ATIVO','AJUSTE MANUAL','2026-03-05 19:32:05.096',NULL,NULL,NULL,NULL,NULL),(2404,4,NULL,'SAIDA','ADMIN','2026-02-27 20:30:00.000',NULL,NULL,NULL,NULL,NULL,'ATIVO','AJUSTE MANUAL','2026-03-05 19:32:20.852',NULL,NULL,NULL,NULL,NULL),(2405,3,NULL,'ENTRADA','ADMIN','2026-02-10 16:30:00.000',NULL,NULL,NULL,NULL,NULL,'ATIVO','AJUSTE MANUAL','2026-03-05 19:33:49.082',NULL,NULL,NULL,NULL,NULL),(2406,3,NULL,'SAIDA','ADMIN','2026-02-10 20:30:00.000',NULL,NULL,NULL,NULL,NULL,'ATIVO','AJUSTE MANUAL','2026-03-05 19:33:55.411',NULL,NULL,NULL,NULL,NULL),(2407,3,7,'ENTRADA','PWA','2026-03-05 19:49:03.198',NULL,NULL,NULL,'177.196.240.31','Mozilla/5.0 (Linux; Android 11; moto g(10) Build/RRBS31.Q1-3-48-22; wv) AppleWebKit/537.36 (KHTML, like Gecko) Version/4.0 Chrome/145.0.7632.120 Mobile Safari/537.36','ATIVO',NULL,'2026-03-05 19:49:03.198',NULL,NULL,NULL,NULL,NULL),(2408,5,8,'ENTRADA','PWA','2026-03-05 20:31:32.251',NULL,NULL,NULL,'177.196.240.31','Mozilla/5.0 (Linux; Android 13; SM-A035M Build/TP1A.220624.014; wv) AppleWebKit/537.36 (KHTML, like Gecko) Version/4.0 Chrome/145.0.7632.79 Mobile Safari/537.36','ATIVO',NULL,'2026-03-05 20:31:32.251',NULL,NULL,NULL,NULL,NULL),(2409,4,6,'SAIDA','PWA','2026-03-05 20:31:58.308',NULL,NULL,NULL,'177.196.240.31','Mozilla/5.0 (Linux; Android 13; moto g32 Build/T2SNS33.73-22-3-19; wv) AppleWebKit/537.36 (KHTML, like Gecko) Version/4.0 Chrome/145.0.7632.120 Mobile Safari/537.36','ATIVO',NULL,'2026-03-05 20:31:58.308',NULL,NULL,NULL,NULL,NULL),(2410,2,5,'SAIDA','PWA','2026-03-05 20:32:13.357',NULL,NULL,NULL,'177.196.240.31','Mozilla/5.0 (Linux; Android 16; 25053PC47G Build/BP2A.250605.031.A3; wv) AppleWebKit/537.36 (KHTML, like Gecko) Version/4.0 Chrome/145.0.7632.120 Mobile Safari/537.36','ATIVO',NULL,'2026-03-05 20:32:13.357',NULL,NULL,NULL,NULL,NULL),(2411,3,7,'SAIDA','PWA','2026-03-05 20:32:43.886',NULL,NULL,NULL,'177.196.240.31','Mozilla/5.0 (Linux; Android 11; moto g(10) Build/RRBS31.Q1-3-48-22; wv) AppleWebKit/537.36 (KHTML, like Gecko) Version/4.0 Chrome/145.0.7632.120 Mobile Safari/537.36','ATIVO',NULL,'2026-03-05 20:32:43.886',NULL,NULL,NULL,NULL,NULL),(2412,3,7,'ENTRADA','PWA','2026-03-06 10:25:10.242',NULL,NULL,NULL,'177.196.240.31','Mozilla/5.0 (Linux; Android 11; moto g(10) Build/RRBS31.Q1-3-48-22; wv) AppleWebKit/537.36 (KHTML, like Gecko) Version/4.0 Chrome/145.0.7632.120 Mobile Safari/537.36','ATIVO',NULL,'2026-03-06 10:25:10.242',NULL,NULL,NULL,NULL,NULL),(2413,5,8,'ENTRADA','PWA','2026-03-06 10:28:40.593',NULL,NULL,NULL,'177.196.240.31','Mozilla/5.0 (Linux; Android 13; SM-A035M Build/TP1A.220624.014; wv) AppleWebKit/537.36 (KHTML, like Gecko) Version/4.0 Chrome/145.0.7632.120 Mobile Safari/537.36','ATIVO',NULL,'2026-03-06 10:28:40.593',NULL,NULL,NULL,NULL,NULL),(2414,2,5,'ENTRADA','PWA','2026-03-06 10:30:14.054',NULL,NULL,NULL,'191.254.214.182','Mozilla/5.0 (Linux; Android 16; 25053PC47G Build/BP2A.250605.031.A3; wv) AppleWebKit/537.36 (KHTML, like Gecko) Version/4.0 Chrome/145.0.7632.120 Mobile Safari/537.36','ATIVO',NULL,'2026-03-06 10:30:14.054',NULL,NULL,NULL,NULL,NULL),(2415,2,5,'SAIDA','PWA','2026-03-06 15:06:43.806',NULL,NULL,NULL,'177.196.240.31','Mozilla/5.0 (Linux; Android 16; 25053PC47G Build/BP2A.250605.031.A3; wv) AppleWebKit/537.36 (KHTML, like Gecko) Version/4.0 Chrome/145.0.7632.120 Mobile Safari/537.36','ATIVO',NULL,'2026-03-06 15:06:43.806',NULL,NULL,NULL,NULL,NULL),(2416,2,5,'ENTRADA','PWA','2026-03-06 16:23:52.277',NULL,NULL,NULL,'177.196.240.31','Mozilla/5.0 (Linux; Android 16; 25053PC47G Build/BP2A.250605.031.A3; wv) AppleWebKit/537.36 (KHTML, like Gecko) Version/4.0 Chrome/145.0.7632.120 Mobile Safari/537.36','ATIVO',NULL,'2026-03-06 16:23:52.277',NULL,NULL,NULL,NULL,NULL),(2417,5,8,'SAIDA','PWA','2026-03-06 20:31:43.004',NULL,NULL,NULL,'177.196.240.31','Mozilla/5.0 (Linux; Android 13; SM-A035M Build/TP1A.220624.014; wv) AppleWebKit/537.36 (KHTML, like Gecko) Version/4.0 Chrome/145.0.7632.120 Mobile Safari/537.36','ATIVO',NULL,'2026-03-06 20:31:43.004',NULL,NULL,NULL,NULL,NULL),(2418,3,7,'SAIDA','PWA','2026-03-06 20:31:50.161',NULL,NULL,NULL,'177.196.240.31','Mozilla/5.0 (Linux; Android 11; moto g(10) Build/RRBS31.Q1-3-48-22; wv) AppleWebKit/537.36 (KHTML, like Gecko) Version/4.0 Chrome/145.0.7632.120 Mobile Safari/537.36','ATIVO',NULL,'2026-03-06 20:31:50.161',NULL,NULL,NULL,NULL,NULL),(2419,2,5,'SAIDA','PWA','2026-03-06 20:49:31.992',NULL,NULL,NULL,'177.196.240.31','Mozilla/5.0 (Linux; Android 16; 25053PC47G Build/BP2A.250605.031.A3; wv) AppleWebKit/537.36 (KHTML, like Gecko) Version/4.0 Chrome/145.0.7632.120 Mobile Safari/537.36','ATIVO',NULL,'2026-03-06 20:49:31.992',NULL,NULL,NULL,NULL,NULL),(2420,5,8,'ENTRADA','PWA','2026-03-07 10:33:48.561',NULL,NULL,NULL,'177.196.240.31','Mozilla/5.0 (Linux; Android 13; SM-A035M Build/TP1A.220624.014; wv) AppleWebKit/537.36 (KHTML, like Gecko) Version/4.0 Chrome/145.0.7632.120 Mobile Safari/537.36','ATIVO',NULL,'2026-03-07 10:33:48.561',NULL,NULL,NULL,NULL,NULL),(2421,4,6,'ENTRADA','PWA','2026-03-07 10:41:24.284',NULL,NULL,NULL,'177.196.240.31','Mozilla/5.0 (Linux; Android 13; moto g32 Build/T2SNS33.73-22-3-19; wv) AppleWebKit/537.36 (KHTML, like Gecko) Version/4.0 Chrome/145.0.7632.120 Mobile Safari/537.36','ATIVO',NULL,'2026-03-07 10:41:24.284',NULL,NULL,NULL,NULL,NULL),(2422,3,7,'ENTRADA','PWA','2026-03-07 10:44:46.871',NULL,NULL,NULL,'177.196.240.31','Mozilla/5.0 (Linux; Android 11; moto g(10) Build/RRBS31.Q1-3-48-22; wv) AppleWebKit/537.36 (KHTML, like Gecko) Version/4.0 Chrome/145.0.7632.120 Mobile Safari/537.36','ATIVO',NULL,'2026-03-07 10:44:46.871',NULL,NULL,NULL,NULL,NULL),(2423,2,5,'ENTRADA','PWA','2026-03-07 10:44:55.895',NULL,NULL,NULL,'177.196.240.31','Mozilla/5.0 (Linux; Android 16; 25053PC47G Build/BP2A.250605.031.A3; wv) AppleWebKit/537.36 (KHTML, like Gecko) Version/4.0 Chrome/145.0.7632.120 Mobile Safari/537.36','ATIVO',NULL,'2026-03-07 10:44:55.895',NULL,NULL,NULL,NULL,NULL),(2424,3,7,'SAIDA','PWA','2026-03-07 15:04:45.264',NULL,NULL,NULL,'177.196.240.31','Mozilla/5.0 (Linux; Android 11; moto g(10) Build/RRBS31.Q1-3-48-22; wv) AppleWebKit/537.36 (KHTML, like Gecko) Version/4.0 Chrome/145.0.7632.120 Mobile Safari/537.36','ATIVO',NULL,'2026-03-07 15:04:45.264',NULL,NULL,NULL,NULL,NULL),(2425,4,6,'SAIDA','PWA','2026-03-07 15:20:12.976',NULL,NULL,NULL,'177.196.240.31','Mozilla/5.0 (Linux; Android 13; moto g32 Build/T2SNS33.73-22-3-19; wv) AppleWebKit/537.36 (KHTML, like Gecko) Version/4.0 Chrome/145.0.7632.120 Mobile Safari/537.36','ATIVO',NULL,'2026-03-07 15:20:12.976',NULL,NULL,NULL,NULL,NULL),(2426,5,8,'SAIDA','PWA','2026-03-07 15:23:51.371',NULL,NULL,NULL,'177.196.240.31','Mozilla/5.0 (Linux; Android 13; SM-A035M Build/TP1A.220624.014; wv) AppleWebKit/537.36 (KHTML, like Gecko) Version/4.0 Chrome/145.0.7632.120 Mobile Safari/537.36','ATIVO',NULL,'2026-03-07 15:23:51.371',NULL,NULL,NULL,NULL,NULL),(2427,5,8,'ENTRADA','PWA','2026-03-09 10:28:09.406',NULL,NULL,NULL,'177.196.240.31','Mozilla/5.0 (Linux; Android 13; SM-A035M Build/TP1A.220624.014; wv) AppleWebKit/537.36 (KHTML, like Gecko) Version/4.0 Chrome/145.0.7632.120 Mobile Safari/537.36','ATIVO',NULL,'2026-03-09 10:28:09.406',NULL,NULL,NULL,NULL,NULL),(2428,3,7,'ENTRADA','PWA','2026-03-09 10:28:20.113',NULL,NULL,NULL,'189.40.75.78','Mozilla/5.0 (Linux; Android 11; moto g(10) Build/RRBS31.Q1-3-48-22; wv) AppleWebKit/537.36 (KHTML, like Gecko) Version/4.0 Chrome/145.0.7632.120 Mobile Safari/537.36','ATIVO',NULL,'2026-03-09 10:28:20.113',NULL,NULL,NULL,NULL,NULL),(2429,2,5,'ENTRADA','PWA','2026-03-09 10:30:26.450',NULL,NULL,NULL,'177.196.240.31','Mozilla/5.0 (Linux; Android 16; 25053PC47G Build/BP2A.250605.031.A3; wv) AppleWebKit/537.36 (KHTML, like Gecko) Version/4.0 Chrome/145.0.7632.120 Mobile Safari/537.36','ATIVO',NULL,'2026-03-09 10:30:26.450',NULL,NULL,NULL,NULL,NULL),(2430,4,6,'ENTRADA','PWA','2026-03-09 10:49:49.535',NULL,NULL,NULL,'177.196.240.31','Mozilla/5.0 (Linux; Android 13; moto g32 Build/T2SNS33.73-22-3-19; wv) AppleWebKit/537.36 (KHTML, like Gecko) Version/4.0 Chrome/145.0.7632.120 Mobile Safari/537.36','ATIVO',NULL,'2026-03-09 10:49:49.535',NULL,NULL,NULL,NULL,NULL),(2431,1,4,'ENTRADA','PWA','2026-03-09 13:35:04.133',NULL,NULL,NULL,'177.196.240.31','Mozilla/5.0 (Linux; Android 14; SM-A235M Build/UP1A.231005.007; wv) AppleWebKit/537.36 (KHTML, like Gecko) Version/4.0 Chrome/145.0.7632.120 Mobile Safari/537.36','ATIVO',NULL,'2026-03-09 13:35:04.133',NULL,NULL,NULL,NULL,NULL),(2432,2,5,'SAIDA','PWA','2026-03-09 15:11:49.499',NULL,NULL,NULL,'177.196.240.31','Mozilla/5.0 (Linux; Android 16; 25053PC47G Build/BP2A.250605.031.A3; wv) AppleWebKit/537.36 (KHTML, like Gecko) Version/4.0 Chrome/145.0.7632.120 Mobile Safari/537.36','ATIVO',NULL,'2026-03-09 15:11:49.499',NULL,NULL,NULL,NULL,NULL),(2433,3,7,'SAIDA','PWA','2026-03-09 15:50:01.437',NULL,NULL,NULL,'189.40.75.34','Mozilla/5.0 (Linux; Android 11; moto g(10) Build/RRBS31.Q1-3-48-22; wv) AppleWebKit/537.36 (KHTML, like Gecko) Version/4.0 Chrome/145.0.7632.120 Mobile Safari/537.36','ATIVO',NULL,'2026-03-09 15:50:01.437',NULL,NULL,NULL,NULL,NULL),(2434,2,5,'ENTRADA','PWA','2026-03-09 15:59:58.984',NULL,NULL,NULL,'177.196.240.31','Mozilla/5.0 (Linux; Android 16; 25053PC47G Build/BP2A.250605.031.A3; wv) AppleWebKit/537.36 (KHTML, like Gecko) Version/4.0 Chrome/145.0.7632.120 Mobile Safari/537.36','ATIVO',NULL,'2026-03-09 15:59:58.984',NULL,NULL,NULL,NULL,NULL);
/*!40000 ALTER TABLE `ponto_registros` ENABLE KEYS */;
UNLOCK TABLES;

--
-- Table structure for table `produtos`
--

DROP TABLE IF EXISTS `produtos`;
/*!40101 SET @saved_cs_client     = @@character_set_client */;
/*!40101 SET character_set_client = utf8mb4 */;
CREATE TABLE `produtos` (
  `id` int(11) NOT NULL AUTO_INCREMENT,
  `fornecedor_id` int(11) NOT NULL,
  `nome_produto` varchar(191) NOT NULL,
  `cor` varchar(191) DEFAULT NULL,
  `medida` varchar(191) DEFAULT NULL,
  `quantidade` int(11) DEFAULT 0,
  `valor_unitario` decimal(10,2) DEFAULT NULL,
  `valor_total` decimal(10,2) DEFAULT NULL,
  `status` varchar(191) NOT NULL DEFAULT 'ATIVO',
  `criado_em` datetime(3) NOT NULL DEFAULT current_timestamp(3),
  `atualizado_em` datetime(3) NOT NULL,
  `marca` varchar(191) DEFAULT NULL,
  `unidade` varchar(191) DEFAULT NULL,
  `imagem_url` varchar(191) DEFAULT NULL,
  `comprimento_mm` int(11) DEFAULT NULL,
  `espessura_mm` int(11) DEFAULT NULL,
  `largura_mm` int(11) DEFAULT NULL,
  `preco_m2` decimal(10,2) DEFAULT NULL,
  `estoque_minimo` int(11) DEFAULT 0,
  `categoria` varchar(191) DEFAULT NULL,
  PRIMARY KEY (`id`),
  KEY `produtos_fornecedor_id_idx` (`fornecedor_id`),
  CONSTRAINT `produtos_fornecedor_id_fkey` FOREIGN KEY (`fornecedor_id`) REFERENCES `fornecedor` (`id`) ON UPDATE CASCADE
) ENGINE=InnoDB AUTO_INCREMENT=266 DEFAULT CHARSET=utf8mb4 COLLATE=utf8mb4_unicode_ci;
/*!40101 SET character_set_client = @saved_cs_client */;

--
-- Dumping data for table `produtos`
--

LOCK TABLES `produtos` WRITE;
/*!40000 ALTER TABLE `produtos` DISABLE KEYS */;
INSERT INTO `produtos` VALUES (1,1,'FITA LED 2835 S/ SILICONE','110VLTS','120 LED/M 3000K',137,16.90,0.00,'ATIVO','2026-02-04 00:25:29.135','2026-02-04 20:13:09.696',NULL,'UN',NULL,NULL,NULL,NULL,NULL,0,NULL),(2,1,'CANALETA LED DIFUSOR','BRANCO','13MM BOBINA',100,18.90,151.20,'ATIVO','2026-02-04 00:26:15.936','2026-02-04 20:13:09.690','RASGO','M',NULL,NULL,NULL,NULL,NULL,0,NULL),(3,1,'CONECTOR PARA FITA','LED DIRETA COM CABO','110/220V',61,10.90,0.00,'ATIVO','2026-02-04 00:39:40.538','2026-02-04 19:37:15.572',NULL,'UN',NULL,NULL,NULL,NULL,NULL,0,NULL),(4,1,'SUPORTE','AEREO','REFORCADO',170,1.00,0.00,'ATIVO','2026-02-04 00:49:51.544','2026-02-04 19:42:50.503',NULL,'PC',NULL,NULL,NULL,NULL,NULL,0,NULL),(5,1,'CORREDICA','INVISIVEL AMORTECEDOR','45 CM',18,77.90,0.00,'ATIVO','2026-02-04 00:51:48.530','2026-02-04 12:21:22.301',NULL,'PAR',NULL,NULL,NULL,NULL,NULL,0,NULL),(6,1,'PARAFUSO IMPORTADO','4.0 X 40','CX 500',16,34.90,0.00,'ATIVO','2026-02-04 00:54:45.891','2026-02-09 11:29:38.591',NULL,'CX',NULL,NULL,NULL,NULL,NULL,0,NULL),(7,1,'FITA BORDA','LOURO FREIJO PORO','65MM 20MTS',2,104.90,0.00,'ATIVO','2026-02-04 00:57:04.409','2026-02-04 19:57:31.756','TEGUS PVC','ROLO',NULL,NULL,NULL,NULL,NULL,0,NULL),(8,1,'SAPATA BUCHA',NULL,'22MM',17,2.50,0.00,'ATIVO','2026-02-04 00:58:16.841','2026-02-04 16:25:30.569',NULL,'UN',NULL,NULL,NULL,NULL,NULL,0,NULL),(9,1,'FITA BORDA','ITAPUA','65MM 20MTS',14,108.90,0.00,'ATIVO','2026-02-04 00:59:32.498','2026-02-04 20:13:37.104','TEGUS PVC','ROLO',NULL,NULL,NULL,NULL,NULL,0,NULL),(10,1,'PUXADOR PONTO RENNA','REDONDO NIQUEL','ESCOVADO',24,8.50,0.00,'ATIVO','2026-02-04 01:02:36.136','2026-02-04 18:38:31.400',NULL,'UN',NULL,NULL,NULL,NULL,NULL,0,NULL),(11,1,'TRILHO INFERIOR','014A','6MTS',2,71.01,0.00,'ATIVO','2026-02-04 01:03:24.069','2026-02-04 17:42:05.082',NULL,'UN',NULL,NULL,NULL,NULL,NULL,0,NULL),(12,1,'TRILHO SUPERIOR','013B','6MTS',3,114.90,0.00,'ATIVO','2026-02-04 01:03:55.457','2026-02-04 18:23:37.978',NULL,'UN',NULL,NULL,NULL,NULL,NULL,0,NULL),(13,1,'PUXADOR ABA','INOX MATE ESCURO','150MM',17,16.90,0.00,'ATIVO','2026-02-04 01:04:38.304','2026-02-04 01:04:45.793','CIELO','UN',NULL,NULL,NULL,NULL,NULL,0,NULL),(14,1,'CHAPA MDF','BRANCO','15MM',25,220.00,0.00,'ATIVO','2026-02-04 01:05:41.586','2026-02-09 10:53:04.292','ARAUCO TX','CHAPA',NULL,NULL,NULL,NULL,NULL,0,NULL),(15,1,'CHAPA MDF','FUNDO BRANCO','3',5,129.90,389.70,'ATIVO','2026-02-04 01:09:16.065','2026-02-04 20:08:36.357','EUCATEX','CHAPA',NULL,NULL,NULL,NULL,NULL,0,NULL),(16,1,'KIT JOELINI','JP25 SOBREPOR',NULL,4,19.90,0.00,'ATIVO','2026-02-04 01:14:24.234','2026-02-04 19:16:06.380',NULL,'UN',NULL,NULL,NULL,NULL,NULL,0,NULL),(17,1,'PE ALUMINIO',NULL,'15CM',8,23.90,0.00,'ATIVO','2026-02-04 01:38:03.549','2026-02-04 01:38:14.677','MASTER','UN',NULL,NULL,NULL,NULL,NULL,0,NULL),(18,1,'PORTA TALHER','DT 140 BRANCO','362 X 460',3,36.90,0.00,'ATIVO','2026-02-04 01:53:06.807','2026-02-04 15:28:49.525',NULL,'UN',NULL,NULL,NULL,NULL,NULL,0,NULL),(19,1,'PUXADOR ABA','PRETO FOSCO','146MM',12,15.90,0.00,'ATIVO','2026-02-04 01:53:52.858','2026-02-04 01:54:00.926','SOPHIA','UN',NULL,NULL,NULL,NULL,NULL,0,NULL),(20,1,'SILICONE BASE D AGUA','BRANCO','430G',12,13.90,0.00,'ATIVO','2026-02-04 01:57:23.701','2026-02-04 19:17:12.519','ARTECOLA AFIX','UN',NULL,NULL,NULL,NULL,NULL,0,NULL),(21,1,'PARAFUSO IMPORTADO','4.0 X 20','CX500',8,22.90,0.00,'ATIVO','2026-02-04 01:58:45.702','2026-02-04 19:24:13.417',NULL,'UN',NULL,NULL,NULL,NULL,NULL,0,NULL),(22,1,'PARAFUSO IMPORTADO','4.0 X 25','CX500',11,25.90,0.00,'ATIVO','2026-02-04 01:59:32.139','2026-02-09 11:29:38.601',NULL,'UN',NULL,NULL,NULL,NULL,NULL,0,NULL),(23,1,'CHAPA MDF','GIANDUIA','15MM',4,349.90,0.00,'ATIVO','2026-02-04 02:00:32.899','2026-02-04 02:01:06.968','DURATEX','CHAPA',NULL,NULL,NULL,NULL,NULL,0,NULL),(24,1,'CHAPA MDF','ITAPUA','15MM',6,479.90,0.00,'ATIVO','2026-02-04 02:00:59.524','2026-02-04 17:48:49.177','DURATEX','CHAPA',NULL,NULL,NULL,NULL,NULL,0,NULL),(25,1,'FITA BORDA','GIANDUIA','22MM 20MTS',4,33.90,0.00,'ATIVO','2026-02-04 02:02:30.072','2026-02-04 14:15:04.673','TEGUS PVC','ROLO',NULL,NULL,NULL,NULL,NULL,0,NULL),(26,1,'PORTA TALHER','BRANCO','456X491',4,49.90,0.00,'ATIVO','2026-02-04 11:10:22.261','2026-02-04 20:07:23.036','DT 070','UN',NULL,NULL,NULL,NULL,NULL,0,NULL),(27,1,'PISTAO','INVERSO','60N',6,7.99,0.00,'ATIVO','2026-02-04 11:12:12.451','2026-02-04 12:16:45.026','RENNA','UN',NULL,NULL,NULL,NULL,NULL,0,NULL),(28,1,'PUXADOR 257','INOX ESCOVADO','15MM 6MT',3,121.90,0.00,'ATIVO','2026-02-04 11:12:59.558','2026-02-04 11:18:26.995','DMT','UN',NULL,NULL,NULL,NULL,NULL,0,NULL),(29,1,'TAMPA 257','INOX','15MM',22,3.80,0.00,'ATIVO','2026-02-04 11:17:51.143','2026-02-04 11:18:27.000',NULL,'PAR',NULL,NULL,NULL,NULL,NULL,0,NULL),(30,1,'COLA','100GR',NULL,9,20.00,0.00,'ATIVO','2026-02-04 11:18:13.836','2026-02-04 16:05:45.240','ALMASUPER','UN',NULL,NULL,NULL,NULL,NULL,0,NULL),(31,1,'DOBRADICA ROBOCOP','AMORTECEDOR','RETA',19,15.90,0.00,'ATIVO','2026-02-04 11:31:54.637','2026-02-04 15:54:18.085','DMT','UN',NULL,NULL,NULL,NULL,NULL,0,NULL),(32,1,'PARAFUSO IMPORTADO','4.0X 16','CX500',7,17.90,0.00,'ATIVO','2026-02-04 11:38:20.183','2026-02-04 15:50:49.717',NULL,'CX',NULL,NULL,NULL,NULL,NULL,0,NULL),(33,1,'KIT ROMETAL','GUIA FLEX','RO50',18,25.90,0.00,'ATIVO','2026-02-04 11:41:24.050','2026-02-04 19:49:34.029',NULL,'UN',NULL,NULL,NULL,NULL,NULL,0,NULL),(34,1,'CORREDICA','OPEN LARGA','40CM',1,16.90,0.00,'ATIVO','2026-02-04 11:42:26.597','2026-02-04 11:42:30.430',NULL,'PAR',NULL,NULL,NULL,NULL,NULL,0,NULL),(35,1,'L ZAMAK','MACICA NIQUELADA','2M 13X13',12,21.90,0.00,'ATIVO','2026-02-04 11:43:08.431','2026-02-09 11:09:30.944',NULL,'UN',NULL,NULL,NULL,NULL,NULL,0,NULL),(36,1,'RODIZIO GEL','S/ FREIO','50MM',31,6.90,0.00,'ATIVO','2026-02-04 11:48:04.954','2026-02-04 17:32:10.276','TEN','UN',NULL,NULL,NULL,NULL,NULL,0,NULL),(37,1,'RODIZIO GEL','C/ FREIO','50MM',14,7.90,0.00,'ATIVO','2026-02-04 11:50:00.283','2026-02-04 17:13:44.289','TEN','UN',NULL,NULL,NULL,NULL,NULL,0,NULL),(38,1,'PARAFUSO','FLANGEADO 6.0X50','CX200',1,84.90,0.00,'ATIVO','2026-02-04 11:53:24.329','2026-02-04 11:54:25.398','PHS','CX',NULL,NULL,NULL,NULL,NULL,0,NULL),(39,1,'PARAFUSO','FLANGEADO PRETO','6.0X60 CX100',2,21.90,0.00,'ATIVO','2026-02-04 11:54:19.841','2026-02-04 12:22:24.062','DMT','CX',NULL,NULL,NULL,NULL,NULL,0,NULL),(40,1,'CANTONEIRA','PRETA','3 FUROS',40,1.50,0.00,'ATIVO','2026-02-04 11:54:52.065','2026-02-04 15:50:49.707',NULL,'PC',NULL,NULL,NULL,NULL,NULL,0,NULL),(41,1,'FITA BORDA','BRANCA','22MM 300MTS',8,159.90,0.00,'ATIVO','2026-02-04 11:55:49.439','2026-02-09 10:54:20.757','PROADEC','ROLO',NULL,NULL,NULL,NULL,NULL,0,NULL),(42,1,'PUXADOR FACETATO','BRONZE 0307','6MT',4,109.90,0.00,'ATIVO','2026-02-04 11:56:31.732','2026-02-04 12:35:04.852','DMT','UN',NULL,NULL,NULL,NULL,NULL,0,NULL),(43,1,'TAMPA FACETATO','BRONZE','15',61,12.90,0.00,'ATIVO','2026-02-04 11:56:56.862','2026-02-04 14:21:44.800',NULL,'UN',NULL,NULL,NULL,NULL,NULL,0,NULL),(44,1,'DOBRADICA','SUPER ALTA',NULL,8,5.00,0.00,'ATIVO','2026-02-04 11:57:32.628','2026-02-04 11:57:39.769','FGV','UN',NULL,NULL,NULL,NULL,NULL,0,NULL),(45,1,'DOBRADICA','CALCO DUPLO','RETA',400,4.19,0.00,'ATIVO','2026-02-04 12:15:02.225','2026-02-04 14:47:43.327','TN SLOW EASY','UN',NULL,NULL,NULL,NULL,NULL,0,NULL),(46,1,'FECHO TOQUE','SOBREPOR',NULL,3,6.90,0.00,'ATIVO','2026-02-04 12:15:59.615','2026-02-04 15:53:59.401',NULL,'UN',NULL,NULL,NULL,NULL,NULL,0,NULL),(47,1,'COLA HOT MELT','GRANULADA BEGE','2.5KG',1,89.90,0.00,'ATIVO','2026-02-04 12:17:27.707','2026-02-04 12:17:35.282','KISAFIX','PC',NULL,NULL,NULL,NULL,NULL,0,NULL),(48,1,'BOTAO INTERRUPTOR','MARROM',NULL,5,7.00,0.00,'ATIVO','2026-02-04 12:19:55.637','2026-02-04 12:20:46.259',NULL,'UN',NULL,NULL,NULL,NULL,NULL,0,NULL),(49,1,'BOTAO INTERRUPTOR','PRETO',NULL,15,7.00,0.00,'ATIVO','2026-02-04 12:20:20.164','2026-02-04 12:56:31.885',NULL,'UN',NULL,NULL,NULL,NULL,NULL,0,NULL),(50,1,'THINNER',NULL,'18LTS',4,223.90,0.00,'ATIVO','2026-02-04 12:21:49.490','2026-02-04 20:01:02.655','ITAQUA','L',NULL,NULL,NULL,NULL,NULL,0,NULL),(51,1,'PISTAO','NORMAL','60N',26,7.90,0.00,'ATIVO','2026-02-04 12:23:22.354','2026-02-04 20:04:19.391','RENNA','UN',NULL,NULL,NULL,NULL,NULL,0,NULL),(52,1,'PORTA TALHER','BRANCO','550X495',5,63.90,0.00,'ATIVO','2026-02-04 12:24:03.755','2026-02-04 20:01:02.661','DT 194','UN',NULL,NULL,NULL,NULL,NULL,0,NULL),(53,1,'FITA CREPE','48MM','45M',2,12.90,0.00,'ATIVO','2026-02-04 12:25:24.601','2026-02-04 12:29:04.388','KORETECH','UN',NULL,NULL,NULL,NULL,NULL,0,NULL),(54,1,'BROCA ACO','RAPIDO','7/64',10,4.00,0.00,'ATIVO','2026-02-04 12:28:54.515','2026-02-04 12:29:04.394','MAKITA','UN',NULL,NULL,NULL,NULL,NULL,0,NULL),(55,1,'PISTAO','INVERSO','60N',10,7.90,0.00,'ATIVO','2026-02-04 12:30:05.755','2026-02-04 12:45:06.377','DMT','UN',NULL,NULL,NULL,NULL,NULL,0,NULL),(56,1,'CORREDICA','LARGA','40CM',8,16.90,0.00,'ATIVO','2026-02-04 12:30:30.249','2026-02-04 12:30:37.452','DMT','PAR',NULL,NULL,NULL,NULL,NULL,0,NULL),(57,1,'RODIZIO GEL','OPEN C/FREIO','75 MM',6,14.90,0.00,'ATIVO','2026-02-04 12:39:05.429','2026-02-04 12:39:21.299',NULL,'UN',NULL,NULL,NULL,NULL,NULL,0,NULL),(58,1,'COLA CONTATO','FORMICA','2.8KG',5,109.90,0.00,'ATIVO','2026-02-04 12:41:13.028','2026-02-04 19:35:12.520',NULL,'UN',NULL,NULL,NULL,NULL,NULL,0,NULL),(59,1,'CHAPA MDF','BRANCO FUNDO','6MM',1,198.90,0.00,'ATIVO','2026-02-04 12:41:56.720','2026-02-04 12:41:59.877','ARAUCO','CHAPA',NULL,NULL,NULL,NULL,NULL,0,NULL),(60,1,'SILICONE BASE D AGUA','AMENDOA','300G',1,16.90,0.00,'ATIVO','2026-02-04 12:48:12.887','2026-02-04 12:48:18.928','AFIX','UN',NULL,NULL,NULL,NULL,NULL,0,NULL),(61,1,'PARAFUSO IMPORTADO','3.5X14','CX500',1,13.90,0.00,'ATIVO','2026-02-04 12:49:04.878','2026-02-04 12:49:33.391',NULL,'UN',NULL,NULL,NULL,NULL,NULL,0,NULL),(62,1,'PARAFUSO IMPORTADO','4.0X16','CX500',11,17.90,0.00,'ATIVO','2026-02-04 12:49:28.856','2026-02-09 11:29:38.596',NULL,'UN',NULL,NULL,NULL,NULL,NULL,0,NULL),(63,1,'FITA BORDA','GIANDUIA','65MM 20MTS',1,78.90,0.00,'ATIVO','2026-02-04 12:50:12.381','2026-02-04 12:50:16.766','TEGUS PVC','ROLO',NULL,NULL,NULL,NULL,NULL,0,NULL),(64,1,'CORREDICA','LARGA','30CM',12,9.99,0.00,'ATIVO','2026-02-04 12:52:55.070','2026-02-04 14:51:27.290','TEN','UN',NULL,NULL,NULL,NULL,NULL,0,NULL),(65,1,'PISTAO','MINI INVERSO','60N',12,9.50,0.00,'ATIVO','2026-02-04 12:57:07.443','2026-02-04 19:32:43.103','TN','PC',NULL,NULL,NULL,NULL,NULL,0,NULL),(66,1,'SILICONE ORBI PU','CINZA',NULL,3,18.90,0.00,'ATIVO','2026-02-04 12:59:00.732','2026-02-04 18:15:15.395',NULL,'PC',NULL,NULL,NULL,NULL,NULL,0,NULL),(67,1,'PORTA TALHER','BRANCO','300X410',3,26.90,0.00,'ATIVO','2026-02-04 12:59:29.063','2026-02-04 20:13:09.706','DT 162','UN',NULL,NULL,NULL,NULL,NULL,0,NULL),(68,1,'BUCHA AVULSA',NULL,NULL,220,0.43,0.00,'ATIVO','2026-02-04 13:01:30.109','2026-02-04 14:47:43.341',NULL,'UN',NULL,NULL,NULL,NULL,NULL,0,NULL),(69,1,'PUXADOR CAVA','ANODIZADO','18MM 6MT',1,119.99,0.00,'ATIVO','2026-02-04 13:03:38.803','2026-02-04 13:03:44.622','DMT','PC',NULL,NULL,NULL,NULL,NULL,0,NULL),(70,1,'TAMPA ADESIVA','BRANCO 12MM','52UN',29,3.00,0.00,'ATIVO','2026-02-04 13:04:35.107','2026-02-04 19:24:13.422',NULL,'UN',NULL,NULL,NULL,NULL,NULL,0,NULL),(71,1,'PUXADOR ABA','PRETO','146MM',15,12.90,0.00,'ATIVO','2026-02-04 13:05:10.308','2026-02-04 15:28:49.520','DMT','UN',NULL,NULL,NULL,NULL,NULL,0,NULL),(72,1,'DOBRADICA','ANGULO','90 GRAUS',3,14.50,0.00,'ATIVO','2026-02-04 13:07:48.986','2026-02-04 13:13:22.393','FGV','UN',NULL,NULL,NULL,NULL,NULL,0,NULL),(73,1,'KIT JOELINI','JP360 SOBREPOR',NULL,2,34.90,0.00,'ATIVO','2026-02-04 13:25:02.044','2026-02-04 13:25:36.585','GUIA UNIVERSAL','UN',NULL,NULL,NULL,NULL,NULL,0,NULL),(74,1,'PISTAO','NORMAL','100N',2,7.90,0.00,'ATIVO','2026-02-04 13:25:28.552','2026-02-04 13:25:36.591','RENNA','UN',NULL,NULL,NULL,NULL,NULL,0,NULL),(75,1,'PUXADOR','PUXADOR','096MM',2,11.90,0.00,'ATIVO','2026-02-04 13:50:48.492','2026-02-04 13:50:54.276','RIGORE','UN',NULL,NULL,NULL,NULL,NULL,0,NULL),(76,1,'TAMPA FACETATO','INOX','15',2,12.90,0.00,'ATIVO','2026-02-04 13:51:24.047','2026-02-04 13:51:30.671',NULL,'PAR',NULL,NULL,NULL,NULL,NULL,0,NULL),(77,1,'FITA BORDA','GIANDUIA','35MM 20MTS',1,44.90,0.00,'ATIVO','2026-02-04 13:54:05.219','2026-02-04 13:54:12.417','TEGUS PVC','ROLO',NULL,NULL,NULL,NULL,NULL,0,NULL),(78,1,'PE TAVOLA','ALUMINIO','15CM',6,12.90,0.00,'ATIVO','2026-02-04 13:56:47.994','2026-02-04 15:47:16.278',NULL,'UN',NULL,NULL,NULL,NULL,NULL,0,NULL),(79,1,'TESTEIRA','ALUMINIO','15MM 6MT',5,52.00,0.00,'ATIVO','2026-02-04 14:01:37.428','2026-02-04 18:24:18.770',NULL,'UN',NULL,NULL,NULL,NULL,NULL,0,NULL),(80,1,'PUXADOR ABA','ANODIZADO SP238','15MM 6MT',3,99.00,0.00,'ATIVO','2026-02-04 14:02:09.484','2026-02-04 17:43:56.959',NULL,'UN',NULL,NULL,NULL,NULL,NULL,0,NULL),(81,1,'TUBO CABIDEIRO','OVAL ALUMINADO','6MTS ESTRIADO',5,59.90,0.00,'ATIVO','2026-02-04 14:02:41.686','2026-02-09 11:09:30.928',NULL,'UN',NULL,NULL,NULL,NULL,NULL,0,NULL),(82,1,'FITA BORDA','BRANCA','35MM 20MTS',1,22.90,0.00,'ATIVO','2026-02-04 14:04:51.590','2026-02-04 14:04:58.403','TEGUS PVC','ROLO',NULL,NULL,NULL,NULL,NULL,0,NULL),(83,1,'PUXADOR 257','BRONZE','15MM 6MT',1,129.90,0.00,'ATIVO','2026-02-04 14:12:44.463','2026-02-04 14:12:49.039','DMT','UN',NULL,NULL,NULL,NULL,NULL,0,NULL),(84,1,'DOBRADICA SLOW','SUPER ALTA CALCO','FIXO',2,3.20,0.00,'ATIVO','2026-02-04 14:13:44.865','2026-02-04 14:14:20.584','TEN','UN',NULL,NULL,NULL,NULL,NULL,0,NULL),(85,1,'SUPORTE CABIDEIRO','CENTRAL FECHADO',NULL,2,5.00,0.00,'ATIVO','2026-02-04 14:14:16.147','2026-02-04 14:37:13.787',NULL,'UN',NULL,NULL,NULL,NULL,NULL,0,NULL),(86,1,'RODIZIO GEL','S/ FREIO','35MN',4,6.90,0.00,'ATIVO','2026-02-04 14:22:36.240','2026-02-04 14:22:43.234','TN','UN',NULL,NULL,NULL,NULL,NULL,0,NULL),(87,1,'PARAFUSO IMPORTADO','6.0X60','CX200',3,48.90,0.00,'ATIVO','2026-02-04 14:40:50.484','2026-02-09 11:29:38.606',NULL,'CX',NULL,NULL,NULL,NULL,NULL,0,NULL),(88,1,'PARAFUSO','PRETO','6.0X65 CX100',1,18.78,0.00,'ATIVO','2026-02-04 14:41:37.262','2026-02-04 14:47:43.337','DMT','CX',NULL,NULL,NULL,NULL,NULL,0,NULL),(89,1,'TAMPA ADESIVA','BRANCA','19MM 32UN',50,3.43,0.00,'ATIVO','2026-02-04 14:47:35.794','2026-02-04 14:47:43.346',NULL,'UN',NULL,NULL,NULL,NULL,NULL,0,NULL),(90,1,'CORREDICA','LARGA','35CM',1,11.92,0.00,'ATIVO','2026-02-04 14:51:02.489','2026-02-04 14:51:09.686','DMT','PAR',NULL,NULL,NULL,NULL,NULL,0,NULL),(91,1,'PORTA VASSOURA','RASTELO CROMADO',NULL,5,12.90,0.00,'ATIVO','2026-02-04 14:54:23.334','2026-02-04 20:13:57.009',NULL,'UN',NULL,NULL,NULL,NULL,NULL,0,NULL),(92,1,'PUXADOR PONTO','COLONIAL ANODIZADO',NULL,3,8.50,0.00,'ATIVO','2026-02-04 15:02:06.997','2026-02-04 15:02:44.957',NULL,'UN',NULL,NULL,NULL,NULL,NULL,0,NULL),(93,1,'PUXADOR ABA','ANODIZADO','146MM',30,12.90,0.00,'ATIVO','2026-02-04 15:02:35.134','2026-02-04 20:13:09.701','SOPHIA','UN',NULL,NULL,NULL,NULL,NULL,0,NULL),(94,1,'SUPORTE INVISVEL',NULL,'15CM',2,7.99,0.00,'ATIVO','2026-02-04 15:05:46.636','2026-02-04 15:05:53.181',NULL,'UN',NULL,NULL,NULL,NULL,NULL,0,NULL),(95,1,'CORREDICA','LIGHT','45CM',1,12.90,0.00,'ATIVO','2026-02-04 15:09:26.697','2026-02-04 15:28:49.508','TEN','PAR',NULL,NULL,NULL,NULL,NULL,0,NULL),(96,1,'PORTA OLEO','2051 SEM CORREDICA',NULL,1,98.90,0.00,'ATIVO','2026-02-04 15:14:52.653','2026-02-04 15:28:49.514','SCHIMITT MOD','UN',NULL,NULL,NULL,NULL,NULL,0,NULL),(97,1,'PISTAO','MINI NORMAL','60N',2,9.50,0.00,'ATIVO','2026-02-04 15:30:41.180','2026-02-04 15:33:41.592','TN','UN',NULL,NULL,NULL,NULL,NULL,0,NULL),(98,1,'THINNER',NULL,'5LTS',1,71.90,0.00,'ATIVO','2026-02-04 15:38:34.301','2026-02-04 15:47:16.252','ITAQUA','L',NULL,NULL,NULL,NULL,NULL,0,NULL),(99,1,'ROUPEIRO BASCULANTE','BRANCO','20CM',1,64.90,0.00,'ATIVO','2026-02-04 15:39:31.511','2026-02-04 15:47:16.269',NULL,'PC',NULL,NULL,NULL,NULL,NULL,0,NULL),(100,1,'CORREDICA','LIGHT','35CM',5,9.90,0.00,'ATIVO','2026-02-04 15:46:56.055','2026-02-04 16:42:18.822','TEN','PAR',NULL,NULL,NULL,NULL,NULL,0,NULL),(101,1,'SUPORTE CABIDEIRO','LATERAL NIQUELADO',NULL,40,1.50,0.00,'ATIVO','2026-02-04 15:50:25.017','2026-02-09 11:09:30.936',NULL,'PC',NULL,NULL,NULL,NULL,NULL,0,NULL),(102,1,'FECHO MAGNETICO','ALUMINIO','SEM ABA',3,6.90,0.00,'ATIVO','2026-02-04 16:08:32.864','2026-02-04 16:08:42.022','SOBREPOR','UN',NULL,NULL,NULL,NULL,NULL,0,NULL),(103,1,'FECHO ROLETE',NULL,NULL,2,3.80,0.00,'ATIVO','2026-02-04 16:10:03.614','2026-02-04 16:10:10.192','NIQ','UN',NULL,NULL,NULL,NULL,NULL,0,NULL),(104,1,'CORREDICA','LARGA','45CM',92,16.90,0.00,'ATIVO','2026-02-04 16:18:00.287','2026-02-04 20:07:23.041','RENNA','UN',NULL,NULL,NULL,NULL,NULL,0,NULL),(105,1,'CORREDICA','LARGA','35CM',4,14.90,0.00,'ATIVO','2026-02-04 16:24:45.895','2026-02-04 16:25:03.718','RENNA','UN',NULL,NULL,NULL,NULL,NULL,0,NULL),(106,1,'PASSA FIO','CINZA','46MM',2,1.80,0.00,'ATIVO','2026-02-04 16:31:12.612','2026-02-04 17:33:15.044',NULL,'UN',NULL,NULL,NULL,NULL,NULL,0,NULL),(107,1,'CORREDICA','LIGHT','30CM',2,7.90,0.00,'ATIVO','2026-02-04 16:33:33.198','2026-02-04 16:42:01.582','TEN','UN',NULL,NULL,NULL,NULL,NULL,0,NULL),(108,1,'PE CONICO','CROMADO','10CM',6,7.90,0.00,'ATIVO','2026-02-04 17:13:35.121','2026-02-04 17:32:54.760',NULL,'UN',NULL,NULL,NULL,NULL,NULL,0,NULL),(109,1,'CORREDICA','INVISIVEL COM AMORTECEDOR','45CM',57,79.90,0.00,'ATIVO','2026-02-04 17:14:37.439','2026-02-04 18:37:35.312','FVG','UN',NULL,NULL,NULL,NULL,NULL,0,NULL),(110,1,'DOBRADICA','SLOW RETA SLIDE','ON',400,4.19,0.00,'ATIVO','2026-02-04 17:35:25.860','2026-02-04 19:42:50.513','RENNA','UN',NULL,NULL,NULL,NULL,NULL,0,NULL),(111,1,'DESEMPENADOR PORTA','SOBREPOR','KIT 2',1,49.41,0.00,'ATIVO','2026-02-04 17:43:45.712','2026-02-04 17:43:56.965','FVG','UN',NULL,NULL,NULL,NULL,NULL,0,NULL),(112,1,'RODIZIO GEL','ROLAMENTO','50MM',4,12.50,0.00,'ATIVO','2026-02-04 17:48:43.236','2026-02-04 17:48:49.181','C/F','UN',NULL,NULL,NULL,NULL,NULL,0,NULL),(113,1,'ESPUMA EXPANSIVA',NULL,'460ML',1,24.90,0.00,'ATIVO','2026-02-04 18:15:10.654','2026-02-04 18:15:15.400','ORBI','L',NULL,NULL,NULL,NULL,NULL,0,NULL),(114,1,'BUCHA MU','BRANCA','8MM 500UN',2,75.90,0.00,'ATIVO','2026-02-04 18:30:00.441','2026-02-04 19:32:43.108',NULL,'PC',NULL,NULL,NULL,NULL,NULL,0,NULL),(115,1,'PINO PINADOR','F25',NULL,1,44.90,0.00,'ATIVO','2026-02-04 18:30:21.374','2026-02-04 18:31:03.627','FILETTO','UN',NULL,NULL,NULL,NULL,NULL,0,NULL),(116,1,'PARAFUSO PHS','PRETO','6.0X70 CX100',1,22.90,0.00,'ATIVO','2026-02-04 18:30:58.366','2026-02-04 18:31:03.632','DMT','CX',NULL,NULL,NULL,NULL,NULL,0,NULL),(117,1,'FITA CREPE','48MM','50M',3,14.90,0.00,'ATIVO','2026-02-04 18:37:00.937','2026-02-04 20:01:52.460','TEK BOND','UN',NULL,NULL,NULL,NULL,NULL,0,NULL),(118,1,'PUXADOR','ESCOVADO','192MM',2,18.90,0.00,'ATIVO','2026-02-04 18:38:24.554','2026-02-04 18:38:31.405','RIGORE','UN',NULL,NULL,NULL,NULL,NULL,0,NULL),(119,1,'TAMPA ADESIVA','ITAPUA','12MM 50UN',9,6.10,0.00,'ATIVO','2026-02-04 18:47:44.394','2026-02-04 20:01:26.146',NULL,'UN',NULL,NULL,NULL,NULL,NULL,0,NULL),(120,1,'PUXADOR CAVA','ANODIZADO MV 0202','15MM 6MT',1,116.90,0.00,'ATIVO','2026-02-04 18:50:06.611','2026-02-04 18:50:45.422','DMT','UN',NULL,NULL,NULL,NULL,NULL,0,NULL),(121,1,'FITA ISOLANTE',NULL,'19 X 20MT',3,8.90,0.00,'ATIVO','2026-02-04 18:59:39.473','2026-02-04 19:46:48.817','NORTON','UN',NULL,NULL,NULL,NULL,NULL,0,NULL),(122,1,'PISTAO','INVERSO','80N',10,7.90,0.00,'ATIVO','2026-02-04 19:02:25.834','2026-02-09 10:50:22.612','RENNA','UN',NULL,NULL,NULL,NULL,NULL,0,NULL),(123,1,'KIT GIZ','CORRECAO','24 CORES',2,53.90,0.00,'ATIVO','2026-02-04 19:05:13.937','2026-02-04 20:10:07.340',NULL,'UN',NULL,NULL,NULL,NULL,NULL,0,NULL),(124,1,'TRILHO','SPO18 RO21','6MT',3,29.90,0.00,'ATIVO','2026-02-04 19:15:17.184','2026-02-04 19:16:06.371',NULL,'UN',NULL,NULL,NULL,NULL,NULL,0,NULL),(125,1,'COLA','MOVELEIRO','100GR',2,20.00,0.00,'ATIVO','2026-02-04 19:15:50.662','2026-02-04 20:01:52.465','TEK BOND','UN',NULL,NULL,NULL,NULL,NULL,0,NULL),(126,1,'SILICONE','FIXA ESPELHO','NEUTRO',1,26.90,0.00,'ATIVO','2026-02-04 19:18:11.342','2026-02-04 19:18:19.607','ORBI','UN',NULL,NULL,NULL,NULL,NULL,0,NULL),(127,1,'PASSA FIO','BRANCO','46MM',5,1.90,0.00,'ATIVO','2026-02-04 19:32:15.899','2026-02-04 19:32:43.113',NULL,'UN',NULL,NULL,NULL,NULL,NULL,0,NULL),(128,1,'PASSA FIO','BRANCO','60MM',5,2.00,0.00,'ATIVO','2026-02-04 19:32:34.281','2026-02-04 19:32:43.118',NULL,'UN',NULL,NULL,NULL,NULL,NULL,0,NULL),(129,1,'CAPA PARA SUPORTE','CINZA',NULL,1,0.40,0.00,'ATIVO','2026-02-04 19:37:00.743','2026-02-04 19:37:15.567','AEREO','UN',NULL,NULL,NULL,NULL,NULL,0,NULL),(130,1,'PARAFUSO IMPORTADO','6.0X70','CX100',1,28.90,0.00,'ATIVO','2026-02-04 19:42:20.710','2026-02-04 19:42:50.508',NULL,'CX',NULL,NULL,NULL,NULL,NULL,0,NULL),(131,1,'CORREDICA','LARGA','30CM',2,13.90,0.00,'ATIVO','2026-02-04 19:47:23.700','2026-02-04 19:47:29.514','DMT','UN',NULL,NULL,NULL,NULL,NULL,0,NULL),(132,1,'PASSA FIO','MEL','60MM',3,2.00,0.00,'ATIVO','2026-02-04 19:47:52.907','2026-02-04 19:47:58.524',NULL,'UN',NULL,NULL,NULL,NULL,NULL,0,NULL),(133,1,'TRILHO INFERIOR','014A','3MTS',1,44.90,0.00,'ATIVO','2026-02-04 19:49:09.603','2026-02-04 19:49:17.125',NULL,'UN',NULL,NULL,NULL,NULL,NULL,0,NULL),(134,1,'CANTONEIRA','BRANCO','3 FUROS',10,1.50,0.00,'ATIVO','2026-02-04 19:51:02.038','2026-02-04 19:51:28.162',NULL,'UN',NULL,NULL,NULL,NULL,NULL,0,NULL),(135,1,'CANTONEIRA','ZINCADA','3 FUROS',10,1.50,0.00,'ATIVO','2026-02-04 19:51:21.987','2026-02-04 19:51:28.167',NULL,'UN',NULL,NULL,NULL,NULL,NULL,0,NULL),(136,1,'RODIZIO GEL','SEM FREIO','50M',1,7.90,0.00,'ATIVO','2026-02-04 19:53:15.522','2026-02-04 19:53:19.434','TN','UN',NULL,NULL,NULL,NULL,NULL,0,NULL),(137,1,'CORREDICA','LARGA','50 CM',4,19.90,0.00,'ATIVO','2026-02-04 19:55:08.789','2026-02-04 19:55:15.568','DMT','UN',NULL,NULL,NULL,NULL,NULL,0,NULL),(138,1,'SUPORTE PRATELEIRO EM L','REFORCADO BRANCO','50CM',4,42.90,0.00,'ATIVO','2026-02-04 19:57:02.909','2026-02-04 19:57:09.812',NULL,'UN',NULL,NULL,NULL,NULL,NULL,0,NULL),(139,1,'COLA HOT MELT','BRANCA','2.5KG',1,79.90,0.00,'ATIVO','2026-02-04 20:02:45.865','2026-02-04 20:02:49.712','ARTECOLA AFIX','UN',NULL,NULL,NULL,NULL,NULL,0,NULL),(140,1,'PASSA FIO','CINZA','60MM',1,2.00,0.00,'ATIVO','2026-02-04 20:09:20.653','2026-02-04 20:09:24.574',NULL,'UN',NULL,NULL,NULL,NULL,NULL,0,NULL),(141,1,'MAO FRANCESA','BRANCA','30CM',2,14.90,0.00,'ATIVO','2026-02-04 20:09:54.327','2026-02-04 20:10:07.334','BREDAL','UN',NULL,NULL,NULL,NULL,NULL,0,NULL),(142,1,'SUPORTE INVISIVEL','ZINCADO','160MM',8,5.90,0.00,'ATIVO','2026-02-07 17:13:36.073','2026-02-09 10:53:50.233','PARABOLT','UN',NULL,NULL,NULL,NULL,NULL,0,NULL),(143,3,'RATAN SINTETICO','SEXTAVADO OURO','C/0,50',2,149.71,0.00,'ATIVO','2026-02-09 10:46:14.495','2026-02-09 10:46:23.113','IMPORTADO','M',NULL,NULL,NULL,NULL,NULL,0,NULL),(144,2,'FECHO PIVOTANTE','PRETO FOSCO','AUXILIAR',1,26.90,0.00,'ATIVO','2026-02-09 10:47:08.670','2026-02-09 10:49:18.319',NULL,'PC',NULL,NULL,NULL,NULL,NULL,0,NULL),(145,2,'FECHADURA 1025','QUADRADA',NULL,1,87.70,0.00,'ATIVO','2026-02-09 10:48:05.348','2026-02-09 10:49:18.327','PIV ROS','PAR',NULL,NULL,NULL,NULL,NULL,0,NULL),(146,2,'PRENDEDOR DE PORTA','MAGNETIC CROMADO',NULL,2,43.29,0.00,'ATIVO','2026-02-09 10:48:37.294','2026-02-09 10:49:18.333',NULL,'UN',NULL,NULL,NULL,NULL,NULL,0,NULL),(147,2,'DOBRADICA MEDIA','INOX ESCOVADO','4X3',8,10.00,0.00,'ATIVO','2026-02-09 10:49:09.649','2026-02-09 10:49:18.340','SOBREPOR','PC',NULL,NULL,NULL,NULL,NULL,0,NULL),(148,1,'TITEBOND','ORIGINAL','255GR',1,35.90,0.00,'ATIVO','2026-02-09 10:50:17.583','2026-02-09 10:50:22.618',NULL,'UN',NULL,NULL,NULL,NULL,NULL,0,NULL),(149,1,'FITA LED','METROS LED CONTINUO','50METROS 320LED/K',6,24.90,0.00,'ATIVO','2026-02-09 10:51:32.163','2026-02-09 10:51:45.020',NULL,'M',NULL,NULL,NULL,NULL,NULL,0,NULL),(150,1,'CORREDICA INVISIVEL','AMORTECEDOR','30CM',2,53.90,0.00,'ATIVO','2026-02-09 10:52:26.315','2026-02-09 10:52:32.564',NULL,'PAR',NULL,NULL,NULL,NULL,NULL,0,NULL),(151,1,'DESEMPENADOR SOBREPOR',NULL,'95 PAR',2,59.90,0.00,'ATIVO','2026-02-09 10:55:54.518','2026-02-09 11:09:30.950','ROMETAL','PAR',NULL,NULL,NULL,NULL,NULL,0,NULL),(152,1,'PUXADOR ABA','INOX','15MM 6MT',2,139.90,0.00,'ATIVO','2026-02-09 11:09:23.521','2026-02-09 11:09:30.957','DMT','UN',NULL,NULL,NULL,NULL,NULL,0,NULL),(153,5,'MDF','BERNECK NUDE VEL','15MM 2FC',7,325.00,0.00,'ATIVO','2026-02-09 11:13:27.355','2026-02-09 11:22:24.499',NULL,'CHAPA',NULL,NULL,NULL,NULL,NULL,0,NULL),(154,5,'FITA BORDA','BERNECK NUDE VEL','65MM X 20M',3,100.00,0.00,'ATIVO','2026-02-09 11:14:33.218','2026-02-09 11:22:24.506','PVC','ROLO',NULL,NULL,NULL,NULL,NULL,0,NULL),(155,5,'HAFELE',NULL,'3.15 MOD D CZ',3,472.00,0.00,'ATIVO','2026-02-09 11:19:27.057','2026-02-09 11:21:40.501','ARTIC FREE FLAP','PAR',NULL,NULL,NULL,NULL,NULL,0,NULL),(156,5,'MDF','BRANCO','15MM 2FC',3,206.00,0.00,'ATIVO','2026-02-09 11:23:21.823','2026-02-09 11:25:21.350','ARAUCO TEXT','CHAPA',NULL,NULL,NULL,NULL,NULL,0,NULL),(157,5,'MDF','CINZA PURO','15MM 2FC',4,340.00,0.00,'ATIVO','2026-02-09 11:23:54.573','2026-02-09 11:25:21.356','ARAUCO','CHAPA',NULL,NULL,NULL,NULL,NULL,0,NULL),(158,5,'FITA BORDA','CINZA PURO','65MM 20M',1,99.99,0.00,'ATIVO','2026-02-09 11:24:37.192','2026-02-09 11:25:21.363','ARAUCO REHAU','ROLO',NULL,NULL,NULL,NULL,NULL,0,NULL),(159,5,'MDF','BRANCO','6MM 2M',2,184.99,0.00,'ATIVO','2026-02-09 11:25:14.157','2026-02-09 11:25:21.369','DURATEX/FIBRA','CHAPA',NULL,NULL,NULL,NULL,NULL,0,NULL),(160,5,'ADESIVO','FREIJO PURO','12MM',1,5.99,0.00,'ATIVO','2026-02-09 11:26:00.374','2026-02-09 11:27:04.828','DURATEX','UN',NULL,NULL,NULL,NULL,NULL,0,NULL),(161,5,'ADESIVO','ITAPUA','12MM',3,5.99,0.00,'ATIVO','2026-02-09 11:26:25.991','2026-02-09 11:27:04.834','DURATEX','UN',NULL,NULL,NULL,NULL,NULL,0,NULL),(162,5,'ADESIVO','CUMARU','12MM',1,5.99,0.00,'ATIVO','2026-02-09 11:27:00.280','2026-02-09 11:27:04.840','ARAUCO','UN',NULL,NULL,NULL,NULL,NULL,0,NULL),(163,5,'FITA BORDA','FRAPE MATT','35MM 20M',1,62.00,0.00,'ATIVO','2026-02-09 11:27:58.779','2026-02-09 11:28:03.503','ARAUCO REHAU','ROLO',NULL,NULL,NULL,NULL,NULL,0,NULL),(164,1,'SUPORTE AEREO','REFORCADO',NULL,20,1.00,0.00,'ATIVO','2026-02-09 11:29:30.906','2026-02-09 11:29:38.611',NULL,'PC',NULL,NULL,NULL,NULL,NULL,0,NULL),(165,4,'PUXADOR IL','DOURADO','950 160',23,22.00,0.00,'ATIVO','2026-02-09 11:31:29.922','2026-02-09 11:33:07.963',NULL,'PC',NULL,NULL,NULL,NULL,NULL,0,NULL),(166,4,'PUXADOR','PRETO FOSCO','115 096',4,16.50,0.00,'ATIVO','2026-02-09 11:31:56.463','2026-02-09 11:33:07.954','CONCHA','PC',NULL,NULL,NULL,NULL,NULL,0,NULL),(167,4,'PUXADOR','CONCHA','115 096',6,22.00,0.00,'ATIVO','2026-02-09 11:33:56.353','2026-02-09 11:34:02.718','DOURADO','UN',NULL,NULL,NULL,NULL,NULL,0,NULL),(168,4,'PUXADOR IL','DOURADO','950 224',10,29.90,0.00,'ATIVO','2026-02-09 11:34:41.597','2026-02-09 11:35:10.571',NULL,'UN',NULL,NULL,NULL,NULL,NULL,0,NULL),(169,4,'PUXADOR IL','DOURADO','950 128',19,17.50,0.00,'ATIVO','2026-02-09 11:35:01.588','2026-02-09 11:35:10.577',NULL,'UN',NULL,NULL,NULL,NULL,NULL,0,NULL),(170,7,'MDF','NUDE VEL','15MM',7,425.67,0.00,'ATIVO','2026-02-09 11:36:06.048','2026-02-09 12:39:24.809',NULL,'CHAPA',NULL,NULL,NULL,NULL,NULL,0,NULL),(171,7,'MDF','LOURO FREIJO PORO','15MM',6,450.00,0.00,'ATIVO','2026-02-09 11:36:36.366','2026-02-09 11:41:50.818',NULL,'CHAPA',NULL,NULL,NULL,NULL,NULL,0,NULL),(172,7,'MDF','BRANCO','15MM',34,242.10,0.00,'ATIVO','2026-02-09 11:37:15.454','2026-02-09 17:21:49.407','TX ARAUCO','CHAPA',NULL,NULL,NULL,NULL,NULL,0,NULL),(173,7,'MDF','BRANCO','3MM 1FC',16,137.89,0.00,'ATIVO','2026-02-09 11:39:00.913','2026-02-09 17:21:49.439','BIANCO','CHAPA',NULL,NULL,NULL,NULL,NULL,0,NULL),(174,7,'FITA BORDA','NUDE VEL','64MM 20MTS',3,112.06,0.00,'ATIVO','2026-02-09 11:39:36.736','2026-02-09 12:39:24.825',NULL,'ROLO',NULL,NULL,NULL,NULL,NULL,0,NULL),(175,7,'FITA BORDA','LOURO FREIJO PORO','64MM 20MTS',2,134.29,0.00,'ATIVO','2026-02-09 11:40:07.837','2026-02-09 11:41:50.842',NULL,'ROLO',NULL,NULL,NULL,NULL,NULL,0,NULL),(176,7,'FITA BORDA','BRANCO','22MM 300MTS',4,169.00,0.00,'ATIVO','2026-02-09 11:41:10.573','2026-02-09 13:26:59.616','TX ALLPARTS','ROLO',NULL,NULL,NULL,NULL,NULL,0,NULL),(177,7,'ESTILETE','EMBORRACHADO','18MM',5,15.20,0.00,'ATIVO','2026-02-09 11:41:40.192','2026-02-09 11:41:50.854','VONDER','UN',NULL,NULL,NULL,NULL,NULL,0,NULL),(178,7,'MDF','BRANCO','15MM',37,242.10,0.00,'ATIVO','2026-02-09 11:43:28.913','2026-02-09 17:14:09.331','EUCATEX','CHAPA',NULL,NULL,NULL,NULL,NULL,0,NULL),(179,7,'MDF','CARVALHO NATURAL','15MM',11,464.67,0.00,'ATIVO','2026-02-09 11:44:06.551','2026-02-09 13:07:20.969',NULL,'CHAPA',NULL,NULL,NULL,NULL,NULL,0,NULL),(180,7,'MDF','CINZA URBAN','15MM',4,486.67,0.00,'ATIVO','2026-02-09 11:44:51.689','2026-02-09 13:07:20.990',NULL,'CHAPA',NULL,NULL,NULL,NULL,NULL,0,NULL),(181,7,'MDF','CINZA SAGRADO ESSENCIAL','15MM',3,492.44,0.00,'ATIVO','2026-02-09 11:45:23.130','2026-02-09 16:27:30.168',NULL,'CHAPA',NULL,NULL,NULL,NULL,NULL,0,NULL),(182,7,'FITA BORDA','CINZA SAGRADO','64MM 20MTS',4,98.39,0.00,'ATIVO','2026-02-09 11:46:54.582','2026-02-09 13:40:22.269',NULL,'ROLO',NULL,NULL,NULL,NULL,NULL,0,NULL),(183,1,'DISPOSITIVO','ANTI REBOTE','1 PORTA',1,6.90,0.00,'ATIVO','2026-02-09 12:29:19.971','2026-02-09 12:29:24.226',NULL,'PAR',NULL,NULL,NULL,NULL,NULL,0,NULL),(184,7,'FITA BORDA','CARVALHO NATURAL','64MM 20MTS',6,148.31,0.00,'ATIVO','2026-02-09 12:36:09.260','2026-02-09 13:07:21.020',NULL,'ROLO',NULL,NULL,NULL,NULL,NULL,0,NULL),(185,7,'MDF','CINZA CRISTAL CHESS','15MM',12,409.44,0.00,'ATIVO','2026-02-09 12:37:44.379','2026-02-09 13:07:20.976',NULL,'CHAPA',NULL,NULL,NULL,NULL,NULL,0,NULL),(186,7,'FITA BORDA','CINZA CRISTAL CHESS / AURORA TRAMA','64MM 20MTS',2,105.85,0.00,'ATIVO','2026-02-09 12:38:29.416','2026-02-09 12:39:24.845',NULL,'ROLO',NULL,NULL,NULL,NULL,NULL,0,NULL),(187,7,'PISTAO','GAS INVERSO','TN 60',6,12.00,0.00,'ATIVO','2026-02-09 12:45:56.595','2026-02-09 12:46:04.198',NULL,'UN',NULL,NULL,NULL,NULL,NULL,0,NULL),(188,7,'FITA BORDA','CINZA CRISTAL CHESS','64MM 20MTS',6,76.43,0.00,'ATIVO','2026-02-09 12:48:15.950','2026-02-09 12:48:22.816',NULL,'ROLO',NULL,NULL,NULL,NULL,NULL,0,NULL),(189,7,'MDF','BRANCO','6MM',10,205.30,0.00,'ATIVO','2026-02-09 12:53:49.925','2026-02-09 17:21:49.414','TX ARAUCO','CHAPA',NULL,NULL,NULL,NULL,NULL,0,NULL),(190,7,'MDF','CARVALHO NATURAL','6MM',1,327.89,0.00,'ATIVO','2026-02-09 12:56:06.590','2026-02-09 13:07:20.997',NULL,'CHAPA',NULL,NULL,NULL,NULL,NULL,0,NULL),(191,7,'FITA BORDA','CINZA CRISTAL / CALCARIO','64MM 20MTS',1,69.15,0.00,'ATIVO','2026-02-09 12:57:21.426','2026-02-09 13:07:21.006','TX','ROLO',NULL,NULL,NULL,NULL,NULL,0,NULL),(192,7,'FITA BORDA','CINZA URBAN','64MM 20MTS',2,159.52,0.00,'ATIVO','2026-02-09 12:58:36.641','2026-02-09 13:07:21.013',NULL,'ROLO',NULL,NULL,NULL,NULL,NULL,0,NULL),(193,7,'TUPIA LAMINADOS','550W','127V ST55-BR',2,409.00,0.00,'ATIVO','2026-02-09 13:02:37.902','2026-02-09 13:07:21.033',NULL,'UN',NULL,NULL,NULL,NULL,NULL,0,NULL),(194,7,'MDF','CINZA CRISTAL CHESS','18MM',3,491.33,0.00,'ATIVO','2026-02-09 13:04:12.441','2026-02-09 13:07:20.983',NULL,'CHAPA',NULL,NULL,NULL,NULL,NULL,0,NULL),(195,7,'CORREDICA INVISIVEL',NULL,'350MM 35KG',6,87.64,0.00,'ATIVO','2026-02-09 13:05:39.431','2026-02-09 13:40:22.275','SLOW ET FGT','UN',NULL,NULL,NULL,NULL,NULL,0,NULL),(196,7,'MDF','BEIGE MATT','06MM',7,284.72,0.00,'ATIVO','2026-02-09 13:21:57.672','2026-02-09 15:48:39.252',NULL,'CHAPA',NULL,NULL,NULL,NULL,NULL,0,NULL),(197,7,'MDF','BEIGE MATT','15MM',29,420.19,0.00,'ATIVO','2026-02-09 13:22:30.094','2026-02-09 15:48:39.258',NULL,'CHAPA',NULL,NULL,NULL,NULL,NULL,0,NULL),(198,7,'FITA BORDA','BEIGE MATT','64MM 20MTS',16,96.50,0.00,'ATIVO','2026-02-09 13:24:29.684','2026-02-09 17:55:18.860',NULL,'ROLO',NULL,NULL,NULL,NULL,NULL,0,NULL),(199,7,'PARAFUSO',NULL,'40X16',1,68.82,0.00,'ATIVO','2026-02-09 13:25:44.267','2026-02-09 13:26:59.595','GSPRIME','UN',NULL,NULL,NULL,NULL,NULL,0,NULL),(200,7,'PARAFUSO',NULL,'40X25',1,83.98,0.00,'ATIVO','2026-02-09 13:26:09.044','2026-02-09 13:26:59.603','GSPRIME','UN',NULL,NULL,NULL,NULL,NULL,0,NULL),(201,7,'PARAFUSO',NULL,'40X40',1,56.00,0.00,'ATIVO','2026-02-09 13:26:32.717','2026-02-09 13:26:59.610','GSPRIME','UN',NULL,NULL,NULL,NULL,NULL,0,NULL),(202,7,'FITA BORDA','LINHO COURO','64MM 20MTS',2,122.51,0.00,'ATIVO','2026-02-09 13:28:40.939','2026-02-09 13:40:22.261',NULL,'ROLO',NULL,NULL,NULL,NULL,NULL,0,NULL),(203,7,'TAPA FURO','BEIGE MATT','C/ 50',2,6.50,0.00,'ATIVO','2026-02-09 13:35:43.643','2026-02-09 15:48:39.305',NULL,'UN',NULL,NULL,NULL,NULL,NULL,0,NULL),(204,7,'TAPA FURO','LINHO','C/50',1,6.50,0.00,'ATIVO','2026-02-09 13:36:15.939','2026-02-09 13:37:05.583',NULL,'UN',NULL,NULL,NULL,NULL,NULL,0,NULL),(205,7,'TAPA FURO','CINZA SAGRADO','C/50',1,6.50,0.00,'ATIVO','2026-02-09 13:36:38.954','2026-02-09 13:37:05.590',NULL,'UN',NULL,NULL,NULL,NULL,NULL,0,NULL),(206,7,'TAPA FURO','CARVALHO','C/40',1,6.50,0.00,'ATIVO','2026-02-09 13:36:59.059','2026-02-09 13:37:05.596',NULL,'UN',NULL,NULL,NULL,NULL,NULL,0,NULL),(207,7,'FITA BORDA','BEIGE MATT','35MM 20MTS',1,54.59,0.00,'ATIVO','2026-02-09 13:38:06.974','2026-02-09 13:38:11.386',NULL,'ROLO',NULL,NULL,NULL,NULL,NULL,0,NULL),(208,7,'MDF','LINHO COURO','2FC 15MM',4,500.00,0.00,'ATIVO','2026-02-09 13:39:23.573','2026-02-09 13:59:05.682',NULL,'CHAPA',NULL,NULL,NULL,NULL,NULL,0,NULL),(209,7,'MDF','CARVALHO PORO','15MM',4,441.74,0.00,'ATIVO','2026-02-09 15:30:32.141','2026-02-09 15:48:39.234',NULL,'CHAPA',NULL,NULL,NULL,NULL,NULL,0,NULL),(210,7,'MDF','CARVALHO / BRANCO','06MM',2,305.00,0.00,'ATIVO','2026-02-09 15:40:28.817','2026-02-09 15:48:39.245',NULL,'CHAPA',NULL,NULL,NULL,NULL,NULL,0,NULL),(211,7,'MDF','BRANCO ARTICO','15MM',14,242.10,0.00,'ATIVO','2026-02-09 15:41:42.821','2026-02-09 17:03:56.969','TX DURATEX','CHAPA',NULL,NULL,NULL,NULL,NULL,0,NULL),(212,7,'MDF','BRANCO ARTICO','6MM',4,205.30,0.00,'ATIVO','2026-02-09 15:42:15.425','2026-02-09 15:48:39.272','TX DURATEX','CHAPA',NULL,NULL,NULL,NULL,NULL,0,NULL),(213,7,'FITA BORDA','BRANCO','22MM 300MTS',2,211.81,0.00,'ATIVO','2026-02-09 15:45:56.794','2026-02-09 17:06:14.266',NULL,'ROLO',NULL,NULL,NULL,NULL,NULL,0,NULL),(214,7,'FITA BORDA','CARVALHO PORO','64MM 20MTS',2,138.71,0.00,'ATIVO','2026-02-09 15:48:07.339','2026-02-09 15:48:39.290',NULL,'ROLO',NULL,NULL,NULL,NULL,NULL,0,NULL),(215,7,'MDF','CAPPUCINO','15MM',6,488.86,0.00,'ATIVO','2026-02-09 16:08:06.705','2026-02-09 17:21:49.419',NULL,'CHAPA',NULL,NULL,NULL,NULL,NULL,0,NULL),(216,7,'MDF','FRAPE MATT','15MM',4,438.34,0.00,'ATIVO','2026-02-09 16:08:42.020','2026-02-09 16:11:45.519',NULL,'CHAPA',NULL,NULL,NULL,NULL,NULL,0,NULL),(217,7,'MDF','FRAPE MATT/BRANCO','6MM',2,297.49,0.00,'ATIVO','2026-02-09 16:09:10.714','2026-02-09 16:11:45.525',NULL,'CHAPA',NULL,NULL,NULL,NULL,NULL,0,NULL),(218,7,'FITA BORDA','CAPUCCINO','22MM 20MTS',1,37.65,0.00,'ATIVO','2026-02-09 16:09:45.389','2026-02-09 16:11:45.532',NULL,'ROLO',NULL,NULL,NULL,NULL,NULL,0,NULL),(219,7,'FITA BORDA','FRAPE MATT','64MM 20MTS',4,105.00,0.00,'ATIVO','2026-02-09 16:10:10.286','2026-02-09 16:11:45.538',NULL,'ROLO',NULL,NULL,NULL,NULL,NULL,0,NULL),(220,7,'CORREDICA INVISIVEL',NULL,'400MM',3,83.53,0.00,'ATIVO','2026-02-09 16:10:55.172','2026-02-09 16:11:45.544','SLOW ET GSPRIME','UN',NULL,NULL,NULL,NULL,NULL,0,NULL),(221,7,'CORREDICA INVISIVEL',NULL,'450MM',31,87.64,0.00,'ATIVO','2026-02-09 16:11:36.001','2026-02-09 17:21:49.433','SLOW ET FGV','UN',NULL,NULL,NULL,NULL,NULL,0,NULL),(222,7,'MDF','THASSOS ULTRA ESSES','18MM',0,634.05,0.00,'ATIVO','2026-02-09 16:21:59.139','2026-02-09 16:21:59.139',NULL,'CHAPA',NULL,NULL,NULL,NULL,NULL,0,NULL),(223,7,'MDF','GIANDUIA TRAMA','15MM',2,374.17,0.00,'ATIVO','2026-02-09 16:26:39.783','2026-02-09 17:05:35.183',NULL,'CHAPA',NULL,NULL,NULL,NULL,NULL,0,NULL),(224,7,'FITA BORDA','FREIJO PURO','22MM 20MTS',1,49.13,0.00,'ATIVO','2026-02-09 16:28:56.827','2026-02-09 16:31:37.493',NULL,'CHAPA',NULL,NULL,NULL,NULL,NULL,0,NULL),(225,7,'MDF','AREIA','15MM',6,488.86,0.00,'ATIVO','2026-02-09 17:00:38.555','2026-02-09 17:14:09.304',NULL,'CHAPA',NULL,NULL,NULL,NULL,NULL,0,NULL),(226,7,'MDF','ITAPUA ESSENCIAL','6MM',5,350.00,0.00,'ATIVO','2026-02-09 17:01:55.409','2026-02-09 17:21:49.394',NULL,'CHAPA',NULL,NULL,NULL,NULL,NULL,0,NULL),(227,7,'MDF','ITAPUA ESSENCIAL','15MM',9,492.44,0.00,'ATIVO','2026-02-09 17:02:27.916','2026-02-09 17:21:49.401',NULL,'CHAPA',NULL,NULL,NULL,NULL,NULL,0,NULL),(228,7,'CORREDICA INVISIVEL',NULL,'300MM 35KG',2,72.00,0.00,'ATIVO','2026-02-09 17:03:12.072','2026-02-09 17:03:56.955','SLOW ET FGV','UN',NULL,NULL,NULL,NULL,NULL,0,NULL),(229,7,'MDF','GIANDUIA TRAMA','6MM',1,267.55,0.00,'ATIVO','2026-02-09 17:05:26.110','2026-02-09 17:05:35.191',NULL,'CHAPA',NULL,NULL,NULL,NULL,NULL,0,NULL),(230,7,'FITA BORDA','AREIA','64MM 20MTS',4,100.59,0.00,'ATIVO','2026-02-09 17:07:52.787','2026-02-09 17:14:09.337',NULL,'ROLO',NULL,NULL,NULL,NULL,NULL,0,NULL),(231,7,'FITA BORDA','FRAPE MATT','22MM 20MTS',1,34.30,0.00,'ATIVO','2026-02-09 17:08:57.423','2026-02-09 17:09:10.290',NULL,'ROLO',NULL,NULL,NULL,NULL,NULL,0,NULL),(232,7,'MDF','AREIA / BRANCO','6MM',6,344.12,0.00,'ATIVO','2026-02-09 17:11:58.682','2026-02-09 17:14:09.312',NULL,'CHAPA',NULL,NULL,NULL,NULL,NULL,0,NULL),(233,7,'FITA BORDA','CAPUCCINO','64MM 20MTS',2,103.72,0.00,'ATIVO','2026-02-09 17:21:01.673','2026-02-09 17:21:49.426',NULL,'ROLO',NULL,NULL,NULL,NULL,NULL,0,NULL),(234,7,'MDF','GRAFITE CHESS','15MM',1,417.46,0.00,'ATIVO','2026-02-09 17:25:04.199','2026-02-09 17:25:08.568',NULL,'CHAPA',NULL,NULL,NULL,NULL,NULL,0,NULL),(235,7,'FITA BORDA','GRAFITO CHESS / VERSATO','22MM 20MTS',2,47.65,0.00,'ATIVO','2026-02-09 17:26:02.937','2026-02-09 17:26:19.970',NULL,'ROLO',NULL,NULL,NULL,NULL,NULL,0,NULL),(236,8,'MDF','FREIJO PURO ESSECIAL','15MM',1,470.44,0.00,'ATIVO','2026-02-09 17:35:07.908','2026-02-09 17:39:09.066',NULL,'CHAPA',NULL,NULL,NULL,NULL,NULL,0,NULL),(237,8,'MDF','SALVIA','15MM 2F',1,438.36,0.00,'ATIVO','2026-02-09 17:35:26.416','2026-02-09 17:39:09.074',NULL,'CHAPA',NULL,NULL,NULL,NULL,NULL,0,NULL),(238,8,'MDF','SALVIA','6MM',2,303.78,0.00,'ATIVO','2026-02-09 17:35:48.975','2026-02-09 17:39:09.080','ARAUCO','CHAPA',NULL,NULL,NULL,NULL,NULL,0,NULL),(239,8,'MDF','LINHO COURO','15MM',1,420.25,0.00,'ATIVO','2026-02-09 17:36:17.879','2026-02-09 17:39:09.087','ARAUCO','CHAPA',NULL,NULL,NULL,NULL,NULL,0,NULL),(240,8,'FITA BORDA','SALVIA','64MM',1,98.50,0.00,'ATIVO','2026-02-09 17:36:52.779','2026-02-09 17:39:09.094','REHAU','ROLO',NULL,NULL,NULL,NULL,NULL,0,NULL),(241,8,'FITA BORDA','FREIJO PURO','64MM',1,98.50,0.00,'ATIVO','2026-02-09 17:37:23.365','2026-02-09 17:39:09.100','REHAU','ROLO',NULL,NULL,NULL,NULL,NULL,0,NULL),(242,8,'TAPA FURO','AURORA',NULL,3,3.50,0.00,'ATIVO','2026-02-09 17:37:48.053','2026-02-09 17:39:09.108','REHAU','UN',NULL,NULL,NULL,NULL,NULL,0,NULL),(243,8,'TAPA FURO','FREIJO PURO',NULL,1,3.00,0.00,'ATIVO','2026-02-09 17:38:15.751','2026-02-09 17:39:09.115','REHAU','UN',NULL,NULL,NULL,NULL,NULL,0,NULL),(244,8,'PISTAO GAS','INVERSO','N80',10,4.90,0.00,'ATIVO','2026-02-09 17:39:00.579','2026-02-09 17:39:09.121','IMPORTADO','UN',NULL,NULL,NULL,NULL,NULL,0,NULL),(245,8,'TAPA FURO','GR AREIA',NULL,3,3.50,0.00,'ATIVO','2026-02-09 17:41:23.431','2026-02-09 18:33:23.731','REHAU','UN',NULL,NULL,NULL,NULL,NULL,0,NULL),(246,8,'KIT DE AMORTECEDOR','JOELINI','C/ GUIA',14,63.50,0.00,'ATIVO','2026-02-09 17:46:34.218','2026-02-09 17:46:41.567','FOLGA ZERO','UN',NULL,NULL,NULL,NULL,NULL,0,NULL),(247,7,'MDF','CARVALHO HANOVER','15MM',5,526.69,0.00,'ATIVO','2026-02-09 17:47:54.939','2026-02-09 17:55:18.866','DURATEX','CHAPA',NULL,NULL,NULL,NULL,NULL,0,NULL),(248,7,'FITA BORDA','CARVALHO HANOVER','64MM',1,98.50,0.00,'ATIVO','2026-02-09 17:48:29.349','2026-02-09 17:55:18.874','REHAU','ROLO',NULL,NULL,NULL,NULL,NULL,0,NULL),(249,7,'TRILHO INFERIOR','INOX LARGO','6MTS 18MM',1,110.00,0.00,'ATIVO','2026-02-09 17:48:58.334','2026-02-09 17:55:18.879','ALTERNATIVA','UN',NULL,NULL,NULL,NULL,NULL,0,NULL),(250,7,'FITA BORDA','CARVALHO','64MM',1,98.50,0.00,'ATIVO','2026-02-09 17:54:45.353','2026-02-09 17:55:28.183','REHAU','ROLO',NULL,NULL,NULL,NULL,NULL,0,NULL),(251,8,'MDF','BRANCO','15MM',8,249.75,0.00,'ATIVO','2026-02-09 17:57:10.431','2026-02-09 18:32:39.515','GREENPLAC','CHAPA',NULL,NULL,NULL,NULL,NULL,0,NULL),(252,8,'MDF','BRANCO','6MM',3,203.62,0.00,'ATIVO','2026-02-09 17:57:31.595','2026-02-09 17:57:43.385','GREENPLAC','CHAPA',NULL,NULL,NULL,NULL,NULL,0,NULL),(253,8,'MDF','BRANCO','3MM',2,147.37,0.00,'ATIVO','2026-02-09 18:00:11.728','2026-02-09 18:32:39.520','EUCATEX','CHAPA',NULL,NULL,NULL,NULL,NULL,0,NULL),(254,8,'MDF','GRAFITO CHESS','15MM',2,430.99,0.00,'ATIVO','2026-02-09 18:00:39.074','2026-02-09 18:04:07.330','ARAUCO','CHAPA',NULL,NULL,NULL,NULL,NULL,0,NULL),(255,8,'FITA BORDA','GRAFITO','64MM',1,102.50,0.00,'ATIVO','2026-02-09 18:01:17.524','2026-02-09 18:04:07.335','REHAU','ROLO',NULL,NULL,NULL,NULL,NULL,0,NULL),(256,8,'FITA BORDA','GRAFITO','22MM',1,35.00,0.00,'ATIVO','2026-02-09 18:01:43.863','2026-02-09 18:04:07.340','REHAU','ROLO',NULL,NULL,NULL,NULL,NULL,0,NULL),(257,8,'CORREDICA','OCULTA SLOW','450MM',4,70.00,0.00,'ATIVO','2026-02-09 18:02:30.852','2026-02-09 18:04:07.348','FGV','PAR',NULL,NULL,NULL,NULL,NULL,0,NULL),(258,8,'FITA BORDA','CARVALHO','35MM',1,55.00,0.00,'ATIVO','2026-02-09 18:03:02.303','2026-02-09 18:04:07.353','REHAU','ROLO',NULL,NULL,NULL,NULL,NULL,0,NULL),(259,8,'MDF','BRANCO','15MM',5,249.75,0.00,'ATIVO','2026-02-09 18:03:24.868','2026-02-09 18:04:07.357','ARAUCO','CHAPA',NULL,NULL,NULL,NULL,NULL,0,NULL),(260,8,'MDF','CARVALHO','15MM',1,434.34,0.00,'ATIVO','2026-02-09 18:05:19.105','2026-02-09 18:05:24.186','ARAUCO','CHAPA',NULL,NULL,NULL,NULL,NULL,0,NULL),(261,8,'MDF','GIANDUIA TRAMA','15MM',3,367.90,0.00,'ATIVO','2026-02-09 18:32:31.555','2026-02-09 18:32:39.525','DURATEX','CHAPA',NULL,NULL,NULL,NULL,NULL,0,NULL),(262,8,'MDF','GRANILE','15MM',11,336.69,0.00,'ATIVO','2026-02-09 18:34:33.535','2026-02-09 18:38:19.826','GREENPLAC','CHAPA',NULL,NULL,NULL,NULL,NULL,0,NULL),(263,8,'FITA BORDA','GRANILE / CASTANHA DE CAJU','64MM',3,88.50,0.00,'ATIVO','2026-02-09 18:35:23.563','2026-02-09 18:38:19.841','REHAU','ROLO',NULL,NULL,NULL,NULL,NULL,0,NULL),(264,8,'MDF','FRAPE MATT','15MM',4,415.99,0.00,'ATIVO','2026-02-09 18:37:25.724','2026-02-09 18:38:19.831','ARAUCO','CHAPA',NULL,NULL,NULL,NULL,NULL,0,NULL),(265,8,'FITA BORDA','FRAPE MATT','64MM',2,88.50,0.00,'ATIVO','2026-02-09 18:38:01.338','2026-02-09 18:38:19.836','REHAU','ROLO',NULL,NULL,NULL,NULL,NULL,0,NULL);
/*!40000 ALTER TABLE `produtos` ENABLE KEYS */;
UNLOCK TABLES;

--
-- Table structure for table `projetos`
--

DROP TABLE IF EXISTS `projetos`;
/*!40101 SET @saved_cs_client     = @@character_set_client */;
/*!40101 SET character_set_client = utf8mb4 */;
CREATE TABLE `projetos` (
  `id` int(11) NOT NULL AUTO_INCREMENT,
  `codigo` varchar(60) NOT NULL,
  `cliente_id` int(11) NOT NULL,
  `orcamento_id` int(11) DEFAULT NULL,
  `venda_id` int(11) DEFAULT NULL,
  `status_atual` varchar(191) NOT NULL DEFAULT 'CLIENTE_CADASTRADO',
  `criado_em` datetime(3) NOT NULL DEFAULT current_timestamp(3),
  `atualizado_em` datetime(3) NOT NULL,
  PRIMARY KEY (`id`),
  UNIQUE KEY `projetos_codigo_key` (`codigo`),
  UNIQUE KEY `projetos_orcamento_id_key` (`orcamento_id`),
  UNIQUE KEY `projetos_venda_id_key` (`venda_id`),
  KEY `projetos_cliente_id_idx` (`cliente_id`),
  KEY `projetos_status_atual_idx` (`status_atual`),
  CONSTRAINT `projetos_cliente_id_fkey` FOREIGN KEY (`cliente_id`) REFERENCES `clientes` (`id`) ON UPDATE CASCADE,
  CONSTRAINT `projetos_orcamento_id_fkey` FOREIGN KEY (`orcamento_id`) REFERENCES `orcamentos` (`id`) ON DELETE SET NULL ON UPDATE CASCADE,
  CONSTRAINT `projetos_venda_id_fkey` FOREIGN KEY (`venda_id`) REFERENCES `vendas` (`id`) ON DELETE SET NULL ON UPDATE CASCADE
) ENGINE=InnoDB DEFAULT CHARSET=utf8mb4 COLLATE=utf8mb4_unicode_ci;
/*!40101 SET character_set_client = @saved_cs_client */;

--
-- Dumping data for table `projetos`
--

LOCK TABLES `projetos` WRITE;
/*!40000 ALTER TABLE `projetos` DISABLE KEYS */;
/*!40000 ALTER TABLE `projetos` ENABLE KEYS */;
UNLOCK TABLES;

--
-- Table structure for table `recuperacao_senha`
--

DROP TABLE IF EXISTS `recuperacao_senha`;
/*!40101 SET @saved_cs_client     = @@character_set_client */;
/*!40101 SET character_set_client = utf8mb4 */;
CREATE TABLE `recuperacao_senha` (
  `id` int(11) NOT NULL AUTO_INCREMENT,
  `usuario_id` int(11) NOT NULL,
  `email` varchar(191) NOT NULL,
  `senha_antiga` varchar(191) DEFAULT NULL,
  `senha_nova` varchar(191) DEFAULT NULL,
  `token` varchar(191) DEFAULT NULL,
  `utilizado` tinyint(1) NOT NULL DEFAULT 0,
  `criado_em` datetime(3) NOT NULL DEFAULT current_timestamp(3),
  PRIMARY KEY (`id`),
  KEY `recuperacao_senha_usuario_id_idx` (`usuario_id`),
  CONSTRAINT `recuperacao_senha_usuario_id_fkey` FOREIGN KEY (`usuario_id`) REFERENCES `usuarios` (`id`) ON DELETE CASCADE ON UPDATE CASCADE
) ENGINE=InnoDB AUTO_INCREMENT=39 DEFAULT CHARSET=utf8mb4 COLLATE=utf8mb4_unicode_ci;
/*!40101 SET character_set_client = @saved_cs_client */;

--
-- Dumping data for table `recuperacao_senha`
--

LOCK TABLES `recuperacao_senha` WRITE;
/*!40000 ALTER TABLE `recuperacao_senha` DISABLE KEYS */;
INSERT INTO `recuperacao_senha` VALUES (12,23,'julyanaduarte31@gmail.com','$2b$10$IjBvMHiDclsyXwNGgyzFDeqQIGcGayj6EkENSerQBMisdG51W8cSm','$2b$10$IjBvMHiDclsyXwNGgyzFDeqQIGcGayj6EkENSerQBMisdG51W8cSm',NULL,1,'2026-02-13 20:44:33.390'),(13,23,'julyanaduarte31@gmail.com','$2b$10$IjBvMHiDclsyXwNGgyzFDeqQIGcGayj6EkENSerQBMisdG51W8cSm','$2b$10$CUjGX40oS15wytcyy04jIO11weKduijIdnpxJJpifX.5r1QeRYbR.',NULL,1,'2026-02-19 15:11:37.660'),(14,23,'julyanaduarte31@gmail.com','$2b$10$CUjGX40oS15wytcyy04jIO11weKduijIdnpxJJpifX.5r1QeRYbR.','$2b$10$zOTEyFaDnqcNAMTv0k0.IOkwGhXjqEWJJiRtOUmDtAq7nrY6PBLJi',NULL,1,'2026-02-19 15:11:41.095'),(15,23,'julyanaduarte31@gmail.com','$2b$10$zOTEyFaDnqcNAMTv0k0.IOkwGhXjqEWJJiRtOUmDtAq7nrY6PBLJi','$2b$10$dDMrcBWDESPlq/a7kJeEXee4l25y3sr7JP0wzPlSvSaZu7FMIlY5m',NULL,1,'2026-02-19 15:11:42.154'),(16,23,'julyanaduarte31@gmail.com','$2b$10$dDMrcBWDESPlq/a7kJeEXee4l25y3sr7JP0wzPlSvSaZu7FMIlY5m','$2b$10$/cN7LaQYSEwTm94RVkLJzuY5jxXYu.OL7r4IVSXeI18JnHsVHDt.2',NULL,1,'2026-02-19 15:11:42.254'),(17,23,'julyanaduarte31@gmail.com','$2b$10$/cN7LaQYSEwTm94RVkLJzuY5jxXYu.OL7r4IVSXeI18JnHsVHDt.2','$2b$10$hguW7P7LUw4PkuJ1jbpuU.xE9YpcAsl0EP85UH3LVvIjZTrkj1gby',NULL,1,'2026-02-19 15:11:43.552'),(18,23,'julyanaduarte31@gmail.com','$2b$10$/cN7LaQYSEwTm94RVkLJzuY5jxXYu.OL7r4IVSXeI18JnHsVHDt.2','$2b$10$gxiYa5oKAzcMX27eQgWY1.uiTtew6HkxsEChkQyum.itRaa8YrjF6',NULL,1,'2026-02-19 15:11:43.645'),(19,23,'julyanaduarte31@gmail.com','$2b$10$gxiYa5oKAzcMX27eQgWY1.uiTtew6HkxsEChkQyum.itRaa8YrjF6','$2b$10$RNi1gJyox7msE5I2iFp3V.dGTtVo.NDUTe0VykHJmTypp4W/UMZV.',NULL,1,'2026-02-19 15:12:00.059'),(20,23,'julyanaduarte31@gmail.com','$2b$10$RNi1gJyox7msE5I2iFp3V.dGTtVo.NDUTe0VykHJmTypp4W/UMZV.','$2b$10$G1jzFW0K9BUUriRzkXXioefTnT87m1bgKbO0.K59ps05nvSfrg10y',NULL,1,'2026-02-19 15:12:02.374'),(21,23,'julyanaduarte31@gmail.com','$2b$10$G1jzFW0K9BUUriRzkXXioefTnT87m1bgKbO0.K59ps05nvSfrg10y','$2b$10$MPLjN2xhWEByv.2ybSvQSeRERersZSrLT.Bs3FL4UPKdOAShKl1bO',NULL,1,'2026-02-19 15:12:02.638'),(22,23,'julyanaduarte31@gmail.com','$2b$10$MPLjN2xhWEByv.2ybSvQSeRERersZSrLT.Bs3FL4UPKdOAShKl1bO','$2b$10$/79dplWhjAOVSDNgAUPOnO1979mLBosUIiX9/.lSGZfCh7cgL1Lne',NULL,1,'2026-02-19 15:14:29.542'),(23,23,'julyanaduarte31@gmail.com','$2b$10$/79dplWhjAOVSDNgAUPOnO1979mLBosUIiX9/.lSGZfCh7cgL1Lne','$2b$10$lnxTWJNm0EoE5CUFanZsSOuwDcjXPUOh0EX71Pk/N3oDHQRhsN/xm',NULL,1,'2026-02-19 15:14:30.236'),(24,23,'julyanaduarte31@gmail.com','$2b$10$lnxTWJNm0EoE5CUFanZsSOuwDcjXPUOh0EX71Pk/N3oDHQRhsN/xm','$2b$10$x/TGtAOU/.6l/Zs79V2es.VFDTm1HTvda6lQbrVhgh/.t/fCGzod2',NULL,1,'2026-02-19 15:14:30.827'),(25,23,'julyanaduarte31@gmail.com','$2b$10$x/TGtAOU/.6l/Zs79V2es.VFDTm1HTvda6lQbrVhgh/.t/fCGzod2','$2b$10$wn98kjlWJxB8OykFcw5LC.MhHo1..FKxyh2sbFUfZ5x69LT6c7opy',NULL,1,'2026-02-19 15:14:47.243'),(26,23,'julyanaduarte31@gmail.com','$2b$10$x/TGtAOU/.6l/Zs79V2es.VFDTm1HTvda6lQbrVhgh/.t/fCGzod2','$2b$10$PRju/gxrqIrc.gVi7TIlAufkb/n6SJu6uaOxC7zn7A6Phl48tLgMu',NULL,1,'2026-02-19 15:14:47.390'),(27,23,'julyanaduarte31@gmail.com','$2b$10$x/TGtAOU/.6l/Zs79V2es.VFDTm1HTvda6lQbrVhgh/.t/fCGzod2','$2b$10$IMYd9V4oLO32sRazjaIlTuKwPjf2Y5sDysmZJUCTUrrG2s1JelgSy',NULL,1,'2026-02-19 15:14:48.201'),(28,23,'julyanaduarte31@gmail.com','$2b$10$IMYd9V4oLO32sRazjaIlTuKwPjf2Y5sDysmZJUCTUrrG2s1JelgSy','$2b$10$/8H/cF1RVqZlF.wjgdhUo.N638I6wDms22OOhCrcOhX8IB.HfwYPW',NULL,1,'2026-02-19 15:14:48.776'),(29,23,'julyanaduarte31@gmail.com','$2b$10$/8H/cF1RVqZlF.wjgdhUo.N638I6wDms22OOhCrcOhX8IB.HfwYPW','$2b$10$Mrq0MrZUVVNySlxpEdz8ZudhHTdSjmNytLWYQPX126yNseYX.G5dC',NULL,1,'2026-02-19 16:48:47.125'),(30,23,'niiinha.2017@gmail.com','$2b$10$Mrq0MrZUVVNySlxpEdz8ZudhHTdSjmNytLWYQPX126yNseYX.G5dC','$2b$10$TBUUbn8I8RQzioukLzu8EukyRbqEPS4wJBW7WPMzTPuNiT.RSC.YG',NULL,1,'2026-02-19 16:50:01.239'),(31,24,'amandaperesmoveis@gmail.com','$2b$10$dximn9fclG/L3JGg5AhA0uhhEF70m/R79i8d65Q019Z1bE7Tb6i9i','$2b$10$dximn9fclG/L3JGg5AhA0uhhEF70m/R79i8d65Q019Z1bE7Tb6i9i',NULL,1,'2026-02-20 13:05:44.272'),(32,23,'niiinha.2017@gmail.com','$2b$10$TBUUbn8I8RQzioukLzu8EukyRbqEPS4wJBW7WPMzTPuNiT.RSC.YG','$2b$10$pti7.k8sRmXor5pjAYMnqOoW/JKFh0E.rIzUed8UxlNBJC0o90vQO',NULL,1,'2026-02-23 14:56:41.247'),(36,30,'selene.carmo01@hotmail.com','$2b$10$ymkWJiuz6btc53T3fxmf3.DukEpHFROn8vHIP2auhp1vd0zHsWaQa','$2b$10$ymkWJiuz6btc53T3fxmf3.DukEpHFROn8vHIP2auhp1vd0zHsWaQa',NULL,1,'2026-02-24 19:00:11.750'),(37,23,'niiinha.2017@gmail.com','$2b$10$FKj80J4H4WebshpmyAUJoOkDxYRf5KI1nkYEdGI5bgWBJVb1lwv.C','$2b$10$PhzCovWm/nvnlcJeBsL1uOvtOAmIAI8305m8PoLug0dQUfuM0vfDG',NULL,1,'2026-03-05 14:08:22.367'),(38,23,'niiinha.2017@gmail.com','$2b$10$SnrxV4E.H9JfuvhH/r/2yuIctmb8CFvE2gChh4H.xaJKHQ3E/BJgO','$2b$10$/o5Zw1JdLo64CUPa/MeBce59QebwtslvQa9JAxQmhYD/EuFFUsdQm',NULL,1,'2026-03-05 14:13:33.165');
/*!40000 ALTER TABLE `recuperacao_senha` ENABLE KEYS */;
UNLOCK TABLES;

--
-- Table structure for table `titulos_financeiros`
--

DROP TABLE IF EXISTS `titulos_financeiros`;
/*!40101 SET @saved_cs_client     = @@character_set_client */;
/*!40101 SET character_set_client = utf8mb4 */;
CREATE TABLE `titulos_financeiros` (
  `id` int(11) NOT NULL AUTO_INCREMENT,
  `despesa_id` int(11) DEFAULT NULL,
  `conta_pagar_id` int(11) DEFAULT NULL,
  `conta_receber_id` int(11) DEFAULT NULL,
  `tipo` varchar(191) NOT NULL,
  `valor` decimal(12,2) NOT NULL DEFAULT 0.00,
  `status` varchar(191) NOT NULL,
  `vencimento_em` datetime(3) NOT NULL,
  `pago_em` datetime(3) DEFAULT NULL,
  `parcelas_total` int(11) DEFAULT NULL,
  `parcela_numero` int(11) DEFAULT NULL,
  `meta` longtext CHARACTER SET utf8mb4 COLLATE utf8mb4_bin DEFAULT NULL CHECK (json_valid(`meta`)),
  `criado_em` datetime(3) NOT NULL DEFAULT current_timestamp(3),
  `atualizado_em` datetime(3) NOT NULL,
  PRIMARY KEY (`id`),
  KEY `titulos_financeiros_status_idx` (`status`),
  KEY `titulos_financeiros_vencimento_em_idx` (`vencimento_em`),
  KEY `titulos_financeiros_despesa_id_idx` (`despesa_id`),
  KEY `titulos_financeiros_conta_pagar_id_idx` (`conta_pagar_id`),
  KEY `titulos_financeiros_conta_receber_id_idx` (`conta_receber_id`),
  CONSTRAINT `titulos_financeiros_conta_pagar_id_fkey` FOREIGN KEY (`conta_pagar_id`) REFERENCES `contas_pagar` (`id`) ON DELETE SET NULL ON UPDATE CASCADE,
  CONSTRAINT `titulos_financeiros_conta_receber_id_fkey` FOREIGN KEY (`conta_receber_id`) REFERENCES `contas_receber` (`id`) ON DELETE SET NULL ON UPDATE CASCADE,
  CONSTRAINT `titulos_financeiros_despesa_id_fkey` FOREIGN KEY (`despesa_id`) REFERENCES `despesas` (`id`) ON DELETE SET NULL ON UPDATE CASCADE
) ENGINE=InnoDB AUTO_INCREMENT=37 DEFAULT CHARSET=utf8mb4 COLLATE=utf8mb4_unicode_ci;
/*!40101 SET character_set_client = @saved_cs_client */;

--
-- Dumping data for table `titulos_financeiros`
--

LOCK TABLES `titulos_financeiros` WRITE;
/*!40000 ALTER TABLE `titulos_financeiros` DISABLE KEYS */;
INSERT INTO `titulos_financeiros` VALUES (1,33,NULL,NULL,'CARTAO',16.90,'EM_ABERTO','2026-02-25 00:00:00.000',NULL,1,1,'{\"cartao_credito_key\":\"SANTANDER_FABRICA\"}','2026-02-03 23:05:58.280','2026-02-03 23:05:58.280'),(3,34,NULL,NULL,'CARTAO',122.50,'VENCIDO','2026-01-25 00:00:00.000',NULL,1,1,'{\"cartao_credito_key\":\"SANTANDER_FABRICA\"}','2026-02-03 23:07:12.377','2026-02-11 16:53:51.385'),(4,35,NULL,NULL,'CARTAO',313.65,'VENCIDO','2026-01-25 00:00:00.000',NULL,1,1,'{\"cartao_credito_key\":\"SANTANDER\"}','2026-02-03 23:16:17.031','2026-02-11 16:53:51.385'),(5,36,NULL,NULL,'CARTAO',93.60,'VENCIDO','2025-12-25 00:00:00.000',NULL,1,1,'{\"cartao_credito_key\":\"SANTANDER_FABRICA\"}','2026-02-03 23:16:57.646','2026-02-11 16:53:51.385'),(6,37,NULL,NULL,'CARTAO',93.60,'VENCIDO','2025-12-25 00:00:00.000',NULL,1,1,'{\"cartao_credito_key\":\"SANTANDER_FABRICA\"}','2026-02-03 23:17:35.944','2026-02-11 16:53:51.385'),(7,38,NULL,NULL,'CARTAO',139.56,'VENCIDO','2025-11-25 00:00:00.000',NULL,1,1,'{\"cartao_credito_key\":\"SANTANDER_FABRICA\"}','2026-02-03 23:18:26.268','2026-02-11 16:53:51.385'),(8,39,NULL,NULL,'CARTAO',18.99,'VENCIDO','2025-10-25 00:00:00.000',NULL,1,1,'{\"cartao_credito_key\":\"SANTANDER_FABRICA\"}','2026-02-03 23:21:19.889','2026-02-11 16:53:51.385'),(9,40,NULL,NULL,'CARTAO',7.98,'VENCIDO','2025-10-25 00:00:00.000',NULL,1,1,'{\"cartao_credito_key\":\"SANTANDER_FABRICA\"}','2026-02-03 23:22:21.208','2026-02-11 16:53:51.385'),(10,41,NULL,NULL,'CARTAO',70.77,'VENCIDO','2025-11-25 00:00:00.000',NULL,1,1,'{\"cartao_credito_key\":\"SANTANDER_FABRICA\"}','2026-02-03 23:22:56.949','2026-02-11 16:53:51.385'),(11,42,NULL,NULL,'CARTAO',69.78,'VENCIDO','2025-09-25 00:00:00.000',NULL,1,1,'{\"cartao_credito_key\":\"SANTANDER_FABRICA\"}','2026-02-03 23:23:37.869','2026-02-11 16:53:51.385'),(12,43,NULL,NULL,'CARTAO',55.80,'VENCIDO','2025-09-25 00:00:00.000',NULL,1,1,'{\"cartao_credito_key\":\"SANTANDER_FABRICA\"}','2026-02-03 23:24:15.787','2026-02-11 16:53:51.385'),(13,44,NULL,NULL,'CARTAO',65.78,'VENCIDO','2025-08-25 00:00:00.000',NULL,1,1,'{\"cartao_credito_key\":\"SANTANDER_FABRICA\"}','2026-02-03 23:25:06.946','2026-02-11 16:53:51.385'),(14,45,NULL,NULL,'CARTAO',89.70,'VENCIDO','2025-10-25 00:00:00.000',NULL,1,1,'{\"cartao_credito_key\":\"SANTANDER_FABRICA\"}','2026-02-03 23:25:50.445','2026-02-11 16:53:51.385'),(15,46,NULL,NULL,'CARTAO',20.00,'VENCIDO','2025-01-25 00:00:00.000',NULL,1,1,'{\"cartao_credito_key\":\"SANTANDER_FABRICA\"}','2026-02-03 23:28:51.545','2026-02-11 16:53:51.385'),(16,47,NULL,NULL,'CARTAO',20.00,'VENCIDO','2025-12-25 00:00:00.000',NULL,1,1,'{\"cartao_credito_key\":\"SANTANDER_FABRICA\"}','2026-02-03 23:31:44.500','2026-02-11 16:53:51.385'),(17,48,NULL,NULL,'CARTAO',150.00,'VENCIDO','2025-12-25 00:00:00.000',NULL,1,1,'{\"cartao_credito_key\":\"SANTANDER_FABRICA\"}','2026-02-03 23:32:22.967','2026-02-11 16:53:51.385'),(18,49,NULL,NULL,'CARTAO',200.00,'VENCIDO','2025-11-25 00:00:00.000',NULL,1,1,'{\"cartao_credito_key\":\"SANTANDER_FABRICA\"}','2026-02-03 23:32:55.054','2026-02-11 16:53:51.385'),(19,50,NULL,NULL,'CARTAO',160.00,'VENCIDO','2025-11-25 00:00:00.000',NULL,1,1,'{\"cartao_credito_key\":\"SANTANDER_FABRICA\"}','2026-02-03 23:35:19.862','2026-02-11 16:53:51.385'),(20,51,NULL,NULL,'CARTAO',16.17,'VENCIDO','2025-11-25 00:00:00.000',NULL,1,1,'{\"cartao_credito_key\":\"SANTANDER_FABRICA\"}','2026-02-03 23:35:47.200','2026-02-11 16:53:51.385'),(21,52,NULL,NULL,'CARTAO',25.00,'VENCIDO','2025-12-25 00:00:00.000',NULL,1,1,'{\"cartao_credito_key\":\"SANTANDER_FABRICA\"}','2026-02-03 23:36:27.527','2026-02-11 16:53:51.385'),(22,53,NULL,NULL,'CARTAO',20.00,'VENCIDO','2025-11-25 00:00:00.000',NULL,1,1,'{\"cartao_credito_key\":\"SANTANDER_FABRICA\"}','2026-02-03 23:38:04.485','2026-02-11 16:53:51.385'),(23,54,NULL,NULL,'CARTAO',20.00,'VENCIDO','2025-10-25 00:00:00.000',NULL,1,1,'{\"cartao_credito_key\":\"SANTANDER_FABRICA\"}','2026-02-03 23:40:03.289','2026-02-11 16:53:51.385'),(25,55,NULL,NULL,'CARTAO',50.00,'VENCIDO','2025-10-25 00:00:00.000',NULL,1,1,'{\"cartao_credito_key\":\"SANTANDER_FABRICA\"}','2026-02-03 23:43:09.129','2026-02-11 16:53:51.385'),(26,56,NULL,NULL,'CARTAO',20.00,'VENCIDO','2025-11-25 00:00:00.000',NULL,1,1,'{\"cartao_credito_key\":\"SANTANDER_FABRICA\"}','2026-02-03 23:45:26.589','2026-02-11 16:53:51.385'),(27,57,NULL,NULL,'CARTAO',50.00,'VENCIDO','2025-11-25 00:00:00.000',NULL,1,1,'{\"cartao_credito_key\":\"SANTANDER_FABRICA\"}','2026-02-03 23:46:02.071','2026-02-11 16:53:51.385'),(28,58,NULL,NULL,'CARTAO',150.00,'VENCIDO','2025-10-25 00:00:00.000',NULL,1,1,'{\"cartao_credito_key\":\"SANTANDER_FABRICA\"}','2026-02-03 23:46:34.380','2026-02-11 16:53:51.385'),(29,59,NULL,NULL,'CARTAO',15.93,'VENCIDO','2025-10-25 00:00:00.000',NULL,1,1,'{\"cartao_credito_key\":\"SANTANDER_FABRICA\"}','2026-02-03 23:47:10.494','2026-02-11 16:53:51.385'),(30,60,NULL,NULL,'CARTAO',16.46,'VENCIDO','2025-09-25 00:00:00.000',NULL,1,1,'{\"cartao_credito_key\":\"SANTANDER_FABRICA\"}','2026-02-03 23:50:14.719','2026-02-11 16:53:51.385'),(31,61,NULL,NULL,'CARTAO',50.00,'VENCIDO','2025-09-25 00:00:00.000',NULL,1,1,'{\"cartao_credito_key\":\"SANTANDER_FABRICA\"}','2026-02-03 23:53:20.524','2026-02-11 16:53:51.385'),(32,62,NULL,NULL,'CARTAO',200.00,'VENCIDO','2025-10-25 00:00:00.000',NULL,1,1,'{\"cartao_credito_key\":\"SANTANDER_FABRICA\"}','2026-02-03 23:54:00.175','2026-02-11 16:53:51.385'),(33,63,NULL,NULL,'CARTAO',30.00,'VENCIDO','2025-09-25 00:00:00.000',NULL,1,1,'{\"cartao_credito_key\":\"SANTANDER_FABRICA\"}','2026-02-03 23:55:27.693','2026-02-11 16:53:51.385'),(34,65,NULL,NULL,'CARTAO',30.00,'EM_ABERTO','2026-02-25 00:00:00.000',NULL,1,1,'{\"cartao_credito_key\":\"SANTANDER_FABRICA\"}','2026-02-04 20:31:24.122','2026-02-04 20:31:24.122'),(35,66,NULL,NULL,'CARTAO',200.00,'EM_ABERTO','2026-02-25 00:00:00.000',NULL,1,1,'{\"cartao_credito_key\":\"SANTANDER_FABRICA\"}','2026-02-05 13:39:38.533','2026-02-05 13:39:38.533'),(36,68,NULL,NULL,'CARTAO',193.60,'EM_ABERTO','2026-02-25 00:00:00.000',NULL,1,1,'{\"cartao_credito_key\":\"SANTANDER_FABRICA\"}','2026-02-08 14:10:28.720','2026-02-08 14:10:28.720');
/*!40000 ALTER TABLE `titulos_financeiros` ENABLE KEYS */;
UNLOCK TABLES;

--
-- Table structure for table `usuarios`
--

DROP TABLE IF EXISTS `usuarios`;
/*!40101 SET @saved_cs_client     = @@character_set_client */;
/*!40101 SET character_set_client = utf8mb4 */;
CREATE TABLE `usuarios` (
  `id` int(11) NOT NULL AUTO_INCREMENT,
  `nome` varchar(191) NOT NULL,
  `usuario` varchar(191) NOT NULL,
  `email` varchar(191) NOT NULL,
  `senha` varchar(191) NOT NULL,
  `status` varchar(191) NOT NULL,
  `criado_em` datetime(3) NOT NULL DEFAULT current_timestamp(3),
  `atualizado_em` datetime(3) NOT NULL,
  `funcionario_id` int(11) DEFAULT NULL,
  `is_admin` tinyint(1) NOT NULL DEFAULT 0,
  `cargo` varchar(191) DEFAULT NULL,
  PRIMARY KEY (`id`),
  UNIQUE KEY `usuarios_usuario_key` (`usuario`),
  UNIQUE KEY `usuarios_email_key` (`email`),
  UNIQUE KEY `usuarios_funcionario_id_key` (`funcionario_id`),
  CONSTRAINT `usuarios_funcionario_id_fkey` FOREIGN KEY (`funcionario_id`) REFERENCES `funcionarios` (`id`) ON DELETE SET NULL ON UPDATE CASCADE
) ENGINE=InnoDB AUTO_INCREMENT=31 DEFAULT CHARSET=utf8mb4 COLLATE=utf8mb4_unicode_ci;
/*!40101 SET character_set_client = @saved_cs_client */;

--
-- Dumping data for table `usuarios`
--

LOCK TABLES `usuarios` WRITE;
/*!40000 ALTER TABLE `usuarios` DISABLE KEYS */;
INSERT INTO `usuarios` VALUES (1,'Ana Paula Costa de Souza','Ana.P','ana.paulacosta01@hotmail.com','$2b$10$bObzOFH8Fvzw9EsG9KNJte/uzMXXV/CMFoQUeP3QGLKFn9sYkMYkq','ATIVO','2026-02-02 17:11:26.828','2026-02-26 12:59:39.615',NULL,1,NULL),(23,'JULYANA','julyana','niiinha.2017@gmail.com','$2b$10$a6M.1h9fv1FNHqyls9MNBeB4WT.0et6TajVnRMzYzf4P/QaPdhRqG','ATIVO','2026-02-13 20:44:33.328','2026-03-05 19:11:26.015',8,0,NULL),(24,'AMANDA PERES LUIZ','amanda','amandaperesmoveis@gmail.com','$2b$10$R0JeHqco54.0MB7wtZW2IumM6Aupb9eUR2g3MosT.3jwgQL.EEUR2','ATIVO','2026-02-20 13:05:44.235','2026-02-27 19:26:32.989',9,0,NULL),(30,'TESTE','teste','selene.carmo01@hotmail.com','$2b$10$RbwP2mtN1hEkjXxuorYQn.BnPl2uSybPLU7w0Tr3tMxgohLjkmo6m','ATIVO','2026-02-24 19:00:11.706','2026-02-26 13:02:22.075',11,0,NULL);
/*!40000 ALTER TABLE `usuarios` ENABLE KEYS */;
UNLOCK TABLES;

--
-- Table structure for table `usuarios_permissoes`
--

DROP TABLE IF EXISTS `usuarios_permissoes`;
/*!40101 SET @saved_cs_client     = @@character_set_client */;
/*!40101 SET character_set_client = utf8mb4 */;
CREATE TABLE `usuarios_permissoes` (
  `id` int(11) NOT NULL AUTO_INCREMENT,
  `usuario_id` int(11) NOT NULL,
  `permissao_id` int(11) NOT NULL,
  PRIMARY KEY (`id`),
  UNIQUE KEY `usuarios_permissoes_usuario_id_permissao_id_key` (`usuario_id`,`permissao_id`),
  KEY `usuarios_permissoes_usuario_id_idx` (`usuario_id`),
  KEY `usuarios_permissoes_permissao_id_idx` (`permissao_id`),
  CONSTRAINT `usuarios_permissoes_permissao_id_fkey` FOREIGN KEY (`permissao_id`) REFERENCES `permissoes` (`id`) ON DELETE CASCADE ON UPDATE CASCADE,
  CONSTRAINT `usuarios_permissoes_usuario_id_fkey` FOREIGN KEY (`usuario_id`) REFERENCES `usuarios` (`id`) ON DELETE CASCADE ON UPDATE CASCADE
) ENGINE=InnoDB AUTO_INCREMENT=1211 DEFAULT CHARSET=utf8mb4 COLLATE=utf8mb4_unicode_ci;
/*!40101 SET character_set_client = @saved_cs_client */;

--
-- Dumping data for table `usuarios_permissoes`
--

LOCK TABLES `usuarios_permissoes` WRITE;
/*!40000 ALTER TABLE `usuarios_permissoes` DISABLE KEYS */;
INSERT INTO `usuarios_permissoes` VALUES (1064,1,1),(1142,1,2),(1139,1,3),(1140,1,4),(1141,1,5),(1123,1,6),(1122,1,7),(1085,1,11),(1084,1,12),(1074,1,13),(1072,1,14),(1073,1,15),(1132,1,16),(1131,1,17),(1129,1,18),(1130,1,19),(1070,1,20),(1065,1,21),(1066,1,22),(1067,1,23),(1148,1,24),(1143,1,25),(1144,1,26),(1145,1,27),(1120,1,28),(1117,1,29),(1118,1,30),(1119,1,31),(1128,1,36),(1124,1,37),(1125,1,38),(1127,1,39),(1126,1,40),(1079,1,41),(1075,1,42),(1076,1,43),(1077,1,44),(1078,1,45),(1109,1,46),(1105,1,47),(1106,1,48),(1107,1,49),(1108,1,50),(1137,1,51),(1134,1,52),(1135,1,53),(1136,1,54),(1114,1,55),(1110,1,56),(1111,1,57),(1112,1,58),(1113,1,59),(1104,1,60),(1089,1,61),(1086,1,62),(1087,1,63),(1088,1,64),(1093,1,65),(1090,1,66),(1091,1,67),(1092,1,68),(1103,1,69),(1100,1,70),(1101,1,71),(1102,1,72),(1083,1,73),(1080,1,74),(1081,1,75),(1082,1,76),(1115,1,77),(1099,1,78),(1121,1,79),(1071,1,80),(1069,1,81),(1068,1,82),(1133,1,83),(1098,1,84),(1095,1,85),(1096,1,86),(1097,1,87),(1138,1,92),(1147,1,93),(1146,1,94),(1116,1,95),(1094,1,96),(766,23,1),(852,23,2),(849,23,3),(850,23,4),(851,23,5),(826,23,6),(825,23,7),(787,23,11),(786,23,12),(776,23,13),(774,23,14),(775,23,15),(835,23,16),(834,23,17),(832,23,18),(833,23,19),(772,23,20),(767,23,21),(768,23,22),(769,23,23),(856,23,24),(853,23,25),(854,23,26),(855,23,27),(823,23,28),(820,23,29),(821,23,30),(822,23,31),(831,23,36),(827,23,37),(828,23,38),(830,23,39),(829,23,40),(781,23,41),(777,23,42),(778,23,43),(779,23,44),(780,23,45),(810,23,46),(806,23,47),(807,23,48),(808,23,49),(809,23,50),(844,23,51),(841,23,52),(842,23,53),(843,23,54),(815,23,55),(811,23,56),(812,23,57),(813,23,58),(814,23,59),(805,23,60),(791,23,61),(788,23,62),(789,23,63),(790,23,64),(795,23,65),(792,23,66),(793,23,67),(794,23,68),(804,23,69),(801,23,70),(802,23,71),(803,23,72),(785,23,73),(782,23,74),(783,23,75),(784,23,76),(816,23,77),(800,23,78),(824,23,79),(773,23,80),(771,23,81),(770,23,82),(836,23,83),(799,23,84),(796,23,85),(797,23,86),(798,23,87),(1190,24,13),(1188,24,14),(1189,24,15),(1187,24,20),(1182,24,21),(1183,24,22),(1184,24,23),(1210,24,24),(1205,24,25),(1206,24,26),(1207,24,27),(1201,24,28),(1198,24,29),(1199,24,30),(1200,24,31),(1195,24,41),(1191,24,42),(1192,24,43),(1193,24,44),(1194,24,45),(1203,24,51),(1196,24,59),(1197,24,77),(1202,24,79),(1186,24,81),(1185,24,82),(1204,24,92),(1209,24,93),(1208,24,94),(1157,30,13),(1155,30,14),(1156,30,15),(1154,30,20),(1149,30,21),(1150,30,22),(1151,30,23),(1181,30,24),(1176,30,25),(1177,30,26),(1178,30,27),(1172,30,28),(1169,30,29),(1170,30,30),(1171,30,31),(1162,30,41),(1158,30,42),(1159,30,43),(1160,30,44),(1161,30,45),(1174,30,51),(1167,30,59),(1168,30,77),(1173,30,79),(1153,30,81),(1152,30,82),(1166,30,84),(1163,30,85),(1164,30,86),(1165,30,87),(1175,30,92),(1180,30,93),(1179,30,94);
/*!40000 ALTER TABLE `usuarios_permissoes` ENABLE KEYS */;
UNLOCK TABLES;

--
-- Table structure for table `vendas`
--

DROP TABLE IF EXISTS `vendas`;
/*!40101 SET @saved_cs_client     = @@character_set_client */;
/*!40101 SET character_set_client = utf8mb4 */;
CREATE TABLE `vendas` (
  `id` int(11) NOT NULL AUTO_INCREMENT,
  `cliente_id` int(11) NOT NULL,
  `orcamento_id` int(11) NOT NULL,
  `status` varchar(191) NOT NULL,
  `data_venda` datetime(3) NOT NULL DEFAULT current_timestamp(3),
  `valor_bruto` decimal(10,2) NOT NULL DEFAULT 0.00,
  `taxa_pagamento_percentual_aplicado` decimal(5,2) DEFAULT NULL,
  `valor_taxa_pagamento` decimal(10,2) NOT NULL DEFAULT 0.00,
  `taxa_nota_fiscal_percentual_aplicado` decimal(5,2) DEFAULT NULL,
  `valor_nota_fiscal` decimal(10,2) NOT NULL DEFAULT 0.00,
  `valor_total` decimal(10,2) NOT NULL DEFAULT 0.00,
  `criado_em` datetime(3) NOT NULL DEFAULT current_timestamp(3),
  `atualizado_em` datetime(3) NOT NULL,
  `valor_vendido` decimal(10,2) NOT NULL DEFAULT 0.00,
  `representante_venda_cpf` varchar(191) DEFAULT NULL,
  `representante_venda_nome` varchar(191) DEFAULT NULL,
  `representante_venda_rg` varchar(191) DEFAULT NULL,
  `representante_venda_usuario_id` int(11) DEFAULT NULL,
  `representante_venda_funcionario_id` int(11) DEFAULT NULL,
  `endereco_entrega` varchar(191) DEFAULT NULL,
  `representante_venda_2_nome` varchar(191) DEFAULT NULL,
  `representante_venda_2_cpf` varchar(191) DEFAULT NULL,
  `representante_venda_2_rg` varchar(191) DEFAULT NULL,
  `valor_base_contrato` decimal(10,2) DEFAULT NULL,
  `receber_no_ato_medicao` tinyint(1) NOT NULL DEFAULT 0,
  `vendedor_responsavel_id` int(11) DEFAULT NULL,
  PRIMARY KEY (`id`),
  UNIQUE KEY `vendas_orcamento_id_key` (`orcamento_id`),
  KEY `vendas_cliente_id_idx` (`cliente_id`),
  KEY `vendas_orcamento_id_idx` (`orcamento_id`),
  KEY `vendas_status_idx` (`status`),
  KEY `vendas_representante_venda_usuario_id_idx` (`representante_venda_usuario_id`),
  KEY `vendas_representante_venda_funcionario_id_idx` (`representante_venda_funcionario_id`),
  KEY `vendas_vendedor_responsavel_id_idx` (`vendedor_responsavel_id`),
  CONSTRAINT `vendas_cliente_id_fkey` FOREIGN KEY (`cliente_id`) REFERENCES `clientes` (`id`) ON UPDATE CASCADE,
  CONSTRAINT `vendas_orcamento_id_fkey` FOREIGN KEY (`orcamento_id`) REFERENCES `orcamentos` (`id`) ON UPDATE CASCADE,
  CONSTRAINT `vendas_representante_venda_funcionario_id_fkey` FOREIGN KEY (`representante_venda_funcionario_id`) REFERENCES `funcionarios` (`id`) ON DELETE SET NULL ON UPDATE CASCADE,
  CONSTRAINT `vendas_representante_venda_usuario_id_fkey` FOREIGN KEY (`representante_venda_usuario_id`) REFERENCES `usuarios` (`id`) ON DELETE SET NULL ON UPDATE CASCADE,
  CONSTRAINT `vendas_vendedor_responsavel_id_fkey` FOREIGN KEY (`vendedor_responsavel_id`) REFERENCES `funcionarios` (`id`) ON DELETE SET NULL ON UPDATE CASCADE
) ENGINE=InnoDB AUTO_INCREMENT=7 DEFAULT CHARSET=utf8mb4 COLLATE=utf8mb4_unicode_ci;
/*!40101 SET character_set_client = @saved_cs_client */;

--
-- Dumping data for table `vendas`
--

LOCK TABLES `vendas` WRITE;
/*!40000 ALTER TABLE `vendas` DISABLE KEYS */;
INSERT INTO `vendas` VALUES (3,2,4,'VENDA_FECHADA','2026-02-07 00:00:00.000',28750.00,3.65,1049.38,0.00,0.00,27700.62,'2026-02-10 19:14:56.651','2026-02-10 19:14:56.651',28750.00,NULL,NULL,NULL,NULL,NULL,NULL,NULL,NULL,NULL,NULL,0,NULL),(6,9,6,'VENDA_FECHADA','2026-02-26 00:00:00.000',6000.00,0.00,0.00,0.00,0.00,6000.00,'2026-02-26 14:05:30.915','2026-02-26 14:05:30.915',6000.00,'41141271869','ANA PAULA COSTA DE SOUZA','439216916',1,NULL,'JOSE GUERRA, 220, CRISTO, RIBEIRAO, SP',NULL,NULL,NULL,NULL,0,NULL);
/*!40000 ALTER TABLE `vendas` ENABLE KEYS */;
UNLOCK TABLES;

--
-- Table structure for table `vendas_comissoes`
--

DROP TABLE IF EXISTS `vendas_comissoes`;
/*!40101 SET @saved_cs_client     = @@character_set_client */;
/*!40101 SET character_set_client = utf8mb4 */;
CREATE TABLE `vendas_comissoes` (
  `id` int(11) NOT NULL AUTO_INCREMENT,
  `venda_id` int(11) NOT NULL,
  `tipo_comissao_chave` varchar(191) NOT NULL,
  `percentual_aplicado` decimal(5,2) NOT NULL,
  `valor_comissao` decimal(10,2) NOT NULL DEFAULT 0.00,
  `responsavel_nome` varchar(191) DEFAULT NULL,
  `criado_em` datetime(3) NOT NULL DEFAULT current_timestamp(3),
  `responsavel_usuario_id` int(11) DEFAULT NULL,
  `responsavel_funcionario_id` int(11) DEFAULT NULL,
  PRIMARY KEY (`id`),
  KEY `vendas_comissoes_venda_id_idx` (`venda_id`),
  KEY `vendas_comissoes_tipo_comissao_chave_idx` (`tipo_comissao_chave`),
  KEY `vendas_comissoes_responsavel_usuario_id_idx` (`responsavel_usuario_id`),
  KEY `vendas_comissoes_responsavel_funcionario_id_idx` (`responsavel_funcionario_id`),
  CONSTRAINT `vendas_comissoes_responsavel_funcionario_id_fkey` FOREIGN KEY (`responsavel_funcionario_id`) REFERENCES `funcionarios` (`id`) ON DELETE SET NULL ON UPDATE CASCADE,
  CONSTRAINT `vendas_comissoes_responsavel_usuario_id_fkey` FOREIGN KEY (`responsavel_usuario_id`) REFERENCES `usuarios` (`id`) ON DELETE SET NULL ON UPDATE CASCADE,
  CONSTRAINT `vendas_comissoes_venda_id_fkey` FOREIGN KEY (`venda_id`) REFERENCES `vendas` (`id`) ON DELETE CASCADE ON UPDATE CASCADE
) ENGINE=InnoDB AUTO_INCREMENT=5 DEFAULT CHARSET=utf8mb4 COLLATE=utf8mb4_unicode_ci;
/*!40101 SET character_set_client = @saved_cs_client */;

--
-- Dumping data for table `vendas_comissoes`
--

LOCK TABLES `vendas_comissoes` WRITE;
/*!40000 ALTER TABLE `vendas_comissoes` DISABLE KEYS */;
/*!40000 ALTER TABLE `vendas_comissoes` ENABLE KEYS */;
UNLOCK TABLES;

--
-- Table structure for table `vendas_formas_pagamento`
--

DROP TABLE IF EXISTS `vendas_formas_pagamento`;
/*!40101 SET @saved_cs_client     = @@character_set_client */;
/*!40101 SET character_set_client = utf8mb4 */;
CREATE TABLE `vendas_formas_pagamento` (
  `id` int(11) NOT NULL AUTO_INCREMENT,
  `venda_id` int(11) NOT NULL,
  `forma_pagamento_chave` varchar(191) NOT NULL,
  `valor_base` decimal(10,2) NOT NULL,
  `quantidade_parcelas` int(11) NOT NULL DEFAULT 1,
  `com_juros` tinyint(1) NOT NULL DEFAULT 0,
  `criado_em` datetime(3) NOT NULL DEFAULT current_timestamp(3),
  `atualizado_em` datetime(3) NOT NULL,
  PRIMARY KEY (`id`),
  KEY `vendas_formas_pagamento_venda_id_idx` (`venda_id`),
  CONSTRAINT `vendas_formas_pagamento_venda_id_fkey` FOREIGN KEY (`venda_id`) REFERENCES `vendas` (`id`) ON DELETE CASCADE ON UPDATE CASCADE
) ENGINE=InnoDB DEFAULT CHARSET=utf8mb4 COLLATE=utf8mb4_unicode_ci;
/*!40101 SET character_set_client = @saved_cs_client */;

--
-- Dumping data for table `vendas_formas_pagamento`
--

LOCK TABLES `vendas_formas_pagamento` WRITE;
/*!40000 ALTER TABLE `vendas_formas_pagamento` DISABLE KEYS */;
/*!40000 ALTER TABLE `vendas_formas_pagamento` ENABLE KEYS */;
UNLOCK TABLES;

--
-- Table structure for table `vendas_itens`
--

DROP TABLE IF EXISTS `vendas_itens`;
/*!40101 SET @saved_cs_client     = @@character_set_client */;
/*!40101 SET character_set_client = utf8mb4 */;
CREATE TABLE `vendas_itens` (
  `id` int(11) NOT NULL AUTO_INCREMENT,
  `venda_id` int(11) NOT NULL,
  `nome_ambiente` varchar(191) NOT NULL,
  `descricao` varchar(191) NOT NULL,
  `quantidade` decimal(10,2) NOT NULL DEFAULT 1.00,
  `valor_unitario` decimal(10,2) NOT NULL,
  `valor_total` decimal(10,2) NOT NULL,
  `criado_em` datetime(3) NOT NULL DEFAULT current_timestamp(3),
  `observacao` varchar(191) NOT NULL,
  PRIMARY KEY (`id`),
  KEY `vendas_itens_venda_id_idx` (`venda_id`),
  CONSTRAINT `vendas_itens_venda_id_fkey` FOREIGN KEY (`venda_id`) REFERENCES `vendas` (`id`) ON DELETE CASCADE ON UPDATE CASCADE
) ENGINE=InnoDB AUTO_INCREMENT=10 DEFAULT CHARSET=utf8mb4 COLLATE=utf8mb4_unicode_ci;
/*!40101 SET character_set_client = @saved_cs_client */;

--
-- Dumping data for table `vendas_itens`
--

LOCK TABLES `vendas_itens` WRITE;
/*!40000 ALTER TABLE `vendas_itens` DISABLE KEYS */;
INSERT INTO `vendas_itens` VALUES (4,3,'COZINHA','interno em MDF Branco TX, \nexterno Gianduia Trama Duratex\nExterno Itapuã Linha Essencial Duratex',1.00,17200.00,17200.00,'2026-02-10 19:14:56.664',''),(5,3,'DORMITÓRIO','Interno em MDF Branxo TX, externo em MDF Gianduia \n\n',1.00,8700.00,8700.00,'2026-02-10 19:14:56.664',''),(6,3,'WC SOCIAL','•	Armário inferior  com 2 portas de giro  \n•	Armário superior com 2 portas de giro em espelho \n\n\n',1.00,2850.00,2850.00,'2026-02-10 19:14:56.664',''),(9,6,'SALA','branco tx \ncinza \nazul ',1.00,6000.00,6000.00,'2026-02-26 14:05:30.921','');
/*!40000 ALTER TABLE `vendas_itens` ENABLE KEYS */;
UNLOCK TABLES;

--
-- Table structure for table `vendas_pagamentos`
--

DROP TABLE IF EXISTS `vendas_pagamentos`;
/*!40101 SET @saved_cs_client     = @@character_set_client */;
/*!40101 SET character_set_client = utf8mb4 */;
CREATE TABLE `vendas_pagamentos` (
  `id` int(11) NOT NULL AUTO_INCREMENT,
  `venda_id` int(11) NOT NULL,
  `forma_pagamento_chave` varchar(191) NOT NULL,
  `valor` decimal(10,2) NOT NULL DEFAULT 0.00,
  `data_prevista_recebimento` datetime(3) DEFAULT NULL,
  `data_recebimento` datetime(3) DEFAULT NULL,
  `status_financeiro_chave` varchar(191) NOT NULL DEFAULT 'EM_ABERTO',
  `criado_em` datetime(3) NOT NULL DEFAULT current_timestamp(3),
  `atualizado_em` datetime(3) NOT NULL,
  PRIMARY KEY (`id`),
  KEY `vendas_pagamentos_venda_id_idx` (`venda_id`),
  KEY `vendas_pagamentos_forma_pagamento_chave_idx` (`forma_pagamento_chave`),
  KEY `vendas_pagamentos_status_financeiro_chave_idx` (`status_financeiro_chave`),
  CONSTRAINT `vendas_pagamentos_venda_id_fkey` FOREIGN KEY (`venda_id`) REFERENCES `vendas` (`id`) ON DELETE CASCADE ON UPDATE CASCADE
) ENGINE=InnoDB AUTO_INCREMENT=28 DEFAULT CHARSET=utf8mb4 COLLATE=utf8mb4_unicode_ci;
/*!40101 SET character_set_client = @saved_cs_client */;

--
-- Dumping data for table `vendas_pagamentos`
--

LOCK TABLES `vendas_pagamentos` WRITE;
/*!40000 ALTER TABLE `vendas_pagamentos` DISABLE KEYS */;
INSERT INTO `vendas_pagamentos` VALUES (3,3,'PIX',15000.00,'2026-02-10 00:00:00.000','2026-02-10 00:00:00.000','EM_ABERTO','2026-02-10 19:14:56.669','2026-02-10 19:14:56.669'),(4,3,'PIX',2500.00,'2026-03-06 00:00:00.000',NULL,'EM_ABERTO','2026-02-10 19:14:56.669','2026-02-10 19:14:56.669'),(5,3,'PIX',2500.00,'2026-04-06 00:00:00.000',NULL,'EM_ABERTO','2026-02-10 19:14:56.669','2026-02-10 19:14:56.669'),(6,3,'CREDITO',8750.00,'2026-05-06 00:00:00.000',NULL,'EM_ABERTO','2026-02-10 19:14:56.669','2026-02-10 19:14:56.669'),(27,6,'',6000.00,NULL,NULL,'EM_ABERTO','2026-02-26 14:05:30.923','2026-02-26 14:05:30.923');
/*!40000 ALTER TABLE `vendas_pagamentos` ENABLE KEYS */;
UNLOCK TABLES;
/*!40103 SET TIME_ZONE=@OLD_TIME_ZONE */;

/*!40101 SET SQL_MODE=@OLD_SQL_MODE */;
/*!40014 SET FOREIGN_KEY_CHECKS=@OLD_FOREIGN_KEY_CHECKS */;
/*!40014 SET UNIQUE_CHECKS=@OLD_UNIQUE_CHECKS */;
/*!40101 SET CHARACTER_SET_CLIENT=@OLD_CHARACTER_SET_CLIENT */;
/*!40101 SET CHARACTER_SET_RESULTS=@OLD_CHARACTER_SET_RESULTS */;
/*!40101 SET COLLATION_CONNECTION=@OLD_COLLATION_CONNECTION */;
/*!40111 SET SQL_NOTES=@OLD_SQL_NOTES */;

-- Dump completed on 2026-03-09 16:09:55
